INEX_LD-2009022	<dbpedia:Sichuan_cuisine>	1.3793420791625977
INEX_LD-2009022	<dbpedia:Peter_Chang_(chef)>	1.198181390762329
INEX_LD-2009022	<dbpedia:Wazwan>	1.1087836027145386
INEX_LD-2009022	<dbpedia:Szałot>	0.9865766763687134
INEX_LD-2009022	<dbpedia:Hungarian_cuisine>	0.967168927192688
INEX_LD-2009022	<dbpedia:Tekwan>	0.9495208859443665
INEX_LD-2009022	<dbpedia:Bryndzové_halušky>	0.9185465574264526
INEX_LD-2009022	<dbpedia:Wodzionka>	0.8688238859176636
INEX_LD-2009022	<dbpedia:Funšterc>	0.8282373547554016
INEX_LD-2009022	<dbpedia:Goulash>	0.8161332011222839
INEX_LD-2009039	<dbpedia:Ancient_Roman_architecture>	2.252321720123291
INEX_LD-2009039	<dbpedia:Architecture_of_Rome>	2.214961528778076
INEX_LD-2009039	<dbpedia:De_architectura>	2.1828079223632812
INEX_LD-2009039	<dbpedia:Roman_Architectural_Revolution>	2.151366949081421
INEX_LD-2009039	<dbpedia:Outline_of_classical_architecture>	1.9902139902114868
INEX_LD-2009039	<dbpedia:Roman_temple>	1.9753544330596924
INEX_LD-2009039	<dbpedia:Roman_engineering>	1.8464574813842773
INEX_LD-2009039	<dbpedia:Roman_theatre_(structure)>	1.7998781204223633
INEX_LD-2009039	<dbpedia:Domvs_Romana>	1.6670265197753906
INEX_LD-2009039	<dbpedia:Porticus_Octaviae>	1.5614545345306396
INEX_LD-2009053	<dbpedia:Sisu_SA-240>	1.1006405353546143
INEX_LD-2009053	<dbpedia:Sisu_Auto>	1.0672385692596436
INEX_LD-2009053	<dbpedia:Sisu_S-21>	1.0200499296188354
INEX_LD-2009053	<dbpedia:Sisu_KB-45>	1.0147498846054077
INEX_LD-2009053	<dbpedia:Valmet_Automotive>	0.930285632610321
INEX_LD-2009053	<dbpedia:Saab_90>	0.8912456035614014
INEX_LD-2009053	<dbpedia:Saab_Automobile>	0.8749199509620667
INEX_LD-2009053	<dbpedia:Saab_9-3>	0.8401784896850586
INEX_LD-2009053	<dbpedia:Saab_Group>	0.8342267870903015
INEX_LD-2009053	<dbpedia:Saab_9000>	0.8094303607940674
INEX_LD-2009061	<dbpedia:Normandy_American_Cemetery_and_Memorial>	1.512308955192566
INEX_LD-2009061	<dbpedia:Battle_for_Caen>	1.4986259937286377
INEX_LD-2009061	<dbpedia:Battle_of_Villers-Bocage>	1.4972362518310547
INEX_LD-2009061	<dbpedia:Falaise_pocket>	1.4889492988586426
INEX_LD-2009061	<dbpedia:Battle_of_Carentan>	1.4793909788131714
INEX_LD-2009061	<dbpedia:Normandy_Campaign>	1.4680235385894775
INEX_LD-2009061	<dbpedia:Écouché_in_the_Second_World_War>	1.4569108486175537
INEX_LD-2009061	<dbpedia:Norman_Cota>	1.3348668813705444
INEX_LD-2009061	<dbpedia:Normandy_(French_region)>	1.3233016729354858
INEX_LD-2009061	<dbpedia:List_of_Allied_forces_in_the_Normandy_Campaign>	1.3068673610687256
INEX_LD-2009062	<dbpedia:Social_seating>	1.4204177856445312
INEX_LD-2009062	<dbpedia:Group_(online_social_networking)>	1.3609896898269653
INEX_LD-2009062	<dbpedia:Cultural_group_selection>	1.2755411863327026
INEX_LD-2009062	<dbpedia:Group_Selection_(book)>	1.2702865600585938
INEX_LD-2009062	<dbpedia:Social_purchasing_network>	1.2276420593261719
INEX_LD-2009062	<dbpedia:Social_network_aggregation>	1.2197859287261963
INEX_LD-2009062	<dbpedia:Grouper_social_club>	1.0950748920440674
INEX_LD-2009062	<dbpedia:Social_network_automation>	1.060933232307434
INEX_LD-2009062	<dbpedia:Social_circle>	1.0557690858840942
INEX_LD-2009062	<dbpedia:Peer_group>	0.973665177822113
INEX_LD-2009063	<dbpedia:Invasion_of_Normandy>	1.7593506574630737
INEX_LD-2009063	<dbpedia:Normandy_landings>	1.7566992044448853
INEX_LD-2009063	<dbpedia:Operation_Overlord>	1.692293405532837
INEX_LD-2009063	<dbpedia:American_airborne_landings_in_Normandy>	1.6717476844787598
INEX_LD-2009063	<dbpedia:D-Day_(military_term)>	1.5931880474090576
INEX_LD-2009063	<dbpedia:D-Day_-1>	1.5417866706848145
INEX_LD-2009063	<dbpedia:The_Longest_Day_(book)>	1.538621187210083
INEX_LD-2009063	<dbpedia:Normandy_Campaign>	1.486716628074646
INEX_LD-2009063	<dbpedia:D-Day:_The_Great_Crusade>	1.4375488758087158
INEX_LD-2009063	<dbpedia:H-hour_(D-day)>	1.3829768896102905
INEX_LD-2009074	<dbpedia:PageRank>	1.4568424224853516
INEX_LD-2009074	<dbpedia:Rank_SIFT>	1.4239226579666138
INEX_LD-2009074	<dbpedia:HITS_algorithm>	1.416448712348938
INEX_LD-2009074	<dbpedia:Google_Panda>	1.365842580795288
INEX_LD-2009074	<dbpedia:Scoring_algorithm>	1.3310880661010742
INEX_LD-2009074	<dbpedia:FAROO>	1.3076978921890259
INEX_LD-2009074	<dbpedia:Ranker>	1.2672016620635986
INEX_LD-2009074	<dbpedia:TrueSkill>	1.2552615404129028
INEX_LD-2009074	<dbpedia:Visibility_Scorecard>	1.1949117183685303
INEX_LD-2009074	<dbpedia:Quality_Score>	1.0628412961959839
INEX_LD-2009115	<dbpedia:Virtual_museum>	2.404787063598633
INEX_LD-2009115	<dbpedia:Virtual_Museum_of_Canada>	2.239891767501831
INEX_LD-2009115	<dbpedia:Virtual_Museum_of_Computing>	2.238384246826172
INEX_LD-2009115	<dbpedia:Virtual_Museum_of_New_France>	2.206303119659424
INEX_LD-2009115	<dbpedia:Virtual_Library_museums_pages>	2.2037205696105957
INEX_LD-2009115	<dbpedia:Virtual_Globes_Museum>	2.1840665340423584
INEX_LD-2009115	<dbpedia:Virtual_Museum_of_Modern_Nigerian_Art>	2.086059093475342
INEX_LD-2009115	<dbpedia:Virtual_Collection_of_Masterpieces>	2.0025858879089355
INEX_LD-2009115	<dbpedia:Virtual_Museum_of_Protestantism>	1.9721568822860718
INEX_LD-2009115	<dbpedia:Virtual_Teaching_Collection>	1.9609512090682983
INEX_LD-2010004	<dbpedia:List_of_Indian_dishes>	2.152398109436035
INEX_LD-2010004	<dbpedia:Anglo-Indian_cuisine>	2.135704517364502
INEX_LD-2010004	<dbpedia:Indian_cuisine>	2.101365566253662
INEX_LD-2010004	<dbpedia:Indian_Singaporean_cuisine>	2.076760768890381
INEX_LD-2010004	<dbpedia:Indian_Chinese_cuisine>	2.0694916248321533
INEX_LD-2010004	<dbpedia:Pure_Indian_Foods>	2.0467772483825684
INEX_LD-2010004	<dbpedia:North_Indian_cuisine>	2.02970552444458
INEX_LD-2010004	<dbpedia:Indian_bread>	1.9961118698120117
INEX_LD-2010004	<dbpedia:Indian_dairy_products>	1.8663848638534546
INEX_LD-2010004	<dbpedia:Indian_omelette>	1.8123385906219482
INEX_LD-2010014	<dbpedia:Antonín_Dvořák_Museum>	2.095651626586914
INEX_LD-2010014	<dbpedia:Musical_Museum,_Brentford>	2.074446201324463
INEX_LD-2010014	<dbpedia:Carl_Nielsen_Museum>	2.0622661113739014
INEX_LD-2010014	<dbpedia:Museu_da_Música>	2.0049853324890137
INEX_LD-2010014	<dbpedia:House-Museum_of_Aram_Khachaturian>	2.0001327991485596
INEX_LD-2010014	<dbpedia:National_Music_Museum>	1.977657675743103
INEX_LD-2010014	<dbpedia:Virginia_Musical_Museum>	1.9529918432235718
INEX_LD-2010014	<dbpedia:Museum_of_Making_Music>	1.9313586950302124
INEX_LD-2010014	<dbpedia:International_Museum_and_Library_of_Music_of_Bologna>	1.9310821294784546
INEX_LD-2010014	<dbpedia:Music_Museum_of_Macedonia>	1.878210425376892
INEX_LD-2010019	<dbpedia:Arènes_de_Lutèce>	1.4879095554351807
INEX_LD-2010019	<dbpedia:Vesunna_Gallo-Roman_Museum>	1.4580967426300049
INEX_LD-2010019	<dbpedia:Gallo-Roman_Museum,_Lyon>	1.4192748069763184
INEX_LD-2010019	<dbpedia:Gallo-Roman_Museum,_Tongeren>	1.407238245010376
INEX_LD-2010019	<dbpedia:Roman-Gaul_Baths_of_Entrammes>	1.3353878259658813
INEX_LD-2010019	<dbpedia:Jean-Pierre_Adam>	1.2494444847106934
INEX_LD-2010019	<dbpedia:Le_Marais>	1.156592845916748
INEX_LD-2010019	<dbpedia:Carré_d'Art>	1.1137418746948242
INEX_LD-2010019	<dbpedia:Maison_Carrée>	1.0942884683609009
INEX_LD-2010019	<dbpedia:Notre-Dame_de_la_Daurade>	1.0718663930892944
INEX_LD-2010020	<dbpedia:Electricity_sector_in_France>	1.8539875745773315
INEX_LD-2010020	<dbpedia:Électricité_de_France>	1.8530343770980835
INEX_LD-2010020	<dbpedia:Wind_power_in_France>	1.7796636819839478
INEX_LD-2010020	<dbpedia:Energy_in_France>	1.7023712396621704
INEX_LD-2010020	<dbpedia:Cordemais_Power_Station>	1.6876131296157837
INEX_LD-2010020	<dbpedia:Nuclear_power_in_France>	1.6838266849517822
INEX_LD-2010020	<dbpedia:Solar_power_in_France>	1.633026361465454
INEX_LD-2010020	<dbpedia:List_of_French_electric_utilities>	1.592583417892456
INEX_LD-2010020	<dbpedia:La_Coche_Power_Station>	1.4743682146072388
INEX_LD-2010020	<dbpedia:Energy_in_Senegal>	1.457092046737671
INEX_LD-2010037	<dbpedia:Gnip>	1.6367602348327637
INEX_LD-2010037	<dbpedia:Social_network_aggregation>	1.5030220746994019
INEX_LD-2010037	<dbpedia:Social_network_automation>	1.4850612878799438
INEX_LD-2010037	<dbpedia:New_API>	1.4736160039901733
INEX_LD-2010037	<dbpedia:Social_mobile_application>	1.44629967212677
INEX_LD-2010037	<dbpedia:The_Social_Network_(soundtrack)>	1.4003801345825195
INEX_LD-2010037	<dbpedia:Socialwok>	1.3801161050796509
INEX_LD-2010037	<dbpedia:GNU_social>	1.3788681030273438
INEX_LD-2010037	<dbpedia:Pump.io>	1.3074549436569214
INEX_LD-2010037	<dbpedia:Social_VPN>	1.288261890411377
INEX_LD-2010043	<dbpedia:List_of_films_influenced_by_the_Surrealist_movement>	0.9467971324920654
INEX_LD-2010043	<dbpedia:Surrealist_cinema>	0.9434575438499451
INEX_LD-2010043	<dbpedia:List_of_avant-garde_films>	0.9404960870742798
INEX_LD-2010043	<dbpedia:Anemic_Cinema>	0.8958989977836609
INEX_LD-2010043	<dbpedia:List_of_Surrealist_poets>	0.8659490942955017
INEX_LD-2010043	<dbpedia:List_of_avant-garde_films_of_the_1960s:_1960–1964>	0.8391664624214172
INEX_LD-2010043	<dbpedia:Impressions_de_la_Haute_Mongolie>	0.8061400055885315
INEX_LD-2010043	<dbpedia:Top_lista_nadrealista>	0.8058438897132874
INEX_LD-2010043	<dbpedia:Absurda>	0.7420539855957031
INEX_LD-2010043	<dbpedia:List_of_films_featuring_hallucinogens>	0.6556420922279358
INEX_LD-2010057	<dbpedia:Theory_of_relativity>	1.993941307067871
INEX_LD-2010057	<dbpedia:History_of_loop_quantum_gravity>	1.9802155494689941
INEX_LD-2010057	<dbpedia:Einstein–Cartan_theory>	1.9787667989730835
INEX_LD-2010057	<dbpedia:Einstein_aether_theory>	1.9528303146362305
INEX_LD-2010057	<dbpedia:The_Einstein_Theory_of_Relativity>	1.934694766998291
INEX_LD-2010057	<dbpedia:Einstein–Cartan–Evans_theory>	1.9021021127700806
INEX_LD-2010057	<dbpedia:Relativity_priority_dispute>	1.8248300552368164
INEX_LD-2010057	<dbpedia:Special_relativity_(alternative_formulations)>	1.7675676345825195
INEX_LD-2010057	<dbpedia:Weyl_curvature_hypothesis>	1.7009903192520142
INEX_LD-2010057	<dbpedia:Criticism_of_the_theory_of_relativity>	1.6930814981460571
INEX_LD-2010069	<dbpedia:List_of_early_summer_flowers>	2.232973575592041
INEX_LD-2010069	<dbpedia:Flowers_(Ace_of_Base_album)>	1.9689775705337524
INEX_LD-2010069	<dbpedia:Corymbia_'Summer_Red'>	1.898463487625122
INEX_LD-2010069	<dbpedia:Silene_stellata>	1.8776633739471436
INEX_LD-2010069	<dbpedia:Summerhayesia>	1.7655055522918701
INEX_LD-2010069	<dbpedia:Buddleja_'Summer_Rose'>	1.701930046081543
INEX_LD-2010069	<dbpedia:Spiranthes_aestivalis>	1.6577106714248657
INEX_LD-2010069	<dbpedia:Buddleja_'Summer_Beauty'>	1.6160837411880493
INEX_LD-2010069	<dbpedia:Aechmea_'Summerland'>	1.5412622690200806
INEX_LD-2010069	<dbpedia:Buddleja_'Summer_Frost'>	1.5288232564926147
INEX_LD-2010100	<dbpedia:J._A._Wood_House>	1.79714834690094
INEX_LD-2010100	<dbpedia:Mesa_House>	1.6757469177246094
INEX_LD-2010100	<dbpedia:Wood_Freeman_House_No._1>	1.6659401655197144
INEX_LD-2010100	<dbpedia:Wood_Freeman_House_No._2>	1.6548250913619995
INEX_LD-2010100	<dbpedia:Wood-Harrison_House>	1.5954251289367676
INEX_LD-2010100	<dbpedia:House_at_712_N._Mill_Street>	1.5326405763626099
INEX_LD-2010100	<dbpedia:House_at_130_Mohegan_Avenue>	1.3770265579223633
INEX_LD-2010100	<dbpedia:Charles_Macdonald_Concrete_House_Museum>	1.3406625986099243
INEX_LD-2010100	<dbpedia:Airey_house>	1.2599011659622192
INEX_LD-2010100	<dbpedia:Concrete_furniture>	0.9373258948326111
INEX_LD-2010106	<dbpedia:Organic_food>	1.2478787899017334
INEX_LD-2010106	<dbpedia:Index_of_organic_food_articles>	1.1357734203338623
INEX_LD-2010106	<dbpedia:Metabolic_advantage>	1.083946943283081
INEX_LD-2010106	<dbpedia:Organic_farming_and_biodiversity>	1.080716848373413
INEX_LD-2010106	<dbpedia:Organic_product>	1.0067672729492188
INEX_LD-2010106	<dbpedia:Organic_farming>	0.9973185658454895
INEX_LD-2010106	<dbpedia:Organic_beef>	0.9614081382751465
INEX_LD-2010106	<dbpedia:Organic_farming_by_country>	0.9476686716079712
INEX_LD-2010106	<dbpedia:Korean_natural_farming>	0.8998966217041016
INEX_LD-2010106	<dbpedia:History_of_organic_farming>	0.8030311465263367
INEX_LD-20120111	<dbpedia:Vietnam_War_Story_II>	2.000338554382324
INEX_LD-20120111	<dbpedia:Vietnam!_Vietnam!>	1.9898334741592407
INEX_LD-20120111	<dbpedia:17th_Parallel:_Vietnam_in_War>	1.9601231813430786
INEX_LD-20120111	<dbpedia:Operation_Warzone>	1.9448341131210327
INEX_LD-20120111	<dbpedia:The_Boys_in_Company_C>	1.9145641326904297
INEX_LD-20120111	<dbpedia:Good_Morning,_Vietnam>	1.8962326049804688
INEX_LD-20120111	<dbpedia:Vietnam_War_in_film>	1.778153419494629
INEX_LD-20120111	<dbpedia:Vietnam_(miniseries)>	1.7694565057754517
INEX_LD-20120111	<dbpedia:A_Face_of_War>	1.7333320379257202
INEX_LD-20120111	<dbpedia:Vietnam:_The_Camera_At_War>	1.6601243019104004
INEX_LD-20120121	<dbpedia:Vietnamese_cuisine>	2.0004899501800537
INEX_LD-20120121	<dbpedia:Vietnamese_noodles>	1.8598337173461914
INEX_LD-20120121	<dbpedia:Bánh_bột_chiên>	1.8428674936294556
INEX_LD-20120121	<dbpedia:Gỏi_cuốn>	1.7953282594680786
INEX_LD-20120121	<dbpedia:List_of_Vietnamese_dishes>	1.7407441139221191
INEX_LD-20120121	<dbpedia:Canh_chua>	1.7248830795288086
INEX_LD-20120121	<dbpedia:Bánh_hỏi>	1.7063064575195312
INEX_LD-20120121	<dbpedia:List_of_Vietnamese_ingredients>	1.6834090948104858
INEX_LD-20120121	<dbpedia:Bánh>	1.664534568786621
INEX_LD-20120121	<dbpedia:Bánh_cốm>	1.6526250839233398
INEX_LD-20120122	<dbpedia:Bánh_cốm>	1.412856101989746
INEX_LD-20120122	<dbpedia:Gỏi_cuốn>	1.4081230163574219
INEX_LD-20120122	<dbpedia:Cốm>	1.389187216758728
INEX_LD-20120122	<dbpedia:Vietnamese_cuisine>	1.3708924055099487
INEX_LD-20120122	<dbpedia:Luke_Nguyen's_Vietnam>	1.3325716257095337
INEX_LD-20120122	<dbpedia:Bánh>	1.322925090789795
INEX_LD-20120122	<dbpedia:Vietnamese_noodles>	1.3114928007125854
INEX_LD-20120122	<dbpedia:Vietnamese_eggplant>	1.2802021503448486
INEX_LD-20120122	<dbpedia:List_of_Vietnamese_dishes>	1.2357784509658813
INEX_LD-20120122	<dbpedia:List_of_Vietnamese_ingredients>	1.2021349668502808
INEX_LD-20120131	<dbpedia:Lò_Gò-Xa_Mát_National_Park>	1.6876949071884155
INEX_LD-20120131	<dbpedia:Lower_U_Minh_National_Park>	1.6871129274368286
INEX_LD-20120131	<dbpedia:Cúc_Phương_National_Park>	1.651438593864441
INEX_LD-20120131	<dbpedia:Bù_Gia_Mập_National_Park>	1.627938985824585
INEX_LD-20120131	<dbpedia:Xuân_Sơn_National_Park>	1.6212238073349
INEX_LD-20120131	<dbpedia:Bidoup_Núi_Bà_National_Park>	1.6193983554840088
INEX_LD-20120131	<dbpedia:Xuân_Thủy_National_Park>	1.6155916452407837
INEX_LD-20120131	<dbpedia:Bạch_Mã_National_Park>	1.6105458736419678
INEX_LD-20120131	<dbpedia:List_of_national_parks_of_Vietnam>	1.5900167226791382
INEX_LD-20120131	<dbpedia:Phong_Nha-Kẻ_Bàng_National_Park>	1.546788215637207
INEX_LD-20120211	<dbpedia:C_tuning_(guitar)>	2.02774977684021
INEX_LD-20120211	<dbpedia:B♭_tuning>	2.0265214443206787
INEX_LD-20120211	<dbpedia:E♭_tuning>	2.026162624359131
INEX_LD-20120211	<dbpedia:Open_C_tuning>	2.02066707611084
INEX_LD-20120211	<dbpedia:D♭_tuning>	1.9861398935317993
INEX_LD-20120211	<dbpedia:Open_B_tuning>	1.9835262298583984
INEX_LD-20120211	<dbpedia:Guitar_tunings>	1.9546090364456177
INEX_LD-20120211	<dbpedia:B_tuning>	1.9440025091171265
INEX_LD-20120211	<dbpedia:Universal_tuning>	1.8992582559585571
INEX_LD-20120211	<dbpedia:Guitar_chord>	1.7585691213607788
INEX_LD-20120221	<dbpedia:Flamenco_guitar>	1.8322675228118896
INEX_LD-20120221	<dbpedia:Juan_Miguel_Carmona>	1.6961220502853394
INEX_LD-20120221	<dbpedia:Spanish_guitar>	1.6789785623550415
INEX_LD-20120221	<dbpedia:Lester_DeVoe>	1.6310746669769287
INEX_LD-20120221	<dbpedia:Ronald_Radford>	1.5860021114349365
INEX_LD-20120221	<dbpedia:Dos_guitarras_flamencas>	1.5803024768829346
INEX_LD-20120221	<dbpedia:New_Flamenco>	1.5461081266403198
INEX_LD-20120221	<dbpedia:Classical_guitar>	1.4950182437896729
INEX_LD-20120221	<dbpedia:Bibliography_of_classical_guitar>	1.4870790243148804
INEX_LD-20120221	<dbpedia:Ten-string_classical_guitar_of_Yepes>	1.3348853588104248
INEX_LD-20120231	<dbpedia:Russian_guitar>	1.960296630859375
INEX_LD-20120231	<dbpedia:Oleg_Timofeyev>	1.8424137830734253
INEX_LD-20120231	<dbpedia:Andrei_Sychra>	1.8075593709945679
INEX_LD-20120231	<dbpedia:Ivan_Nikolayevich_Smirnov>	1.7434290647506714
INEX_LD-20120231	<dbpedia:Anastasia_Bardina>	1.7183294296264648
INEX_LD-20120231	<dbpedia:Sasha_Kolpakov>	1.694126009941101
INEX_LD-20120231	<dbpedia:Poyushchiye_Gitary>	1.6790924072265625
INEX_LD-20120231	<dbpedia:Gusli>	1.551711916923523
INEX_LD-20120231	<dbpedia:Mashina_Vremeni>	1.310977816581726
INEX_LD-20120231	<dbpedia:Kalinov_Most>	1.2747478485107422
INEX_LD-20120232	<dbpedia:British_blues>	1.8319683074951172
INEX_LD-20120232	<dbpedia:Green_Guitar_Blues>	1.7666536569595337
INEX_LD-20120232	<dbpedia:Electric_blues>	1.76027250289917
INEX_LD-20120232	<dbpedia:List_of_Chicago_blues_musicians>	1.7405296564102173
INEX_LD-20120232	<dbpedia:Saint_Blues_Guitar_Workshop>	1.7367682456970215
INEX_LD-20120232	<dbpedia:Delta_blues>	1.721215844154358
INEX_LD-20120232	<dbpedia:Fender_Blues_Junior>	1.6281756162643433
INEX_LD-20120232	<dbpedia:Blues>	1.6069717407226562
INEX_LD-20120232	<dbpedia:Peavey_Delta_Blues_115>	1.6054105758666992
INEX_LD-20120232	<dbpedia:Origins_of_the_blues>	1.568640112876892
INEX_LD-20120311	<dbpedia:Academia_El_Tango_Argentino>	1.9470402002334595
INEX_LD-20120311	<dbpedia:The_Tango_Lesson>	1.9322994947433472
INEX_LD-20120311	<dbpedia:Tango_(1993_film)>	1.9228081703186035
INEX_LD-20120311	<dbpedia:The_Soul_of_a_Tango>	1.9152928590774536
INEX_LD-20120311	<dbpedia:Una_Historia_de_tango>	1.9026241302490234
INEX_LD-20120311	<dbpedia:Tango_(1998_film)>	1.895607590675354
INEX_LD-20120311	<dbpedia:Tango_Feroz>	1.8921297788619995
INEX_LD-20120311	<dbpedia:Tango_Bar>	1.8743637800216675
INEX_LD-20120311	<dbpedia:Tango_&_Cash>	1.8608245849609375
INEX_LD-20120311	<dbpedia:12_Tangos>	1.827457070350647
INEX_LD-20120312	<dbpedia:Tango_music>	1.6966309547424316
INEX_LD-20120312	<dbpedia:Uruguayan_tango>	1.6884807348251343
INEX_LD-20120312	<dbpedia:History_of_the_tango>	1.6581183671951294
INEX_LD-20120312	<dbpedia:Tango>	1.6336685419082642
INEX_LD-20120312	<dbpedia:Argentine_tango>	1.6281728744506836
INEX_LD-20120312	<dbpedia:Academia_Nacional_del_Tango_de_la_República_Argentina>	1.511745810508728
INEX_LD-20120312	<dbpedia:Turkish_tango_music>	1.490443229675293
INEX_LD-20120312	<dbpedia:Tango-Amanohashidate-Ōeyama_Quasi-National_Park>	1.462891936302185
INEX_LD-20120312	<dbpedia:Finnish_tango>	1.3900394439697266
INEX_LD-20120312	<dbpedia:Tango_(mythology)>	1.3216907978057861
INEX_LD-20120321	<dbpedia:Tango_(Stravinsky)>	1.987532615661621
INEX_LD-20120321	<dbpedia:Histoire_du_Tango>	1.9685367345809937
INEX_LD-20120321	<dbpedia:Mariano_Mores>	1.8965377807617188
INEX_LD-20120321	<dbpedia:Manuel_Campoamor>	1.8773860931396484
INEX_LD-20120321	<dbpedia:Mario_Maurano>	1.8772515058517456
INEX_LD-20120321	<dbpedia:Pablo_Ziegler>	1.8593015670776367
INEX_LD-20120321	<dbpedia:Francisco_Lomuto>	1.85689115524292
INEX_LD-20120321	<dbpedia:Enrique_Santos_Discépolo>	1.8061169385910034
INEX_LD-20120321	<dbpedia:Carlos_Libedinsky>	1.7897206544876099
INEX_LD-20120321	<dbpedia:Carlos_Acuña>	1.77505362033844
INEX_LD-20120331	<dbpedia:Ballroom_tango>	1.9499508142471313
INEX_LD-20120331	<dbpedia:Tango_music>	1.8952001333236694
INEX_LD-20120331	<dbpedia:History_of_the_tango>	1.892452597618103
INEX_LD-20120331	<dbpedia:Milonguero_style>	1.8177496194839478
INEX_LD-20120331	<dbpedia:Argentine_tango>	1.8084958791732788
INEX_LD-20120331	<dbpedia:Tango_(flamenco)>	1.693332314491272
INEX_LD-20120331	<dbpedia:Tango>	1.6812318563461304
INEX_LD-20120331	<dbpedia:Tangolates>	1.6646366119384766
INEX_LD-20120331	<dbpedia:Finnish_tango>	1.6148215532302856
INEX_LD-20120331	<dbpedia:Milonga_(dance)>	1.5228209495544434
INEX_LD-20120332	<dbpedia:Una_Historia_de_tango>	1.982269287109375
INEX_LD-20120332	<dbpedia:Tango>	1.8655551671981812
INEX_LD-20120332	<dbpedia:Tango_(Balanchine)>	1.7662534713745117
INEX_LD-20120332	<dbpedia:History_of_the_tango>	1.7529655694961548
INEX_LD-20120332	<dbpedia:Argentine_tango>	1.7320719957351685
INEX_LD-20120332	<dbpedia:Histoire_du_Tango>	1.7124146223068237
INEX_LD-20120332	<dbpedia:Ballroom_tango>	1.6414837837219238
INEX_LD-20120332	<dbpedia:Antón_Gazenbeek>	1.6341266632080078
INEX_LD-20120332	<dbpedia:Historia_del_tango>	1.5984550714492798
INEX_LD-20120332	<dbpedia:Turkish_tango_music>	1.5876312255859375
INEX_LD-20120411	<dbpedia:Cycle_sport>	1.9758358001708984
INEX_LD-20120411	<dbpedia:Road_bicycle_racing>	1.9607138633728027
INEX_LD-20120411	<dbpedia:Racing_bicycle>	1.9213424921035767
INEX_LD-20120411	<dbpedia:Bicycle_Race>	1.872489333152771
INEX_LD-20120411	<dbpedia:Mountain_bike_racing>	1.868241786956787
INEX_LD-20120411	<dbpedia:Cycling_at_the_2000_Summer_Olympics>	1.8347043991088867
INEX_LD-20120411	<dbpedia:Cycling_at_the_Summer_Olympics>	1.8124175071716309
INEX_LD-20120411	<dbpedia:Rolling_Thunder_Cyclocross_Race>	1.8040708303451538
INEX_LD-20120411	<dbpedia:Race_Horizon_Park>	1.7719225883483887
INEX_LD-20120411	<dbpedia:6_Day_Race>	1.7360906600952148
INEX_LD-20120412	<dbpedia:Cycling_at_the_2000_Summer_Olympics>	1.9444031715393066
INEX_LD-20120412	<dbpedia:Cycle_sport>	1.7860941886901855
INEX_LD-20120412	<dbpedia:Bicycle_transportation_planning_and_engineering>	1.7834800481796265
INEX_LD-20120412	<dbpedia:Cycling_at_the_Summer_Universiade>	1.7657833099365234
INEX_LD-20120412	<dbpedia:Cycling_at_the_2016_Summer_Paralympics>	1.7446225881576538
INEX_LD-20120412	<dbpedia:Cross-country_cycling>	1.7345705032348633
INEX_LD-20120412	<dbpedia:Artistic_cycling>	1.5916900634765625
INEX_LD-20120412	<dbpedia:Road_cycling>	1.4792503118515015
INEX_LD-20120412	<dbpedia:Cycling_Sport>	1.4522753953933716
INEX_LD-20120412	<dbpedia:Cycle_ball>	1.4254611730575562
INEX_LD-20120421	<dbpedia:Cycling_demonstration_towns>	1.7756105661392212
INEX_LD-20120421	<dbpedia:BikeTown_Africa>	1.6986465454101562
INEX_LD-20120421	<dbpedia:Cape_Town_Cycle_Tour>	1.635358452796936
INEX_LD-20120421	<dbpedia:Eleven_Cities_Cycling_Tour>	1.604051947593689
INEX_LD-20120421	<dbpedia:Cycling_in_Munich>	1.5147819519042969
INEX_LD-20120421	<dbpedia:Bikecentennial>	1.463902473449707
INEX_LD-20120421	<dbpedia:Holiday_Park,_Germany>	1.0726039409637451
INEX_LD-20120421	<dbpedia:Landal_Greenparks>	0.9774639010429382
INEX_LD-20120421	<dbpedia:Les_Bois-Francs>	0.9266994595527649
INEX_LD-20120421	<dbpedia:Holiday_Villages_of_Landal_Greenparks>	0.8715649247169495
INEX_LD-20120422	<dbpedia:North_Star_Bicycle_Festival>	1.614290714263916
INEX_LD-20120422	<dbpedia:Clorophilla>	1.6090493202209473
INEX_LD-20120422	<dbpedia:Bike_Week_(Bicycle_Week)>	1.4193447828292847
INEX_LD-20120422	<dbpedia:Bike_Friday>	1.4101492166519165
INEX_LD-20120422	<dbpedia:Fietsvierdaagse>	1.397751808166504
INEX_LD-20120422	<dbpedia:BEE_Japan>	1.3933429718017578
INEX_LD-20120422	<dbpedia:Bikecentennial>	1.341731071472168
INEX_LD-20120422	<dbpedia:Tour_of_Nilgiris>	1.271645426750183
INEX_LD-20120422	<dbpedia:Cross_Country_Cycling_Classic>	1.217550277709961
INEX_LD-20120422	<dbpedia:LOTOJA>	1.1918798685073853
INEX_LD-20120431	<dbpedia:Bicycle_poverty_reduction>	1.5958400964736938
INEX_LD-20120431	<dbpedia:World_Bicycle_Relief>	1.5858656167984009
INEX_LD-20120431	<dbpedia:Bicycle-friendly>	1.5225733518600464
INEX_LD-20120431	<dbpedia:Cycle_to_Work_scheme>	1.4726437330245972
INEX_LD-20120431	<dbpedia:Atlanta_Bicycle_Coalition>	1.4498518705368042
INEX_LD-20120431	<dbpedia:Utility_bicycle>	1.3896926641464233
INEX_LD-20120431	<dbpedia:Bicycling_and_feminism>	1.2964140176773071
INEX_LD-20120431	<dbpedia:Bicycle_commuting>	1.2847598791122437
INEX_LD-20120431	<dbpedia:Utility_cycling>	1.2517714500427246
INEX_LD-20120431	<dbpedia:Cycling_in_Illinois>	1.1593503952026367
INEX_LD-20120511	<dbpedia:List_of_female_rock_singers>	1.9706687927246094
INEX_LD-20120511	<dbpedia:Wanda_Jackson>	1.8961175680160522
INEX_LD-20120511	<dbpedia:Magali_Luyten>	1.8733779191970825
INEX_LD-20120511	<dbpedia:List_of_female_heavy_metal_singers>	1.8278675079345703
INEX_LD-20120511	<dbpedia:Ann_Wilson>	1.8228679895401
INEX_LD-20120511	<dbpedia:Suzi_Quatro>	1.8155673742294312
INEX_LD-20120511	<dbpedia:Tishma>	1.788620114326477
INEX_LD-20120511	<dbpedia:ROCKRGRL>	1.7074912786483765
INEX_LD-20120511	<dbpedia:Grammy_Award_for_Best_Female_Rock_Vocal_Performance>	1.6875152587890625
INEX_LD-20120511	<dbpedia:Rock_Goddess>	1.5235732793807983
INEX_LD-20120512	<dbpedia:Girls'_Generation>	1.777521014213562
INEX_LD-20120512	<dbpedia:LPG_(South_Korean_band)>	1.752171277999878
INEX_LD-20120512	<dbpedia:Apink>	1.7327144145965576
INEX_LD-20120512	<dbpedia:Red_Velvet_(band)>	1.7224100828170776
INEX_LD-20120512	<dbpedia:Wonder_Girls>	1.7220607995986938
INEX_LD-20120512	<dbpedia:Brave_Girls>	1.7194740772247314
INEX_LD-20120512	<dbpedia:Girls'_Generation-TTS>	1.6909574270248413
INEX_LD-20120512	<dbpedia:Bob_Girls>	1.6755234003067017
INEX_LD-20120512	<dbpedia:List_of_South_Korean_idol_groups>	1.646272897720337
INEX_LD-20120512	<dbpedia:Korea_Girl>	1.5047482252120972
INEX_LD-20120521	<dbpedia:List_of_electronic_music_genres>	2.0855655670166016
INEX_LD-20120521	<dbpedia:Alternative_electronic>	1.9366302490234375
INEX_LD-20120521	<dbpedia:Electronic_dance_music>	1.931780219078064
INEX_LD-20120521	<dbpedia:List_of_Christian_dance,_electronic,_and_techno_artists>	1.8933075666427612
INEX_LD-20120521	<dbpedia:Electronicore>	1.8882890939712524
INEX_LD-20120521	<dbpedia:Electronica>	1.8818873167037964
INEX_LD-20120521	<dbpedia:Christian_electronic_dance_music>	1.852084755897522
INEX_LD-20120521	<dbpedia:German_electronic_music>	1.8204011917114258
INEX_LD-20120521	<dbpedia:Electro_(music)>	1.8020830154418945
INEX_LD-20120521	<dbpedia:Electronic_music>	1.756629467010498
INEX_LD-20120522	<dbpedia:DLS_format>	1.6055858135223389
INEX_LD-20120522	<dbpedia:Digital_sheet_music>	1.5604312419891357
INEX_LD-20120522	<dbpedia:MusicXML>	1.4679033756256104
INEX_LD-20120522	<dbpedia:List_of_Online_Digital_Musical_Document_Libraries>	1.386233925819397
INEX_LD-20120522	<dbpedia:GUIDO_music_notation>	1.281788945198059
INEX_LD-20120522	<dbpedia:Common_Music_Notation>	1.2730554342269897
INEX_LD-20120522	<dbpedia:Music_Works>	1.2458947896957397
INEX_LD-20120522	<dbpedia:Simplified_music_notation>	1.0471947193145752
INEX_LD-20120522	<dbpedia:Daseian_notation>	1.0277396440505981
INEX_LD-20120522	<dbpedia:Musical_notation>	1.0227993726730347
INEX_LD-20120531	<dbpedia:The_International_Music_Conference>	2.2911791801452637
INEX_LD-20120531	<dbpedia:MusicLearningLive>	2.2365431785583496
INEX_LD-20120531	<dbpedia:Winter_Music_Conference>	2.228738307952881
INEX_LD-20120531	<dbpedia:Millennium_Music_Conference>	2.209362745285034
INEX_LD-20120531	<dbpedia:International_Computer_Music_Conference>	2.2082366943359375
INEX_LD-20120531	<dbpedia:Americana_Music_Festival_&_Conference>	2.201305866241455
INEX_LD-20120531	<dbpedia:Musical_Arts_Conference>	2.14396333694458
INEX_LD-20120531	<dbpedia:International_Music_Summit>	2.1079354286193848
INEX_LD-20120531	<dbpedia:Midwest_Clinic>	2.107499361038208
INEX_LD-20120531	<dbpedia:Atlantis_Music_Conference>	2.0758602619171143
INEX_LD-20120532	<dbpedia:Intellectual_property_organization>	1.505757451057434
INEX_LD-20120532	<dbpedia:The_Intellectual_Property_Lawyers'_Organisation>	1.4706532955169678
INEX_LD-20120532	<dbpedia:Japan_Intellectual_Property_Association>	1.4060300588607788
INEX_LD-20120532	<dbpedia:International_Intellectual_Property_Alliance>	1.4026821851730347
INEX_LD-20120532	<dbpedia:Intellectual_Property_Committee>	1.3835210800170898
INEX_LD-20120532	<dbpedia:All_Party_Parliamentary_Intellectual_Property_Group>	1.3612970113754272
INEX_LD-20120532	<dbpedia:International_Association_for_the_Protection_of_Intellectual_Property>	1.3498557806015015
INEX_LD-20120532	<dbpedia:Intellectual_Property_Law_Association_of_Chicago>	1.3158032894134521
INEX_LD-20120532	<dbpedia:Intellectual_Property_Watch>	1.3158022165298462
INEX_LD-20120532	<dbpedia:Chicago_Intellectual_Property_Alliance>	1.2677353620529175
INEX_LD-2012301	<dbpedia:Niagara_River>	1.661599040031433
INEX_LD-2012301	<dbpedia:T_Lake_Falls>	1.5092343091964722
INEX_LD-2012301	<dbpedia:Niagara_Falls>	1.4619685411453247
INEX_LD-2012301	<dbpedia:Niagara_Falls,_Ontario>	1.456382393836975
INEX_LD-2012301	<dbpedia:Niagara_Whirlpool>	1.339866280555725
INEX_LD-2012301	<dbpedia:Niagara_Falls_State_Park>	1.3141772747039795
INEX_LD-2012301	<dbpedia:Horseshoe_Falls>	1.2916594743728638
INEX_LD-2012301	<dbpedia:Niagara_Falls_City_Hall>	1.270337462425232
INEX_LD-2012301	<dbpedia:Niagara_Falls,_from_the_American_Side>	1.2519773244857788
INEX_LD-2012301	<dbpedia:Table_Rock,_Niagara_Falls>	1.2143433094024658
INEX_LD-2012303	<dbpedia:Coccidioidomycosis>	1.491507649421692
INEX_LD-2012303	<dbpedia:Coccidioides>	1.4086602926254272
INEX_LD-2012303	<dbpedia:Arthroconidium>	1.2202709913253784
INEX_LD-2012303	<dbpedia:Rift_Valley_fever>	1.1103668212890625
INEX_LD-2012303	<dbpedia:Coccidioides_posadasii>	1.0753448009490967
INEX_LD-2012303	<dbpedia:Tularemia>	1.0655049085617065
INEX_LD-2012303	<dbpedia:Bayou_virus>	0.806192934513092
INEX_LD-2012303	<dbpedia:Yersinia_pseudotuberculosis>	0.7781857848167419
INEX_LD-2012303	<dbpedia:Bayoud_disease>	0.7471344470977783
INEX_LD-2012303	<dbpedia:Campylocarpon_pseudofasciculare>	0.6855754852294922
INEX_LD-2012305	<dbpedia:Green_River_(North_Dakota)>	0.6925396919250488
INEX_LD-2012305	<dbpedia:Red_River_of_the_North>	0.6775018572807312
INEX_LD-2012305	<dbpedia:Little_Muddy_Creek_(North_Dakota)>	0.654886782169342
INEX_LD-2012305	<dbpedia:Bois_de_Sioux_River>	0.648182213306427
INEX_LD-2012305	<dbpedia:Goose_River_(North_Dakota)>	0.6379213333129883
INEX_LD-2012305	<dbpedia:Wild_Rice_River_(North_Dakota)>	0.6323145031929016
INEX_LD-2012305	<dbpedia:Turtle_River_(North_Dakota)>	0.6306226849555969
INEX_LD-2012305	<dbpedia:Dark_River_(Minnesota)>	0.6019349694252014
INEX_LD-2012305	<dbpedia:Shallow_North_Dakota>	0.5526835322380066
INEX_LD-2012305	<dbpedia:Little_Missouri_River_(North_Dakota)>	0.5526182055473328
INEX_LD-2012309	<dbpedia:Johor_Bahru>	0.7779669761657715
INEX_LD-2012309	<dbpedia:Malaysian_Chinese>	0.7485013008117676
INEX_LD-2012309	<dbpedia:Malaysians>	0.7133793830871582
INEX_LD-2012309	<dbpedia:Ethnic_Malays>	0.7005100250244141
INEX_LD-2012309	<dbpedia:Peninsular_Malaysia>	0.6827712655067444
INEX_LD-2012309	<dbpedia:Seberang_Perai>	0.6761431694030762
INEX_LD-2012309	<dbpedia:Burmese_Malays>	0.6480265259742737
INEX_LD-2012309	<dbpedia:Malay_Peninsula>	0.6463971734046936
INEX_LD-2012309	<dbpedia:Malaysian_Malay>	0.5673839449882507
INEX_LD-2012309	<dbpedia:Tanjung_Piai>	0.4543561041355133
INEX_LD-2012311	<dbpedia:(Just_Like)_Starting_Over>	1.3351043462753296
INEX_LD-2012311	<dbpedia:S.I.R._John_Winston_Ono_Lennon>	1.0535058975219727
INEX_LD-2012311	<dbpedia:Double_Fantasy>	1.0502700805664062
INEX_LD-2012311	<dbpedia:John_Lennon/Plastic_Ono_Band>	1.033442735671997
INEX_LD-2012311	<dbpedia:Unfinished_Music_No._1:_Two_Virgins>	1.0278807878494263
INEX_LD-2012311	<dbpedia:Rising_(Yoko_Ono_album)>	0.9742854833602905
INEX_LD-2012311	<dbpedia:Season_of_Glass>	0.9615577459335327
INEX_LD-2012311	<dbpedia:Rock_'n'_Roll_(John_Lennon_album)>	0.9515058398246765
INEX_LD-2012311	<dbpedia:Yokokimthurston>	0.8420985341072083
INEX_LD-2012311	<dbpedia:Approximately_Infinite_Universe>	0.8295804262161255
INEX_LD-2012313	<dbpedia:Barton_Fink>	0.9958679676055908
INEX_LD-2012313	<dbpedia:Miller's_Crossing>	0.9265124201774597
INEX_LD-2012313	<dbpedia:John_Turturro>	0.8611692190170288
INEX_LD-2012313	<dbpedia:Five_Corners_(film)>	0.7750093936920166
INEX_LD-2012313	<dbpedia:Coen_brothers>	0.7125643491744995
INEX_LD-2012313	<dbpedia:Intolerable_Cruelty>	0.6995111703872681
INEX_LD-2012313	<dbpedia:List_of_accolades_received_by_True_Grit>	0.6948511600494385
INEX_LD-2012313	<dbpedia:True_Grit_(2010_film)>	0.6938579082489014
INEX_LD-2012313	<dbpedia:David_Diliberto>	0.6655369997024536
INEX_LD-2012313	<dbpedia:Coen_brothers_filmography>	0.636428713798523
INEX_LD-2012315	<dbpedia:Battle_of_Baguio_(1945)>	0.9154663681983948
INEX_LD-2012315	<dbpedia:Treaty_of_Manila_(1946)>	0.8194758296012878
INEX_LD-2012315	<dbpedia:Battle_of_Manila_(1945)>	0.7955853939056396
INEX_LD-2012315	<dbpedia:Baguio>	0.7618082165718079
INEX_LD-2012315	<dbpedia:Philippine_Declaration_of_Independence>	0.752798855304718
INEX_LD-2012315	<dbpedia:Second_Philippine_Republic>	0.7524407505989075
INEX_LD-2012315	<dbpedia:Baguio_City_Federation_of_the_Sangguniang_Kabataan>	0.6956421732902527
INEX_LD-2012315	<dbpedia:Legislative_district_of_Baguio>	0.6923744082450867
INEX_LD-2012315	<dbpedia:Quezon_City_local_elections,_2013>	0.6571109294891357
INEX_LD-2012315	<dbpedia:Quezon_City>	0.6550630927085876
INEX_LD-2012317	<dbpedia:Sons_and_Lovers>	0.6583122611045837
INEX_LD-2012317	<dbpedia:Dagger_in_the_Library>	0.5875982642173767
INEX_LD-2012317	<dbpedia:Black_Dagger_Brotherhood>	0.5801806449890137
INEX_LD-2012317	<dbpedia:The_Dragon's_Dagger>	0.562778115272522
INEX_LD-2012317	<dbpedia:Hnífur_Abrahams>	0.5585930347442627
INEX_LD-2012317	<dbpedia:Dagger_of_Daggers>	0.5413170456886292
INEX_LD-2012317	<dbpedia:The_Sharing_Knife>	0.5196787118911743
INEX_LD-2012317	<dbpedia:Beguilement>	0.5144227743148804
INEX_LD-2012317	<dbpedia:Of_Love_and_Evil>	0.49637630581855774
INEX_LD-2012317	<dbpedia:The_Blinding_Knife>	0.48657581210136414
INEX_LD-2012318	<dbpedia:William_C._Thompson>	0.7479580640792847
INEX_LD-2012318	<dbpedia:The_Atomic_Space_Bug>	0.6969224214553833
INEX_LD-2012318	<dbpedia:Plan_10_from_Outer_Space>	0.6967653632164001
INEX_LD-2012318	<dbpedia:I_Married_a_Monster_from_Outer_Space>	0.6653924584388733
INEX_LD-2012318	<dbpedia:Plan_9_from_Outer_Space>	0.6565719842910767
INEX_LD-2012318	<dbpedia:Fire_Maidens_from_Outer_Space>	0.599722683429718
INEX_LD-2012318	<dbpedia:Plan_9_from_Outer_Space_(video_game)>	0.5754265785217285
INEX_LD-2012318	<dbpedia:Glen_or_Glenda>	0.5637965798377991
INEX_LD-2012318	<dbpedia:Bride_of_the_Monster>	0.5487338304519653
INEX_LD-2012318	<dbpedia:Invasion_of_the_Saucer_Men>	0.5099937319755554
INEX_LD-2012319	<dbpedia:Open_Secrets>	1.1509164571762085
INEX_LD-2012319	<dbpedia:Selected_Stories>	0.8156408667564392
INEX_LD-2012319	<dbpedia:Vintage_Munro>	0.7796106338500977
INEX_LD-2012319	<dbpedia:Dance_of_the_Happy_Shades>	0.722079336643219
INEX_LD-2012319	<dbpedia:Dear_Life>	0.7210779786109924
INEX_LD-2012319	<dbpedia:Too_Much_Happiness>	0.7201891541481018
INEX_LD-2012319	<dbpedia:The_Love_of_a_Good_Woman>	0.7065837383270264
INEX_LD-2012319	<dbpedia:List_of_short_stories_by_Alice_Munro>	0.7007394433021545
INEX_LD-2012319	<dbpedia:Friend_of_My_Youth>	0.679121196269989
INEX_LD-2012319	<dbpedia:Alice_Munro>	0.6633419394493103
INEX_LD-2012321	<dbpedia:Raffles_City>	0.8976218700408936
INEX_LD-2012321	<dbpedia:Raffles'_Landing_Site>	0.8536033034324646
INEX_LD-2012321	<dbpedia:Stamford_Raffles>	0.840307891368866
INEX_LD-2012321	<dbpedia:Founding_of_modern_Singapore>	0.8069594502449036
INEX_LD-2012321	<dbpedia:Port_Office,_Brisbane>	0.6772559285163879
INEX_LD-2012321	<dbpedia:Kuantan_Port>	0.5671723484992981
INEX_LD-2012321	<dbpedia:Tanjung_Langsat_Port>	0.5611231923103333
INEX_LD-2012321	<dbpedia:Jurong_Port>	0.5518137216567993
INEX_LD-2012321	<dbpedia:Port_of_Tanjung_Priok>	0.5041872262954712
INEX_LD-2012321	<dbpedia:Port_of_Singapore>	0.4990169107913971
INEX_LD-2012323	<dbpedia:Hofsjökull>	0.9991733431816101
INEX_LD-2012323	<dbpedia:Langjökull>	0.9603862166404724
INEX_LD-2012323	<dbpedia:Vatnajökull>	0.9112806916236877
INEX_LD-2012323	<dbpedia:Eiríksjökull>	0.8840936422348022
INEX_LD-2012323	<dbpedia:Geitlandsjökull>	0.8820737600326538
INEX_LD-2012323	<dbpedia:Dyngjujökull>	0.8481988310813904
INEX_LD-2012323	<dbpedia:Hoffellsjökull>	0.8215835094451904
INEX_LD-2012323	<dbpedia:Eyjafjallajökull>	0.7957707047462463
INEX_LD-2012323	<dbpedia:Gihtsejiegŋa>	0.7136273980140686
INEX_LD-2012323	<dbpedia:Sulitjelmaisen>	0.6688476800918579
INEX_LD-2012325	<dbpedia:James_O._Freedman>	0.9028422236442566
INEX_LD-2012325	<dbpedia:James_Francis_Thaddeus_O'Connor>	0.8218787312507629
INEX_LD-2012325	<dbpedia:Austin_Abbott>	0.8028877377510071
INEX_LD-2012325	<dbpedia:James_Gilfillan>	0.8026536107063293
INEX_LD-2012325	<dbpedia:James_Clark_McReynolds>	0.802049994468689
INEX_LD-2012325	<dbpedia:John_J._Blaine>	0.7307178378105164
INEX_LD-2012325	<dbpedia:James_G._Blaine>	0.7124061584472656
INEX_LD-2012325	<dbpedia:Electoral_history_of_James_G._Blaine>	0.7017272710800171
INEX_LD-2012325	<dbpedia:James_K._Batchelder>	0.6835982799530029
INEX_LD-2012325	<dbpedia:James_A._Garfield>	0.603649914264679
INEX_LD-2012327	<dbpedia:Wole_Soyinka_Prize_for_Literature_in_Africa>	0.910804033279419
INEX_LD-2012327	<dbpedia:Patrick_D._Smith>	0.8553385138511658
INEX_LD-2012327	<dbpedia:Richard_Wright_(author)>	0.854153037071228
INEX_LD-2012327	<dbpedia:Charles_R._Johnson>	0.8522816300392151
INEX_LD-2012327	<dbpedia:Margaret_Walker>	0.8413743376731873
INEX_LD-2012327	<dbpedia:Ernest_J._Gaines>	0.820522665977478
INEX_LD-2012327	<dbpedia:Philip_Lee_Williams>	0.7981523871421814
INEX_LD-2012327	<dbpedia:Henry_Dumas>	0.7774348855018616
INEX_LD-2012327	<dbpedia:Albery_Allson_Whitman>	0.7685592174530029
INEX_LD-2012327	<dbpedia:Erskine_Caldwell>	0.7654010653495789
INEX_LD-2012329	<dbpedia:Swedish_krona>	1.879465103149414
INEX_LD-2012329	<dbpedia:Sweden_and_the_euro>	1.7388529777526855
INEX_LD-2012329	<dbpedia:Swedish_riksdaler>	1.7192431688308716
INEX_LD-2012329	<dbpedia:Scandinavian_Monetary_Union>	1.7172541618347168
INEX_LD-2012329	<dbpedia:Norwegian_speciedaler>	1.660775065422058
INEX_LD-2012329	<dbpedia:Icelandic_króna>	1.592901587486267
INEX_LD-2012329	<dbpedia:Norwegian_rigsdaler>	1.5777956247329712
INEX_LD-2012329	<dbpedia:Faroese_króna>	1.4245153665542603
INEX_LD-2012329	<dbpedia:Swedish_penning>	1.327445387840271
INEX_LD-2012329	<dbpedia:Central_Bank_of_Iceland>	1.1308594942092896
INEX_LD-2012331	<dbpedia:Ari-soo>	1.001619577407837
INEX_LD-2012331	<dbpedia:Hedong_Korean_Ethnic_Township>	0.9787304997444153
INEX_LD-2012331	<dbpedia:Koreans_in_China>	0.9538389444351196
INEX_LD-2012331	<dbpedia:Han_River_(Korea)>	0.9290362596511841
INEX_LD-2012331	<dbpedia:Ai_River_(Dandong)>	0.8928146362304688
INEX_LD-2012331	<dbpedia:Jungnangcheon>	0.8823292851448059
INEX_LD-2012331	<dbpedia:Chinese_people_in_Korea>	0.8617647886276245
INEX_LD-2012331	<dbpedia:West_Nakdong_River>	0.8210763931274414
INEX_LD-2012331	<dbpedia:Mapo_Bridge>	0.8159691691398621
INEX_LD-2012331	<dbpedia:Nakdong_River>	0.78307044506073
INEX_LD-2012333	<dbpedia:Wilfrid_Laurier>	0.9424436092376709
INEX_LD-2012333	<dbpedia:William_Lyon_Mackenzie_King>	0.8670786619186401
INEX_LD-2012333	<dbpedia:John_Graham_Haggart>	0.8432365655899048
INEX_LD-2012333	<dbpedia:Leslie_Frost>	0.8367889523506165
INEX_LD-2012333	<dbpedia:Arthur_Meighen>	0.8034836053848267
INEX_LD-2012333	<dbpedia:John_Diefenbaker>	0.798474907875061
INEX_LD-2012333	<dbpedia:Guy_Charbonneau>	0.7839041948318481
INEX_LD-2012333	<dbpedia:William_Gilbert_Weir>	0.7425236105918884
INEX_LD-2012333	<dbpedia:Lucien_Lamoureux>	0.7244518399238586
INEX_LD-2012333	<dbpedia:Azellus_Denis>	0.7232769131660461
INEX_LD-2012335	<dbpedia:US_Initial_Post-Surrender_Policy_for_Japan>	0.8158408999443054
INEX_LD-2012335	<dbpedia:Japan's_non-nuclear_weapons_policy>	0.7496674656867981
INEX_LD-2012335	<dbpedia:U.S._and_Japan_Mutual_Defense_Assistance_Agreement>	0.6977415680885315
INEX_LD-2012335	<dbpedia:International_Commission_on_Nuclear_Non-proliferation_and_Disarmament>	0.6845003366470337
INEX_LD-2012335	<dbpedia:U.S.–Japan_Status_of_Forces_Agreement>	0.6795358061790466
INEX_LD-2012335	<dbpedia:Security_Treaty_Between_the_United_States_and_Japan>	0.649027943611145
INEX_LD-2012335	<dbpedia:United_States-Japan_Joint_Nuclear_Energy_Action_Plan>	0.644191563129425
INEX_LD-2012335	<dbpedia:Japan_and_weapons_of_mass_destruction>	0.5855335593223572
INEX_LD-2012335	<dbpedia:Japanese_nuclear_weapon_program>	0.5575693249702454
INEX_LD-2012335	<dbpedia:Japan–North_Korea_Pyongyang_Declaration>	0.5186042189598083
INEX_LD-2012337	<dbpedia:1953_Waco_tornado_outbreak>	1.1646325588226318
INEX_LD-2012337	<dbpedia:1953_Worcester_tornado>	1.0079751014709473
INEX_LD-2012337	<dbpedia:1922_Austin_twin_tornadoes>	0.9499737620353699
INEX_LD-2012337	<dbpedia:Late-May_1957_tornado_outbreak>	0.9169811606407166
INEX_LD-2012337	<dbpedia:1997_Central_Texas_tornado_outbreak>	0.9028821587562561
INEX_LD-2012337	<dbpedia:1970_Lubbock_tornado>	0.8981034755706787
INEX_LD-2012337	<dbpedia:Early-April_1957_tornado_outbreak_sequence>	0.889327883720398
INEX_LD-2012337	<dbpedia:April_20–22,_1912_tornado_outbreak>	0.8296156525611877
INEX_LD-2012337	<dbpedia:March_1952_Southern_United_States_tornado_outbreak>	0.8125771880149841
INEX_LD-2012337	<dbpedia:1979_Red_River_Valley_tornado_outbreak>	0.7828989028930664
INEX_LD-2012339	<dbpedia:Nelson_Mandela>	1.418336033821106
INEX_LD-2012339	<dbpedia:Ohlange_High_School>	1.4049785137176514
INEX_LD-2012339	<dbpedia:John_Langalibalele_Dube>	1.2792022228240967
INEX_LD-2012339	<dbpedia:List_of_awards_and_honours_bestowed_upon_Nelson_Mandela>	1.2366749048233032
INEX_LD-2012339	<dbpedia:Dube,_South_Africa>	1.150265097618103
INEX_LD-2012339	<dbpedia:Nokutela_Dube>	1.112191081047058
INEX_LD-2012339	<dbpedia:Edward_Dube>	1.0665761232376099
INEX_LD-2012339	<dbpedia:William_Cullen_Wilcox>	1.054780125617981
INEX_LD-2012339	<dbpedia:Dube_on_2>	1.019018530845642
INEX_LD-2012339	<dbpedia:Frederick_John_Harris>	0.9353950619697571
INEX_LD-2012341	<dbpedia:Houston_mayoral_election,_1997>	1.2624788284301758
INEX_LD-2012341	<dbpedia:List_of_Presidents_of_the_University_of_Houston>	1.2034083604812622
INEX_LD-2012341	<dbpedia:Lewis_Wesley_Cutrer>	1.086932897567749
INEX_LD-2012341	<dbpedia:Houston_Airport>	0.900509774684906
INEX_LD-2012341	<dbpedia:Joe_Rollins>	0.8833481073379517
INEX_LD-2012341	<dbpedia:George_Bush_Intercontinental_Airport>	0.8816010355949402
INEX_LD-2012341	<dbpedia:William_P._Hobby_Airport>	0.8625134229660034
INEX_LD-2012341	<dbpedia:Houston_International_Airport>	0.8158841133117676
INEX_LD-2012341	<dbpedia:Houston_Airport_System>	0.8136778473854065
INEX_LD-2012341	<dbpedia:West_Houston_Airport>	0.7601509094238281
INEX_LD-2012345	<dbpedia:James_Tague>	1.1973068714141846
INEX_LD-2012345	<dbpedia:Assassination_of_John_F._Kennedy>	1.1350688934326172
INEX_LD-2012345	<dbpedia:Howard_Brennan>	1.0672459602355957
INEX_LD-2012345	<dbpedia:Lee_Harvey_Oswald>	1.046329379081726
INEX_LD-2012345	<dbpedia:Charles_Brehm>	1.0433993339538574
INEX_LD-2012345	<dbpedia:Lee_Bowers>	1.0385305881500244
INEX_LD-2012345	<dbpedia:Reactions_to_the_assassination_of_John_F._Kennedy>	1.0226329565048218
INEX_LD-2012345	<dbpedia:Phillip_Willis>	0.9937185049057007
INEX_LD-2012345	<dbpedia:Pictures_of_the_Pain>	0.9906795620918274
INEX_LD-2012345	<dbpedia:Texas_Theatre>	0.8612850904464722
INEX_LD-2012349	<dbpedia:Alexander_Nevsky_Cathedral,_Baku>	0.9670155048370361
INEX_LD-2012349	<dbpedia:Alexander_Nevsky_Cathedral,_Sofia>	0.9552868008613586
INEX_LD-2012349	<dbpedia:Alexander_Nevsky_Cathedral,_Tiflis>	0.8855289816856384
INEX_LD-2012349	<dbpedia:Alexander_Nevsky_Cathedral,_Paris>	0.8522409796714783
INEX_LD-2012349	<dbpedia:Monument_to_the_Tsar_Liberator>	0.845245361328125
INEX_LD-2012349	<dbpedia:Dormition_of_the_Mother_of_God_Cathedral,_Varna>	0.8336952328681946
INEX_LD-2012349	<dbpedia:Alexander_Nevsky_Cathedral,_Izhevsk>	0.8287025094032288
INEX_LD-2012349	<dbpedia:Alexander_Nevsky_Memorial_Church>	0.7916516661643982
INEX_LD-2012349	<dbpedia:Alexander_Nevsky_Cathedral,_Tallinn>	0.7857233285903931
INEX_LD-2012349	<dbpedia:Hagia_Sophia_Church,_Nesebar>	0.6870334148406982
INEX_LD-2012353	<dbpedia:Languages_of_Germany>	1.8855255842208862
INEX_LD-2012353	<dbpedia:List_of_territorial_entities_where_German_is_an_official_language>	1.6981781721115112
INEX_LD-2012353	<dbpedia:German_language_in_Namibia>	1.6947484016418457
INEX_LD-2012353	<dbpedia:Geographical_distribution_of_German_speakers>	1.630732536315918
INEX_LD-2012353	<dbpedia:German_language>	1.6255017518997192
INEX_LD-2012353	<dbpedia:Low_German>	1.5904464721679688
INEX_LD-2012353	<dbpedia:German_Sign_Language>	1.5170472860336304
INEX_LD-2012353	<dbpedia:German_Standard_German>	1.4308414459228516
INEX_LD-2012353	<dbpedia:High_German_languages>	1.4181556701660156
INEX_LD-2012353	<dbpedia:German_language_in_the_United_States>	1.4151204824447632
INEX_LD-2012354	<dbpedia:Paul_Kossoff>	2.1147868633270264
INEX_LD-2012354	<dbpedia:Death_of_Jimi_Hendrix>	2.0107779502868652
INEX_LD-2012354	<dbpedia:Great_Guitars>	2.010043144226074
INEX_LD-2012354	<dbpedia:Dick_Rosmini>	2.00654673576355
INEX_LD-2012354	<dbpedia:Ivan_Nikolayevich_Smirnov>	1.9905411005020142
INEX_LD-2012354	<dbpedia:Slobodan_Kovačević>	1.9557163715362549
INEX_LD-2012354	<dbpedia:George_Lynch_(musician)>	1.9448721408843994
INEX_LD-2012354	<dbpedia:Jimi_Hendrix>	1.7471424341201782
INEX_LD-2012354	<dbpedia:Redd_Volkaert>	1.7308791875839233
INEX_LD-2012354	<dbpedia:Robert_Johnson_(guitars)>	1.5861680507659912
INEX_LD-2012355	<dbpedia:Gordon_Taylor_(footballer)>	1.4016034603118896
INEX_LD-2012355	<dbpedia:Jackie_Sewell>	1.390163540840149
INEX_LD-2012355	<dbpedia:Trevor_Francis>	1.3182934522628784
INEX_LD-2012355	<dbpedia:Geoff_Hurst>	1.2738808393478394
INEX_LD-2012355	<dbpedia:Jimmy_Greaves>	1.273672342300415
INEX_LD-2012355	<dbpedia:Odafa_Onyeka_Okolie>	1.2676740884780884
INEX_LD-2012355	<dbpedia:Tony_Kay>	1.2475717067718506
INEX_LD-2012355	<dbpedia:John_Bennetts>	1.1767040491104126
INEX_LD-2012355	<dbpedia:Paul_Fletcher_(footballer)>	1.0985143184661865
INEX_LD-2012355	<dbpedia:Gary_Talbot>	1.0257809162139893
INEX_LD-2012357	<dbpedia:Yekaterina_Geltzer>	0.8707528710365295
INEX_LD-2012357	<dbpedia:Evgenia_Obraztsova>	0.8043568730354309
INEX_LD-2012357	<dbpedia:Sofia_Golovkina>	0.7975111603736877
INEX_LD-2012357	<dbpedia:Natalia_Bessmertnova>	0.7955226898193359
INEX_LD-2012357	<dbpedia:Svetlana_Zakharova_(dancer)>	0.7929534316062927
INEX_LD-2012357	<dbpedia:Irina_Kolpakova>	0.6692607998847961
INEX_LD-2012357	<dbpedia:Natalia_Makarova>	0.6449601054191589
INEX_LD-2012357	<dbpedia:Marina_Semyonova>	0.6297045350074768
INEX_LD-2012357	<dbpedia:Larisa_Golubkina>	0.6166980266571045
INEX_LD-2012357	<dbpedia:Alla_Osipenko>	0.6068614721298218
INEX_LD-2012359	<dbpedia:Bob_Ricker>	0.9250727891921997
INEX_LD-2012359	<dbpedia:Larry_Pratt>	0.8235339522361755
INEX_LD-2012359	<dbpedia:Dudley_Brown>	0.8052254915237427
INEX_LD-2012359	<dbpedia:Nick_Rathod>	0.7857331037521362
INEX_LD-2012359	<dbpedia:Dan_Gross_(activist)>	0.7348777651786804
INEX_LD-2012359	<dbpedia:Wayne_LaPierre>	0.722892165184021
INEX_LD-2012359	<dbpedia:American_State_Legislators_for_Gun_Violence_Prevention>	0.7218196988105774
INEX_LD-2012359	<dbpedia:John_C._Sigler>	0.7142546772956848
INEX_LD-2012359	<dbpedia:Robert_A._Levy>	0.6706347465515137
INEX_LD-2012359	<dbpedia:Bob_Ricks>	0.49711358547210693
INEX_LD-2012361	<dbpedia:Kumar_Sanu>	1.2379422187805176
INEX_LD-2012361	<dbpedia:Jorge_Negrete>	1.2342406511306763
INEX_LD-2012361	<dbpedia:Lars_Lönndahl>	1.189737319946289
INEX_LD-2012361	<dbpedia:John_Legend>	1.1741466522216797
INEX_LD-2012361	<dbpedia:Karel_Gott>	1.1462023258209229
INEX_LD-2012361	<dbpedia:Al_Martino>	1.1406898498535156
INEX_LD-2012361	<dbpedia:Dietrich_Fischer-Dieskau>	1.1379982233047485
INEX_LD-2012361	<dbpedia:Halid_Muslimović>	1.1218137741088867
INEX_LD-2012361	<dbpedia:Yūya_Uchida_(singer/actor)>	1.0898996591567993
INEX_LD-2012361	<dbpedia:Aurelian_Andreescu>	1.0768781900405884
INEX_LD-2012365	<dbpedia:Margaret_MacVicar>	0.824141800403595
INEX_LD-2012365	<dbpedia:Arvind_(computer_scientist)>	0.7416954040527344
INEX_LD-2012365	<dbpedia:Tomaso_Poggio>	0.7023968696594238
INEX_LD-2012365	<dbpedia:Anant_Agarwal>	0.6890945434570312
INEX_LD-2012365	<dbpedia:Diane_Souvaine>	0.6876451969146729
INEX_LD-2012365	<dbpedia:Silvio_Micali>	0.677079439163208
INEX_LD-2012365	<dbpedia:K._Mani_Chandy>	0.6264724731445312
INEX_LD-2012365	<dbpedia:Marc_Snir>	0.6222659349441528
INEX_LD-2012365	<dbpedia:James_(Mac)_Hyman>	0.6054434776306152
INEX_LD-2012365	<dbpedia:Salil_Vadhan>	0.5860893726348877
INEX_LD-2012367	<dbpedia:Newtonian_telescope>	2.320322275161743
INEX_LD-2012367	<dbpedia:Telescope>	2.2474353313446045
INEX_LD-2012367	<dbpedia:Zacharias_Janssen>	2.203880786895752
INEX_LD-2012367	<dbpedia:Juan_Roget>	2.201719284057617
INEX_LD-2012367	<dbpedia:Dmitry_Dmitrievich_Maksutov>	2.1455471515655518
INEX_LD-2012367	<dbpedia:History_of_the_telescope>	2.1156516075134277
INEX_LD-2012367	<dbpedia:Gregorian_telescope>	2.106719493865967
INEX_LD-2012367	<dbpedia:Newton's_reflector>	2.091620683670044
INEX_LD-2012367	<dbpedia:William_Kitchiner>	2.090756416320801
INEX_LD-2012367	<dbpedia:Shuckburgh_telescope>	1.909682035446167
INEX_LD-2012369	<dbpedia:Adolfo_Suárez_Madrid–Barajas_Airport>	1.1433038711547852
INEX_LD-2012369	<dbpedia:Ajdovščina_Airport>	1.128960132598877
INEX_LD-2012369	<dbpedia:Cerklje_ob_Krki_Airport>	1.1214367151260376
INEX_LD-2012369	<dbpedia:Morava_Airport>	1.1159242391586304
INEX_LD-2012369	<dbpedia:Leonardo_da_Vinci–Fiumicino_Airport>	1.115782618522644
INEX_LD-2012369	<dbpedia:Robert_Mueller_Municipal_Airport>	1.0747476816177368
INEX_LD-2012369	<dbpedia:Nuremberg_Airport>	1.0667698383331299
INEX_LD-2012369	<dbpedia:Generalissimo_Francisco_de_Miranda_Air_Base>	1.0656880140304565
INEX_LD-2012369	<dbpedia:Newark_Metropolitan_Airport_Buildings>	1.0541918277740479
INEX_LD-2012369	<dbpedia:Mayor_General_FAP_Armando_Revoredo_Iglesias_Airport>	1.0527942180633545
INEX_LD-2012371	<dbpedia:Huế_Railway_Station>	1.052985429763794
INEX_LD-2012371	<dbpedia:Cité_du_Train>	0.9372695684432983
INEX_LD-2012371	<dbpedia:Tanggula_Railway_Station>	0.8468607068061829
INEX_LD-2012371	<dbpedia:Leipzig_Hauptbahnhof>	0.8350124359130859
INEX_LD-2012371	<dbpedia:New_Delhi_railway_station>	0.8342267274856567
INEX_LD-2012371	<dbpedia:Lviv_Railway_station>	0.8132585287094116
INEX_LD-2012371	<dbpedia:Gare_de_Metz-Ville>	0.8049960136413574
INEX_LD-2012371	<dbpedia:Novosibirsk_Railway_station>	0.7985849380493164
INEX_LD-2012371	<dbpedia:Railway_stations_in_Milan>	0.7860419154167175
INEX_LD-2012371	<dbpedia:Tehran_railway_station>	0.7530041933059692
INEX_LD-2012372	<dbpedia:Battlefield_Britain>	1.231070637702942
INEX_LD-2012372	<dbpedia:History_of_Warfare_Series>	1.2146878242492676
INEX_LD-2012372	<dbpedia:Battlefield_(TV_series)>	1.1967195272445679
INEX_LD-2012372	<dbpedia:Historical_medieval_battles>	1.156281590461731
INEX_LD-2012372	<dbpedia:Battlefield_Heritage_Park>	1.098161220550537
INEX_LD-2012372	<dbpedia:Battlefield_House_(Stoney_Creek)>	1.0945161581039429
INEX_LD-2012372	<dbpedia:Great_Battles>	1.0931254625320435
INEX_LD-2012372	<dbpedia:Battles_BC>	1.0923818349838257
INEX_LD-2012372	<dbpedia:Registered_Battlefields_(UK)>	1.0292810201644897
INEX_LD-2012372	<dbpedia:The_Battlefield_(1985_TV_series)>	0.9588654041290283
INEX_LD-2012373	<dbpedia:Some_Birds_Can't_Fly>	1.9340143203735352
INEX_LD-2012373	<dbpedia:Flightless_bird>	1.904444694519043
INEX_LD-2012373	<dbpedia:List_of_soaring_birds>	1.710429310798645
INEX_LD-2012373	<dbpedia:Bird_anatomy>	1.6635266542434692
INEX_LD-2012373	<dbpedia:Bird_flight>	1.6108126640319824
INEX_LD-2012373	<dbpedia:Innocent_Bird>	1.6048542261123657
INEX_LD-2012373	<dbpedia:Flying_High_Bird_Sanctuary>	1.4605613946914673
INEX_LD-2012373	<dbpedia:Bird_control>	1.4407587051391602
INEX_LD-2012373	<dbpedia:Bird_strike>	1.3541908264160156
INEX_LD-2012373	<dbpedia:Bird_feet_and_legs>	1.2349587678909302
INEX_LD-2012377	<dbpedia:Turpinite>	1.4214462041854858
INEX_LD-2012377	<dbpedia:Causes_of_World_War_I>	1.4088565111160278
INEX_LD-2012377	<dbpedia:List_of_Medal_of_Honor_recipients_for_World_War_I>	1.392122745513916
INEX_LD-2012377	<dbpedia:Centre_for_the_Study_of_the_Causes_of_the_War>	1.2678947448730469
INEX_LD-2012377	<dbpedia:Sidney_Bradshaw_Fay>	1.2614860534667969
INEX_LD-2012377	<dbpedia:Fritz_Fischer>	1.2508680820465088
INEX_LD-2012377	<dbpedia:Anglo-German_naval_arms_race>	1.2091611623764038
INEX_LD-2012377	<dbpedia:World_War_I>	1.1735693216323853
INEX_LD-2012377	<dbpedia:World_War_I_casualties>	0.947695791721344
INEX_LD-2012377	<dbpedia:Falsehood_in_War-Time>	0.8287526369094849
INEX_LD-2012381	<dbpedia:Block_Busters>	1.5321135520935059
INEX_LD-2012381	<dbpedia:16_Blocks>	1.2336735725402832
INEX_LD-2012381	<dbpedia:Blockhead_(film)>	1.1884021759033203
INEX_LD-2012381	<dbpedia:Attack_the_Block>	1.1862139701843262
INEX_LD-2012381	<dbpedia:Around_the_Block_(film)>	1.181314468383789
INEX_LD-2012381	<dbpedia:Bad_Day_on_the_Block>	1.1686965227127075
INEX_LD-2012381	<dbpedia:Doug_Block>	1.1192607879638672
INEX_LD-2012381	<dbpedia:Block-Heads>	1.0077953338623047
INEX_LD-2012381	<dbpedia:Block_Buster!>	0.9332226514816284
INEX_LD-2012381	<dbpedia:Block_Buster_(Microvision)>	0.9105618596076965
INEX_LD-2012383	<dbpedia:Jim_Gray_(computer_scientist)>	1.2515788078308105
INEX_LD-2012383	<dbpedia:Angus_Primrose>	1.1066679954528809
INEX_LD-2012383	<dbpedia:John_P._Craven>	1.1006889343261719
INEX_LD-2012383	<dbpedia:Jon_Mathews>	1.0868951082229614
INEX_LD-2012383	<dbpedia:Disappearance_of_George_Smith>	1.0424039363861084
INEX_LD-2012383	<dbpedia:Boris_Weisfeiler>	1.0236796140670776
INEX_LD-2012383	<dbpedia:Nico_Habermann>	0.9364896416664124
INEX_LD-2012383	<dbpedia:Edmund_Berkeley>	0.9114573001861572
INEX_LD-2012383	<dbpedia:Bruce_Arden>	0.879081666469574
INEX_LD-2012383	<dbpedia:Peter_Killworth>	0.8594390153884888
INEX_LD-2012385	<dbpedia:Natasja_Oerlemans>	1.2813910245895386
INEX_LD-2012385	<dbpedia:Bruce_Friedrich>	1.2059361934661865
INEX_LD-2012385	<dbpedia:Howard_Williams_(humanitarian)>	1.1931068897247314
INEX_LD-2012385	<dbpedia:Symon_Gould>	1.181974172592163
INEX_LD-2012385	<dbpedia:Herbert_M._Shelton>	1.1726499795913696
INEX_LD-2012385	<dbpedia:Thupten_Phelgye>	1.1132982969284058
INEX_LD-2012385	<dbpedia:Christopher_Fettes>	1.078930139541626
INEX_LD-2012385	<dbpedia:William_Cowherd>	1.053438425064087
INEX_LD-2012385	<dbpedia:Political_Animals_(miniseries)>	0.9808478951454163
INEX_LD-2012385	<dbpedia:American_Vegetarian_Party>	0.9721770882606506
INEX_LD-2012387	<dbpedia:Lianghekou_Dam>	1.4086874723434448
INEX_LD-2012387	<dbpedia:Duncan_Dam>	1.2721220254898071
INEX_LD-2012387	<dbpedia:Paradise_Dam_(Montana)>	1.2502045631408691
INEX_LD-2012387	<dbpedia:Glacier_View_Dam>	1.2495757341384888
INEX_LD-2012387	<dbpedia:Holtwood_Dam>	1.240358591079712
INEX_LD-2012387	<dbpedia:Franklin_Dam_controversy>	1.2239632606506348
INEX_LD-2012387	<dbpedia:Ashfork-Bainbridge_Steel_Dam>	1.2099641561508179
INEX_LD-2012387	<dbpedia:Bridge_Canyon_Dam>	1.1748145818710327
INEX_LD-2012387	<dbpedia:Carcoar_Dam>	1.0668405294418335
INEX_LD-2012387	<dbpedia:Riverside_Diversion_Dam>	1.0460829734802246
INEX_LD-2012389	<dbpedia:Albay_Gulf>	1.074693202972412
INEX_LD-2012389	<dbpedia:Hooktooth_shark>	1.0228055715560913
INEX_LD-2012389	<dbpedia:Spotted_wobbegong>	1.022600769996643
INEX_LD-2012389	<dbpedia:2010_Sharm_el-Sheikh_shark_attacks>	0.9425548911094666
INEX_LD-2012389	<dbpedia:List_of_sharks_and_batoids_found_from_territorial_waters_of_Sri_Lanka>	0.9145317077636719
INEX_LD-2012389	<dbpedia:Sand_tiger_shark>	0.8974751234054565
INEX_LD-2012389	<dbpedia:Smoothtooth_blacktip_shark>	0.8687636852264404
INEX_LD-2012389	<dbpedia:List_of_sharks_in_the_Red_Sea>	0.8462744355201721
INEX_LD-2012389	<dbpedia:Shark_(moth)>	0.8337323665618896
INEX_LD-2012389	<dbpedia:Gulf_wobbegong>	0.8279021978378296
INEX_LD-2012390	<dbpedia:List_of_Major_League_Baseball_career_hits_leaders>	1.0196259021759033
INEX_LD-2012390	<dbpedia:Southern_League_Most_Valuable_Player_Award>	0.9773017764091492
INEX_LD-2012390	<dbpedia:Jeff_Kent>	0.9518285989761353
INEX_LD-2012390	<dbpedia:List_of_Major_League_Baseball_single-game_home_run_leaders>	0.9475798010826111
INEX_LD-2012390	<dbpedia:Honus_Wagner>	0.9251516461372375
INEX_LD-2012390	<dbpedia:List_of_Major_League_Baseball_leaders_in_RBI_in_one_inning>	0.9088091254234314
INEX_LD-2012390	<dbpedia:Hank_Aaron_Award>	0.8861793279647827
INEX_LD-2012390	<dbpedia:Rickey_Henderson>	0.876499593257904
INEX_LD-2012390	<dbpedia:Homer_in_the_Gloamin'>	0.8644489645957947
INEX_LD-2012390	<dbpedia:Kyle_Russell>	0.8590527176856995
INEX_XER-106	<dbpedia:Thomas_Holland,_1st_Earl_of_Kent>	0.9568867087364197
INEX_XER-106	<dbpedia:John_FitzAlan,_14th_Earl_of_Arundel>	0.9476926326751709
INEX_XER-106	<dbpedia:Sir_Hugh_Luttrell>	0.9436381459236145
INEX_XER-106	<dbpedia:Robert_Willoughby,_6th_Baron_Willoughby_de_Eresby>	0.9318605065345764
INEX_XER-106	<dbpedia:Ralph_de_Stafford,_1st_Earl_of_Stafford>	0.9060031771659851
INEX_XER-106	<dbpedia:Jean_de_Wavrin>	0.8928247094154358
INEX_XER-106	<dbpedia:Robert_Knolles>	0.8890867829322815
INEX_XER-106	<dbpedia:Paon_de_Roet>	0.8747351765632629
INEX_XER-106	<dbpedia:John_Darras>	0.87176114320755
INEX_XER-106	<dbpedia:Thomas_de_Scales,_7th_Baron_Scales>	0.8437202572822571
INEX_XER-108	<dbpedia:List_of_state_capitols_in_the_United_States>	1.095086932182312
INEX_XER-108	<dbpedia:List_of_capitals_in_the_United_States>	1.068853497505188
INEX_XER-108	<dbpedia:List_of_states_and_territories_of_the_United_States>	0.9936580061912537
INEX_XER-108	<dbpedia:Washington,_D.C.>	0.9830113053321838
INEX_XER-108	<dbpedia:United_States>	0.9745193719863892
INEX_XER-108	<dbpedia:Outline_of_Washington,_D.C.>	0.896901547908783
INEX_XER-108	<dbpedia:Geography_of_the_United_States>	0.892804741859436
INEX_XER-108	<dbpedia:List_of_capitals_of_states_of_Mexico>	0.8031954169273376
INEX_XER-108	<dbpedia:List_of_cities_in_the_United_States>	0.7206671237945557
INEX_XER-108	<dbpedia:American_Capital_of_Culture>	0.715254008769989
INEX_XER-109	<dbpedia:Hundred_Islands_National_Park>	1.2472079992294312
INEX_XER-109	<dbpedia:National_Heroes_Square>	1.2324022054672241
INEX_XER-109	<dbpedia:Ngerulmud>	1.225947618484497
INEX_XER-109	<dbpedia:Atlantic_Islands_of_Galicia_National_Park>	1.1369383335113525
INEX_XER-109	<dbpedia:List_of_national_capitals_by_latitude>	1.1191279888153076
INEX_XER-109	<dbpedia:List_of_national_capitals_in_alphabetical_order>	1.0967720746994019
INEX_XER-109	<dbpedia:Family_Islands_National_Park>	1.045760154724121
INEX_XER-109	<dbpedia:Glénan_Islands>	1.0040504932403564
INEX_XER-109	<dbpedia:Geography_of_the_British_Virgin_Islands>	0.9577516913414001
INEX_XER-109	<dbpedia:Marquesas_Islands>	0.9508710503578186
INEX_XER-110	<dbpedia:Poet-diplomat>	1.0170520544052124
INEX_XER-110	<dbpedia:Erik_Axel_Karlfeldt>	0.9989643692970276
INEX_XER-110	<dbpedia:António_Correia_de_Oliveira>	0.9785619378089905
INEX_XER-110	<dbpedia:Karl_Adolph_Gjellerup>	0.9758860468864441
INEX_XER-110	<dbpedia:Seamus_Heaney>	0.9685931205749512
INEX_XER-110	<dbpedia:Vicente_Aleixandre>	0.9502752423286438
INEX_XER-110	<dbpedia:Knut_Hamsun>	0.897236168384552
INEX_XER-110	<dbpedia:List_of_Nobel_laureates_in_Literature>	0.8591775298118591
INEX_XER-110	<dbpedia:Nobel_Prize_in_Literature>	0.8437749743461609
INEX_XER-110	<dbpedia:José_Saramago>	0.8402703404426575
INEX_XER-113	<dbpedia:2011_Monaco_Grand_Prix>	1.1268954277038574
INEX_XER-113	<dbpedia:2009_Monaco_Grand_Prix>	1.1175786256790161
INEX_XER-113	<dbpedia:1979_Monaco_Grand_Prix>	1.1175782680511475
INEX_XER-113	<dbpedia:2008_Monaco_Grand_Prix>	1.1158250570297241
INEX_XER-113	<dbpedia:1973_Monaco_Grand_Prix>	1.1151970624923706
INEX_XER-113	<dbpedia:1983_Monaco_Grand_Prix>	1.1070514917373657
INEX_XER-113	<dbpedia:1998_Monaco_Grand_Prix>	1.1038007736206055
INEX_XER-113	<dbpedia:1978_Monaco_Grand_Prix>	1.100490927696228
INEX_XER-113	<dbpedia:1966_Monaco_Grand_Prix>	1.0978261232376099
INEX_XER-113	<dbpedia:2006_Monaco_Grand_Prix>	1.0909162759780884
INEX_XER-114	<dbpedia:2012_European_Grand_Prix>	1.6740012168884277
INEX_XER-114	<dbpedia:2001_European_Grand_Prix>	1.6698137521743774
INEX_XER-114	<dbpedia:2007_European_Grand_Prix>	1.668848991394043
INEX_XER-114	<dbpedia:2008_European_Grand_Prix>	1.6670081615447998
INEX_XER-114	<dbpedia:2009_European_Grand_Prix>	1.6650876998901367
INEX_XER-114	<dbpedia:1995_European_Grand_Prix>	1.6617600917816162
INEX_XER-114	<dbpedia:European_Formula_Two_Championship>	1.6562566757202148
INEX_XER-114	<dbpedia:1999_European_Grand_Prix>	1.6535921096801758
INEX_XER-114	<dbpedia:2011_European_Grand_Prix>	1.6446624994277954
INEX_XER-114	<dbpedia:1997_European_Grand_Prix>	1.6060949563980103
INEX_XER-115	<dbpedia:List_of_Formula_One_World_Constructors'_Champions>	1.291881799697876
INEX_XER-115	<dbpedia:List_of_Formula_One_World_Drivers'_Champions>	1.1922698020935059
INEX_XER-115	<dbpedia:2005_Formula_One_season>	1.1908252239227295
INEX_XER-115	<dbpedia:Formula_One_drivers_from_Brazil>	1.1789495944976807
INEX_XER-115	<dbpedia:List_of_Formula_One_World_Constructors'_Championship_runners-up>	1.1591569185256958
INEX_XER-115	<dbpedia:Formula_One_Constructors'_Association>	1.141589879989624
INEX_XER-115	<dbpedia:List_of_Formula_One_World_Drivers'_Championship_runners-up>	1.0623780488967896
INEX_XER-115	<dbpedia:List_of_Formula_One_constructors>	1.0584697723388672
INEX_XER-115	<dbpedia:Hesketh_Racing>	1.0350358486175537
INEX_XER-115	<dbpedia:List_of_Formula_One_Grand_Prix_winners_(constructors)>	0.9200674295425415
INEX_XER-116	<dbpedia:Renato_Dulbecco>	1.6733347177505493
INEX_XER-116	<dbpedia:Giulio_Natta>	1.669988751411438
INEX_XER-116	<dbpedia:Alfredo_di_Braccio_Award>	1.6602033376693726
INEX_XER-116	<dbpedia:Rita_Levi-Montalcini>	1.643332839012146
INEX_XER-116	<dbpedia:Grazia_Deledda>	1.6225942373275757
INEX_XER-116	<dbpedia:Franco_Modigliani>	1.5907293558120728
INEX_XER-116	<dbpedia:Mario_Capecchi>	1.5888845920562744
INEX_XER-116	<dbpedia:Salvatore_Quasimodo>	1.5614618062973022
INEX_XER-116	<dbpedia:Eugenio_Montale>	1.543427586555481
INEX_XER-116	<dbpedia:Salvador_Luria>	1.5227853059768677
INEX_XER-117	<dbpedia:Jammin'_the_Blues>	1.1215754747390747
INEX_XER-117	<dbpedia:The_Blues_Brothers_(film)>	1.0891776084899902
INEX_XER-117	<dbpedia:Blues_Brothers_2000>	1.0374999046325684
INEX_XER-117	<dbpedia:List_of_films_about_blues_music>	1.009240984916687
INEX_XER-117	<dbpedia:Mo'_Better_Blues>	0.9644138216972351
INEX_XER-117	<dbpedia:Blues_Brothers_2000_(soundtrack)>	0.9619159698486328
INEX_XER-117	<dbpedia:The_Blues_Brothers>	0.9103031754493713
INEX_XER-117	<dbpedia:The_Blues_Brothers_(novel)>	0.7826767563819885
INEX_XER-117	<dbpedia:The_Blues_Brothers_(video_game)>	0.7151274085044861
INEX_XER-117	<dbpedia:Blues_Brothers:_Private>	0.7020253539085388
INEX_XER-118	<dbpedia:Peugeot_203>	1.1857047080993652
INEX_XER-118	<dbpedia:Peugeot_604>	1.1698031425476074
INEX_XER-118	<dbpedia:Citroën_Ami>	1.1688454151153564
INEX_XER-118	<dbpedia:RAMI_by_J.M.K.>	1.1043251752853394
INEX_XER-118	<dbpedia:Peugeot_204>	1.0944492816925049
INEX_XER-118	<dbpedia:Anglo-French_(automobile)>	1.058858036994934
INEX_XER-118	<dbpedia:Renault_Caravelle>	1.0453547239303589
INEX_XER-118	<dbpedia:Renault_20/30>	1.0252164602279663
INEX_XER-118	<dbpedia:Wolseley_15/60>	0.9186073541641235
INEX_XER-118	<dbpedia:List_of_French_films_of_1961>	0.8700391054153442
INEX_XER-119	<dbpedia:German-speaking_Switzerland>	1.4254051446914673
INEX_XER-119	<dbpedia:Swiss_German>	1.3433103561401367
INEX_XER-119	<dbpedia:Swiss_Standard_German>	1.2974153757095337
INEX_XER-119	<dbpedia:Zurich_German>	1.292557716369629
INEX_XER-119	<dbpedia:Bernese_German>	1.2750552892684937
INEX_XER-119	<dbpedia:Canton_of_Zürich>	1.2583975791931152
INEX_XER-119	<dbpedia:Languages_of_Switzerland>	1.2257869243621826
INEX_XER-119	<dbpedia:Canton_of_Glarus>	1.2072632312774658
INEX_XER-119	<dbpedia:Stans>	1.2064793109893799
INEX_XER-119	<dbpedia:Swiss_people>	1.161409616470337
INEX_XER-121	<dbpedia:United_States_elections,_1960>	1.4881458282470703
INEX_XER-121	<dbpedia:United_States_presidential_election,_1960>	1.485251784324646
INEX_XER-121	<dbpedia:1960_State_of_the_Union_Address>	1.4800058603286743
INEX_XER-121	<dbpedia:1960:_The_Making_of_the_President>	1.4429010152816772
INEX_XER-121	<dbpedia:History_of_the_United_States_(1980–91)>	1.41498601436615
INEX_XER-121	<dbpedia:United_States_presidential_election_in_New_York,_1960>	1.3794487714767456
INEX_XER-121	<dbpedia:Presidency_of_Richard_Nixon>	1.338964819908142
INEX_XER-121	<dbpedia:1960_Republican_National_Convention>	1.3306211233139038
INEX_XER-121	<dbpedia:United_States_presidential_election_in_New_Mexico,_1960>	1.2717382907867432
INEX_XER-121	<dbpedia:List_of_state_leaders_in_1960>	1.141951560974121
INEX_XER-122	<dbpedia:List_of_Big_Five_Academy_Award_winners_and_nominees>	1.2293142080307007
INEX_XER-122	<dbpedia:32nd_Academy_Awards>	1.155449628829956
INEX_XER-122	<dbpedia:23rd_Academy_Awards>	1.129185438156128
INEX_XER-122	<dbpedia:12th_Academy_Awards>	1.1142570972442627
INEX_XER-122	<dbpedia:List_of_Academy_Award-winning_films>	1.1001107692718506
INEX_XER-122	<dbpedia:80th_Academy_Awards>	1.0697581768035889
INEX_XER-122	<dbpedia:85th_Academy_Awards>	1.0583165884017944
INEX_XER-122	<dbpedia:79th_Academy_Awards>	1.0566041469573975
INEX_XER-122	<dbpedia:9th_Academy_Awards>	1.0160548686981201
INEX_XER-122	<dbpedia:List_of_films_with_the_most_Oscars_per_ceremony>	1.0096960067749023
INEX_XER-123	<dbpedia:1974_FIFA_World_Cup>	1.0585373640060425
INEX_XER-123	<dbpedia:1974_FIFA_World_Cup_Final>	1.035858392715454
INEX_XER-123	<dbpedia:1978_FIFA_World_Cup_Final>	0.964480996131897
INEX_XER-123	<dbpedia:Brazil_at_the_1974_FIFA_World_Cup>	0.9477574825286865
INEX_XER-123	<dbpedia:List_of_FIFA_World_Cup_winners>	0.910260796546936
INEX_XER-123	<dbpedia:Ballon_d'Or_1974>	0.8335451483726501
INEX_XER-123	<dbpedia:1974_FIFA_World_Cup_squads>	0.8252641558647156
INEX_XER-123	<dbpedia:FIFA_World_Cup_Dream_Team>	0.7776823043823242
INEX_XER-123	<dbpedia:1999_FIFA_World_Player_of_the_Year>	0.759046733379364
INEX_XER-123	<dbpedia:List_of_players_who_have_won_multiple_FIFA_World_Cups>	0.71047043800354
INEX_XER-124	<dbpedia:Something_to_Answer_For>	1.3925094604492188
INEX_XER-124	<dbpedia:2013_Man_Booker_Prize>	1.3884116411209106
INEX_XER-124	<dbpedia:Peter_Carey_(novelist)>	1.3128002882003784
INEX_XER-124	<dbpedia:Man_Booker_Prize>	1.308975338935852
INEX_XER-124	<dbpedia:The_Best_of_the_Booker>	1.2945442199707031
INEX_XER-124	<dbpedia:List_of_winners_and_shortlisted_authors_of_the_Booker_Prize_for_Fiction>	1.2833693027496338
INEX_XER-124	<dbpedia:Lost_Man_Booker_Prize>	1.265267252922058
INEX_XER-124	<dbpedia:2014_Man_Booker_Prize>	1.2470297813415527
INEX_XER-124	<dbpedia:2012_Man_Booker_Prize>	1.1787902116775513
INEX_XER-124	<dbpedia:2015_Man_Booker_Prize>	1.1300603151321411
INEX_XER-127	<dbpedia:Manuela_Schwesig>	1.8783267736434937
INEX_XER-127	<dbpedia:Rita_Süssmuth>	1.8702954053878784
INEX_XER-127	<dbpedia:Sabine_Lösing>	1.8615587949752808
INEX_XER-127	<dbpedia:Doris_Pack>	1.8539185523986816
INEX_XER-127	<dbpedia:Lissy_Gröner>	1.8499952554702759
INEX_XER-127	<dbpedia:Hiltrud_Breyer>	1.8380261659622192
INEX_XER-127	<dbpedia:Katja_Suding>	1.8345121145248413
INEX_XER-127	<dbpedia:Hannelore_Kraft>	1.830976128578186
INEX_XER-127	<dbpedia:Annemarie_Renger>	1.8274849653244019
INEX_XER-127	<dbpedia:Birgit_Sippel>	1.8119064569473267
