INEX_LD-2009022	<dbpedia:Cambodian_cuisine>	0.003109781304374337
INEX_LD-2009022	<dbpedia:Zhal>	0.0015213737497106194
INEX_LD-2009022	<dbpedia:Puerto_Rican_Chinese_cuisine>	0.0011427171994000673
INEX_LD-2009022	<dbpedia:Dalkttongjip>	0.0006605833768844604
INEX_LD-2009022	<dbpedia:Khorovats>	0.0005787370610050857
INEX_LD-2009022	<dbpedia:Pitsi-pitsî>	0.0004770493833348155
INEX_LD-2009022	<dbpedia:Picada>	0.00030144955962896347
INEX_LD-2009022	<dbpedia:Jalea>	0.0002860620734281838
INEX_LD-2009022	<dbpedia:Tacacho>	0.000246624433202669
INEX_LD-2009022	<dbpedia:Gras_double>	0.00014955147344153374
INEX_LD-2009039	<dbpedia:Medieval_architecture>	0.00532629806548357
INEX_LD-2009039	<dbpedia:Italian_Baroque_architecture>	0.0026613743975758553
INEX_LD-2009039	<dbpedia:Roman_type>	0.0010857490124180913
INEX_LD-2009039	<dbpedia:HP_roman8>	0.0010604211129248142
INEX_LD-2009039	<dbpedia:La_reprise>	0.0010344990296289325
INEX_LD-2009039	<dbpedia:Roman_du_terroir>	0.00032592416391707957
INEX_LD-2009039	<dbpedia:Semantic_architecture>	0.00026936267386190593
INEX_LD-2009039	<dbpedia:Sentimentalny_roman>	0.0002242790797026828
INEX_LD-2009039	<dbpedia:Le_Retour>	4.9238267820328474e-05
INEX_LD-2009039	<dbpedia:Gelse>	4.0222723328042775e-05
INEX_LD-2009053	<dbpedia:Sisu_production>	0.006360173225402832
INEX_LD-2009053	<dbpedia:Delaugère_et_Clayette>	0.0009273149771615863
INEX_LD-2009053	<dbpedia:Lada>	0.00040930588147602975
INEX_LD-2009053	<dbpedia:Praga_R1>	0.0002484589640516788
INEX_LD-2009053	<dbpedia:Opel_Kapitän>	0.00016696660895831883
INEX_LD-2009053	<dbpedia:D&S_Car_Wash>	0.00014651671517640352
INEX_LD-2009053	<dbpedia:Lancia_Beta>	0.00014047962031327188
INEX_LD-2009053	<dbpedia:Nissan_Townpod>	0.00013147910067345947
INEX_LD-2009053	<dbpedia:Lamborghini_Jalpa>	0.00011904320126632228
INEX_LD-2009053	<dbpedia:Delage_D4>	9.664917160989717e-05
INEX_LD-2009061	<dbpedia:16th_Army_Corps_(France)>	0.6075100898742676
INEX_LD-2009061	<dbpedia:41st_Army_Corps_(France)>	0.5660725831985474
INEX_LD-2009061	<dbpedia:Georges_Altman>	0.2803463637828827
INEX_LD-2009061	<dbpedia:World_war>	0.0007446447270922363
INEX_LD-2009061	<dbpedia:No._293_Squadron_RAF>	0.00035081058740615845
INEX_LD-2009061	<dbpedia:No._199_Squadron_RAF>	0.00030077184783294797
INEX_LD-2009061	<dbpedia:No._195_Squadron_RAF>	0.0002909001486841589
INEX_LD-2009061	<dbpedia:Iain_Paul>	0.00014052960614208132
INEX_LD-2009061	<dbpedia:1939_All_England_Badminton_Championships>	0.00010384915367467329
INEX_LD-2009061	<dbpedia:Vincenzo_Carabetta>	3.390091660548933e-05
INEX_LD-2009062	<dbpedia:Social_network_advertising>	0.8873849511146545
INEX_LD-2009062	<dbpedia:Collective_network>	0.818670928478241
INEX_LD-2009062	<dbpedia:Social_invisibility>	0.09852489829063416
INEX_LD-2009062	<dbpedia:Distributed_social_network>	0.07405192404985428
INEX_LD-2009062	<dbpedia:International_Network_for_Social_Network_Analysis>	0.06090196594595909
INEX_LD-2009062	<dbpedia:Communities.com>	0.008218513801693916
INEX_LD-2009062	<dbpedia:MCOP>	0.006040147505700588
INEX_LD-2009062	<dbpedia:Semantic_social_network>	0.005358707159757614
INEX_LD-2009062	<dbpedia:OpenSocialNetwork>	0.004000873304903507
INEX_LD-2009062	<dbpedia:Mentez>	0.0013965677935630083
INEX_LD-2009063	<dbpedia:D-Day_(game)>	0.884554386138916
INEX_LD-2009063	<dbpedia:Overlord_embroidery>	0.5783085823059082
INEX_LD-2009063	<dbpedia:John_G._Burkhalter>	0.08595244586467743
INEX_LD-2009063	<dbpedia:Robert_G._Cole>	0.04683060944080353
INEX_LD-2009063	<dbpedia:V_for_Victory:_D-Day_Utah_Beach>	0.0341179259121418
INEX_LD-2009063	<dbpedia:Mission_Hackensack>	0.016534827649593353
INEX_LD-2009063	<dbpedia:Axis_&_Allies:_D-Day>	0.01105330977588892
INEX_LD-2009063	<dbpedia:National_D-Day_Memorial>	0.006425167433917522
INEX_LD-2009063	<dbpedia:Index_of_World_War_II_articles_(D)>	0.0050659263506531715
INEX_LD-2009063	<dbpedia:Lionel_Shapiro>	0.0025897056329995394
INEX_LD-2009074	<dbpedia:Topic-Sensitive_PageRank>	0.9257543087005615
INEX_LD-2009074	<dbpedia:Rank_SIFT>	0.423949658870697
INEX_LD-2009074	<dbpedia:Scoring_algorithm>	0.11725787818431854
INEX_LD-2009074	<dbpedia:LIRS_caching_algorithm>	0.04592686891555786
INEX_LD-2009074	<dbpedia:Flipora>	0.0067246234975755215
INEX_LD-2009074	<dbpedia:Archery_at_the_2014_Summer_Youth_Olympics_–_Girls'_individual>	0.0007866463274694979
INEX_LD-2009074	<dbpedia:Archery_at_the_2014_Summer_Youth_Olympics_–_Boys'_individual>	0.0007320039439946413
INEX_LD-2009074	<dbpedia:Manhattan_address_algorithm>	0.00025430539972148836
INEX_LD-2009074	<dbpedia:SitePoint>	0.00016866881924215704
INEX_LD-2009074	<dbpedia:2345.com>	0.00013444603246171027
INEX_LD-2009115	<dbpedia:Virtual_Museum_of_Canada>	0.9915077686309814
INEX_LD-2009115	<dbpedia:List_of_museums_in_Oregon>	0.5326331853866577
INEX_LD-2009115	<dbpedia:List_of_museums_in_Texas>	0.5267748236656189
INEX_LD-2009115	<dbpedia:List_of_museums_in_East_Texas>	0.36528342962265015
INEX_LD-2009115	<dbpedia:List_of_museums_in_West_Texas>	0.32891565561294556
INEX_LD-2009115	<dbpedia:List_of_museums_in_the_Texas_Gulf_Coast>	0.3177413046360016
INEX_LD-2009115	<dbpedia:List_of_museums_in_South_Texas>	0.3078061044216156
INEX_LD-2009115	<dbpedia:List_of_museums_in_the_Texas_Panhandle>	0.28588196635246277
INEX_LD-2009115	<dbpedia:List_of_museums_in_Montreal>	0.24211594462394714
INEX_LD-2009115	<dbpedia:List_of_museums_on_Long_Island>	0.1437806785106659
INEX_LD-2010004	<dbpedia:Indian_Singaporean_cuisine>	0.6890483498573303
INEX_LD-2010004	<dbpedia:Chinese_bhel>	0.5751431584358215
INEX_LD-2010004	<dbpedia:Indian_bread>	0.3077996075153351
INEX_LD-2010004	<dbpedia:K._T._Achaya>	0.23173530399799347
INEX_LD-2010004	<dbpedia:Anjum_Anand>	0.19611333310604095
INEX_LD-2010004	<dbpedia:Ragda_pattice>	0.1940401792526245
INEX_LD-2010004	<dbpedia:List_of_Indian_breads>	0.09462982416152954
INEX_LD-2010004	<dbpedia:Food_Distribution_Program_on_Indian_Reservations>	0.0476888045668602
INEX_LD-2010004	<dbpedia:Haggis_pakora>	0.015755532309412956
INEX_LD-2010004	<dbpedia:Bhang>	0.002731154439970851
INEX_LD-2010014	<dbpedia:Musée-Placard_d'Erik_Satie>	0.9932552576065063
INEX_LD-2010014	<dbpedia:Antonín_Dvořák_Museum>	0.992986261844635
INEX_LD-2010014	<dbpedia:Fryderyk_Chopin_Museum>	0.992895781993866
INEX_LD-2010014	<dbpedia:Tchaikovsky_Museum_(Votkinsk)>	0.9903301000595093
INEX_LD-2010014	<dbpedia:Elgar_Birthplace_Museum>	0.9877274036407471
INEX_LD-2010014	<dbpedia:Ivanovka_estate>	0.8737322092056274
INEX_LD-2010014	<dbpedia:Lin_Hsin_Hsin_Art_Museum>	0.7497724890708923
INEX_LD-2010014	<dbpedia:Lin_Hsin_Hsin>	0.6903204917907715
INEX_LD-2010014	<dbpedia:Jodle_Birge>	0.6158899068832397
INEX_LD-2010014	<dbpedia:List_of_museums_in_Andorra>	0.00023424872779287398
INEX_LD-2010019	<dbpedia:La_reprise>	0.0006807927857153118
INEX_LD-2010019	<dbpedia:4th_century_in_architecture>	0.0001058635680237785
INEX_LD-2010019	<dbpedia:10th_century_in_architecture>	8.732690912438557e-05
INEX_LD-2010019	<dbpedia:3rd_century_in_architecture>	8.387629350181669e-05
INEX_LD-2010019	<dbpedia:5th_century_in_architecture>	8.260056347353384e-05
INEX_LD-2010019	<dbpedia:8th_century_in_architecture>	8.056794467847794e-05
INEX_LD-2010019	<dbpedia:Orthogonius_paris>	3.590700725908391e-05
INEX_LD-2010019	<dbpedia:Crambus_paris>	3.0227705792640336e-05
INEX_LD-2010019	<dbpedia:Franck_Tchiloemba>	1.8852730136131868e-05
INEX_LD-2010019	<dbpedia:Papilio_paris_tamilana>	1.8415075828670524e-05
INEX_LD-2010020	<dbpedia:Electricity_sector_in_France>	0.9948880076408386
INEX_LD-2010020	<dbpedia:Wind_power_in_France>	0.9900813698768616
INEX_LD-2010020	<dbpedia:Energy_in_France>	0.9695571064949036
INEX_LD-2010020	<dbpedia:Electricity_sector_in_Belgium>	0.0739968791604042
INEX_LD-2010020	<dbpedia:Hydroelectricity_in_Romania>	0.009569158777594566
INEX_LD-2010020	<dbpedia:Energy_in_Victoria_(Australia)>	0.006199507974088192
INEX_LD-2010020	<dbpedia:Electricity_sector_in_Spain>	0.006019893568009138
INEX_LD-2010020	<dbpedia:Guarantee_of_origin>	0.005586425773799419
INEX_LD-2010020	<dbpedia:Nuclear_power_in_India>	0.0026219894643872976
INEX_LD-2010020	<dbpedia:Mandatory_renewable_energy_target>	0.001192371011711657
INEX_LD-2010037	<dbpedia:Open_Collaboration_Services>	0.9666914343833923
INEX_LD-2010037	<dbpedia:Samepoint>	0.9445526599884033
INEX_LD-2010037	<dbpedia:Gnip>	0.922247588634491
INEX_LD-2010037	<dbpedia:Distributed_social_network>	0.21737609803676605
INEX_LD-2010037	<dbpedia:OpenSocialNetwork>	0.11851409822702408
INEX_LD-2010037	<dbpedia:International_Network_for_Social_Network_Analysis>	0.07971706241369247
INEX_LD-2010037	<dbpedia:Communities.com>	0.0037634295877069235
INEX_LD-2010037	<dbpedia:JSLEE>	0.0022623836994171143
INEX_LD-2010037	<dbpedia:Winsock>	0.001951221376657486
INEX_LD-2010037	<dbpedia:Mentez>	0.0005515008233487606
INEX_LD-2010043	<dbpedia:List_of_horror_films_of_the_2000s>	0.0008742957725189626
INEX_LD-2010043	<dbpedia:List_of_horror_films_of_the_1980s>	0.0007768323994241655
INEX_LD-2010043	<dbpedia:List_of_horror_films_of_the_2010s>	0.0006891082157380879
INEX_LD-2010043	<dbpedia:List_of_horror_films_of_the_1990s>	0.0006841564318165183
INEX_LD-2010043	<dbpedia:List_of_horror_films_of_the_1960s>	0.0006211106665432453
INEX_LD-2010043	<dbpedia:List_of_horror_films_of_the_1970s>	0.0006062261527404189
INEX_LD-2010043	<dbpedia:List_of_Iranian_films>	0.0005724641378037632
INEX_LD-2010043	<dbpedia:List_of_Assamese_films>	0.00023536299704574049
INEX_LD-2010043	<dbpedia:List_of_Turkish_films_of_the_1970s>	0.0001335406705038622
INEX_LD-2010043	<dbpedia:List_of_Telugu_films_of_the_2010s>	0.00012789094762410969
INEX_LD-2010057	<dbpedia:The_Einstein_Theory_of_Relativity>	0.9918100237846375
INEX_LD-2010057	<dbpedia:Relativity_priority_dispute>	0.9820101857185364
INEX_LD-2010057	<dbpedia:Criticism_of_the_theory_of_relativity>	0.9493614435195923
INEX_LD-2010057	<dbpedia:History_of_loop_quantum_gravity>	0.8395377993583679
INEX_LD-2010057	<dbpedia:Beyond_Einstein_program>	0.6588616371154785
INEX_LD-2010057	<dbpedia:Einstein_Telescope>	0.5194723606109619
INEX_LD-2010057	<dbpedia:Higher-dimensional_Einstein_gravity>	0.24095705151557922
INEX_LD-2010057	<dbpedia:Lovelock_theory_of_gravity>	0.198044091463089
INEX_LD-2010057	<dbpedia:Abraham_Zelmanov>	0.006389793008565903
INEX_LD-2010057	<dbpedia:Reinventing_Gravity>	0.0010409035021439195
INEX_LD-2010069	<dbpedia:Kallstroemia_grandiflora>	0.5978517532348633
INEX_LD-2010069	<dbpedia:Oenothera_odorata>	0.16051064431667328
INEX_LD-2010069	<dbpedia:Paris_polyphylla>	0.10522294044494629
INEX_LD-2010069	<dbpedia:Agalinis_purpurea>	0.0338117890059948
INEX_LD-2010069	<dbpedia:Agalinis_tenuifolia>	0.015464797616004944
INEX_LD-2010069	<dbpedia:Chamaecrista_fasciculata>	0.007006045430898666
INEX_LD-2010069	<dbpedia:Centaurea_nigrescens>	0.00441801268607378
INEX_LD-2010069	<dbpedia:Cheilosia_bergenstammi>	0.0040689874440431595
INEX_LD-2010069	<dbpedia:Aulax>	0.002119070151820779
INEX_LD-2010069	<dbpedia:Guldborgsund_Zoo>	0.0014184049796313047
INEX_LD-2010100	<dbpedia:Bromley-Mills-Treece_House>	0.5790184140205383
INEX_LD-2010100	<dbpedia:Reeves_House_(Siloam_Springs,_Arkansas)>	0.534861147403717
INEX_LD-2010100	<dbpedia:Attwood-Hopson_House>	0.49847105145454407
INEX_LD-2010100	<dbpedia:Hubert_&_Ionia_Furr_House>	0.4737931191921234
INEX_LD-2010100	<dbpedia:US_Coast_Guard_and_Geodetic_Survey_Seismological_and_Geomagnetic_House>	0.1739867776632309
INEX_LD-2010100	<dbpedia:Fairbanks_Exploration_Company_Manager's_House>	0.15660931169986725
INEX_LD-2010100	<dbpedia:Courthouse_of_American_Samoa>	0.041638344526290894
INEX_LD-2010100	<dbpedia:McClelland-Grimes_Farm>	0.014436602592468262
INEX_LD-2010100	<dbpedia:Luther_Elliott_House>	0.003085432108491659
INEX_LD-2010100	<dbpedia:Sunol_Water_Temple>	0.0006109476089477539
INEX_LD-2010106	<dbpedia:Organic_product>	0.08269284665584564
INEX_LD-2010106	<dbpedia:Vegan_organic_gardening>	0.02004935033619404
INEX_LD-2010106	<dbpedia:Organic_certification>	0.00643335934728384
INEX_LD-2010106	<dbpedia:Organic_beef>	0.0028892981354147196
INEX_LD-2010106	<dbpedia:Eden_Foods_Inc.>	0.0005127846961840987
INEX_LD-2010106	<dbpedia:Dogs_101>	7.12399632902816e-05
INEX_LD-2010106	<dbpedia:Structural_inequality_in_education>	7.122651732061058e-05
INEX_LD-2010106	<dbpedia:Propyl_benzoate>	6.219025090103969e-05
INEX_LD-2010106	<dbpedia:Visual_privacy>	4.767914651893079e-05
INEX_LD-2010106	<dbpedia:Transesophageal_echocardiogram>	3.6851459299214184e-05
INEX_LD-20120111	<dbpedia:Surface_to_Air_(film)>	0.0013572626048699021
INEX_LD-20120111	<dbpedia:Hindustan_Ki_Kasam>	0.000827670271974057
INEX_LD-20120111	<dbpedia:Fragments_of_War:_The_Story_of_Damien_Parer>	0.0006175367743708193
INEX_LD-20120111	<dbpedia:Ogniomistrz_Kaleń>	0.0005021544056944549
INEX_LD-20120111	<dbpedia:Attack_and_Retreat>	0.0004920318024232984
INEX_LD-20120111	<dbpedia:Trench_143>	0.00035060005029663444
INEX_LD-20120111	<dbpedia:Eagles_(1984_film)>	0.0003450060321483761
INEX_LD-20120111	<dbpedia:Carter's_Army>	0.00021139089949429035
INEX_LD-20120111	<dbpedia:Khan_Kluay_2>	6.441533332690597e-05
INEX_LD-20120111	<dbpedia:Jocelyn_Brando>	4.993273250875063e-05
INEX_LD-20120121	<dbpedia:John_Mitzewich>	7.00165328453295e-05
INEX_LD-20120121	<dbpedia:Cooking_Light>	5.653847983921878e-05
INEX_LD-20120121	<dbpedia:Mehboob_Alam_Khan>	4.278017149772495e-05
INEX_LD-20120121	<dbpedia:The_F_Word>	3.796882083406672e-05
INEX_LD-20120121	<dbpedia:Michelle_Tam>	3.340574403409846e-05
INEX_LD-20120121	<dbpedia:The_Redwall_Cookbook>	3.1892523111309856e-05
INEX_LD-20120121	<dbpedia:The_Ultimate_Beer_Lover's_Cookbook>	3.03092529065907e-05
INEX_LD-20120121	<dbpedia:Coddling>	2.5441297111683525e-05
INEX_LD-20120121	<dbpedia:Connie_Ruel>	2.2397076463676058e-05
INEX_LD-20120121	<dbpedia:Sue_Lawrence>	2.1060421204310842e-05
INEX_LD-20120122	<dbpedia:Pastanjauhantaa>	0.011434181593358517
INEX_LD-20120122	<dbpedia:Serious_Eats>	0.007451796904206276
INEX_LD-20120122	<dbpedia:Clotilde_Dusoulier>	0.003988404758274555
INEX_LD-20120122	<dbpedia:Weblogs,_Inc.>	0.0007416574517264962
INEX_LD-20120122	<dbpedia:Danielle_Walker>	0.000687312800437212
INEX_LD-20120122	<dbpedia:BrooklynVegan>	0.0004648910544347018
INEX_LD-20120122	<dbpedia:Sarah_Wu>	0.00028596987249329686
INEX_LD-20120122	<dbpedia:DesiPundit>	0.00023933290503919125
INEX_LD-20120122	<dbpedia:BlogCN>	0.00013530152500607073
INEX_LD-20120122	<dbpedia:VG247>	0.00010159403609577566
INEX_LD-20120131	<dbpedia:Jebil_National_Park>	0.0002864442649297416
INEX_LD-20120131	<dbpedia:Campo_Ma'an_National_Park>	0.00022768152120988816
INEX_LD-20120131	<dbpedia:Boukornine_National_Park>	0.00019493176660034806
INEX_LD-20120131	<dbpedia:Bandai-Asahi_National_Park>	0.00018866552272811532
INEX_LD-20120131	<dbpedia:Warrumbungle_National_Park>	0.00016917836910579354
INEX_LD-20120131	<dbpedia:Katavi_National_Park>	0.00016023001808207482
INEX_LD-20120131	<dbpedia:Grasslands_National_Park>	0.0001514402247266844
INEX_LD-20120131	<dbpedia:Mont-Tremblant_National_Park>	0.00010881263733608648
INEX_LD-20120131	<dbpedia:Epping_Forest_National_Park>	8.249987877206877e-05
INEX_LD-20120131	<dbpedia:Mole_Creek_Karst_National_Park>	6.698051583953202e-05
INEX_LD-20120211	<dbpedia:Open_C_tuning>	0.9755000472068787
INEX_LD-20120211	<dbpedia:Open_B_tuning>	0.9717473387718201
INEX_LD-20120211	<dbpedia:Open_D_tuning>	0.9574407935142517
INEX_LD-20120211	<dbpedia:DADGAD>	0.9311637282371521
INEX_LD-20120211	<dbpedia:B♭_tuning>	0.8630439639091492
INEX_LD-20120211	<dbpedia:E♭_tuning>	0.8120561242103577
INEX_LD-20120211	<dbpedia:Drop_B_tuning>	0.7348297238349915
INEX_LD-20120211	<dbpedia:E9_tuning>	0.30424177646636963
INEX_LD-20120211	<dbpedia:Le_Igi>	0.11546280980110168
INEX_LD-20120211	<dbpedia:Insen_scale>	0.0018201983766630292
INEX_LD-20120221	<dbpedia:Flamenco_guitar>	0.9982990622520447
INEX_LD-20120221	<dbpedia:Lester_DeVoe>	0.9949583411216736
INEX_LD-20120221	<dbpedia:Grisha_Goryachev>	0.9910866618156433
INEX_LD-20120221	<dbpedia:Ramírez_Guitars>	0.9817102551460266
INEX_LD-20120221	<dbpedia:Hermanos_Conde>	0.9784201979637146
INEX_LD-20120221	<dbpedia:Picados>	0.9613795876502991
INEX_LD-20120221	<dbpedia:Paco_de_Lucena>	0.9442585706710815
INEX_LD-20120221	<dbpedia:Rasgueado>	0.9264487624168396
INEX_LD-20120221	<dbpedia:New_Flamenco>	0.9187794327735901
INEX_LD-20120221	<dbpedia:Juan_Martín>	0.8638043403625488
INEX_LD-20120231	<dbpedia:Anastasia_Bardina>	0.9939770698547363
INEX_LD-20120231	<dbpedia:Sasha_Kolpakov>	0.9893648624420166
INEX_LD-20120231	<dbpedia:Mr_Russia>	0.9509545564651489
INEX_LD-20120231	<dbpedia:Lenar_Gilmullin>	0.0007406114018522203
INEX_LD-20120231	<dbpedia:Indians_in_Russia>	0.0006484431796707213
INEX_LD-20120231	<dbpedia:Vladimir_Mikhailovich_Yashvil>	0.0005155313410796225
INEX_LD-20120231	<dbpedia:Nicholas_Tolstoy>	0.00039774877950549126
INEX_LD-20120231	<dbpedia:Russky_Newsweek>	0.00038615489029325545
INEX_LD-20120231	<dbpedia:Emmanuel_Rashba>	0.00028504602960310876
INEX_LD-20120231	<dbpedia:Polish_I_Corps_in_Russia>	0.00020121778652537614
INEX_LD-20120232	<dbpedia:West_Coast_blues>	0.9520272016525269
INEX_LD-20120232	<dbpedia:Rick_Fowler>	0.8620229363441467
INEX_LD-20120232	<dbpedia:Bentonia_School>	0.7868613600730896
INEX_LD-20120232	<dbpedia:Willie_Brown_(musician)>	0.6024035215377808
INEX_LD-20120232	<dbpedia:Long_Gone_(album)>	0.5810626149177551
INEX_LD-20120232	<dbpedia:Gospel_blues>	0.5692894458770752
INEX_LD-20120232	<dbpedia:Frank_Hutchison>	0.5278010964393616
INEX_LD-20120232	<dbpedia:Texas_blues>	0.49457329511642456
INEX_LD-20120232	<dbpedia:List_of_Texas_blues_musicians>	0.48694005608558655
INEX_LD-20120232	<dbpedia:Blues_Bureau_International>	0.4604155421257019
INEX_LD-20120311	<dbpedia:Buenas_noches,_Buenos_Aires>	0.9933945536613464
INEX_LD-20120311	<dbpedia:El_tango_vuelve_a_París>	0.9612328410148621
INEX_LD-20120311	<dbpedia:Tango>	0.3120558261871338
INEX_LD-20120311	<dbpedia:Milonguero>	0.040916550904512405
INEX_LD-20120311	<dbpedia:Juan_Carlos_Copes>	0.006215746980160475
INEX_LD-20120311	<dbpedia:List_of_tango_singers>	0.0020327356178313494
INEX_LD-20120311	<dbpedia:Roberto_Firpo>	0.002027252921834588
INEX_LD-20120311	<dbpedia:Homer_Ladas>	0.0019460448529571295
INEX_LD-20120311	<dbpedia:Thrill_of_the_Surf>	0.00022984373208601028
INEX_LD-20120311	<dbpedia:Bloody_Mary_folklore_in_popular_culture>	4.7197248932207e-05
INEX_LD-20120312	<dbpedia:Tango>	0.8952118754386902
INEX_LD-20120312	<dbpedia:Buenas_noches,_Buenos_Aires>	0.2364071011543274
INEX_LD-20120312	<dbpedia:Milonguero>	0.1810532510280609
INEX_LD-20120312	<dbpedia:Juan_Carlos_Copes>	0.16738273203372955
INEX_LD-20120312	<dbpedia:Homer_Ladas>	0.030205072835087776
INEX_LD-20120312	<dbpedia:El_tango_vuelve_a_París>	0.029670387506484985
INEX_LD-20120312	<dbpedia:Roberto_Firpo>	0.017161458730697632
INEX_LD-20120312	<dbpedia:Cátulo_Castillo>	0.014087077230215073
INEX_LD-20120312	<dbpedia:List_of_tango_singers>	0.0006904765032231808
INEX_LD-20120312	<dbpedia:Subdivisions_of_the_Nordic_countries>	0.00011695922148646787
INEX_LD-20120321	<dbpedia:Juan_Carlos_Cobián>	0.9980525970458984
INEX_LD-20120321	<dbpedia:Roberto_Firpo>	0.9957263469696045
INEX_LD-20120321	<dbpedia:Finnish_tango>	0.8442591428756714
INEX_LD-20120321	<dbpedia:Buenos_Aires_8>	0.8140934109687805
INEX_LD-20120321	<dbpedia:Mi_Buenos_Aires_querido>	0.5836795568466187
INEX_LD-20120321	<dbpedia:London_Concertante>	0.5692568421363831
INEX_LD-20120321	<dbpedia:Homer_Ladas>	0.008499703370034695
INEX_LD-20120321	<dbpedia:List_of_classical_music_composers_by_era>	0.0025285284500569105
INEX_LD-20120321	<dbpedia:List_of_symphony_composers>	0.002016321523115039
INEX_LD-20120321	<dbpedia:List_of_classical_composers_in_the_German_Democratic_Republic>	0.0008945188019424677
INEX_LD-20120331	<dbpedia:Tango>	0.9239088296890259
INEX_LD-20120331	<dbpedia:Neotango>	0.9194268584251404
INEX_LD-20120331	<dbpedia:Queer_Tango>	0.59271240234375
INEX_LD-20120331	<dbpedia:Homer_Ladas>	0.5657432675361633
INEX_LD-20120331	<dbpedia:Juan_Carlos_Copes>	0.3431544601917267
INEX_LD-20120331	<dbpedia:Milonguero>	0.1274455040693283
INEX_LD-20120331	<dbpedia:Osvaldo_Pugliese>	0.032478492707014084
INEX_LD-20120331	<dbpedia:Juan_Carlos_Cobián>	0.014338961802423
INEX_LD-20120331	<dbpedia:Enrique_Saborido>	0.0030816886574029922
INEX_LD-20120331	<dbpedia:Hip-hop_dance>	0.002172566717490554
INEX_LD-20120332	<dbpedia:Tango>	0.9904559254646301
INEX_LD-20120332	<dbpedia:Juan_Carlos_Copes>	0.7608461976051331
INEX_LD-20120332	<dbpedia:Juan_Carlos_Cobián>	0.6621360182762146
INEX_LD-20120332	<dbpedia:Tango_on_intohimoni>	0.655719518661499
INEX_LD-20120332	<dbpedia:Neotango>	0.5171619057655334
INEX_LD-20120332	<dbpedia:Enrique_Saborido>	0.4742938280105591
INEX_LD-20120332	<dbpedia:Milonguero>	0.4269546568393707
INEX_LD-20120332	<dbpedia:Homer_Ladas>	0.3247612416744232
INEX_LD-20120332	<dbpedia:Osvaldo_Pugliese>	0.19376009702682495
INEX_LD-20120332	<dbpedia:Queer_Tango>	0.16058850288391113
INEX_LD-20120411	<dbpedia:Elimination_races>	0.9937322735786438
INEX_LD-20120411	<dbpedia:Tour_de_Berne>	0.9651726484298706
INEX_LD-20120411	<dbpedia:2015_in_women's_road_cycling>	0.9610024690628052
INEX_LD-20120411	<dbpedia:2014_in_women's_road_cycling>	0.9574019908905029
INEX_LD-20120411	<dbpedia:2015_in_men's_road_cycling>	0.955376386642456
INEX_LD-20120411	<dbpedia:Brussels_Cycling_Classic>	0.9531111121177673
INEX_LD-20120411	<dbpedia:Giro_dell'Emilia>	0.9232122302055359
INEX_LD-20120411	<dbpedia:Tour_of_Somerville>	0.9227684140205383
INEX_LD-20120411	<dbpedia:Golan_(cycling_race)>	0.9186832308769226
INEX_LD-20120411	<dbpedia:BMX_bike>	0.8779803514480591
INEX_LD-20120412	<dbpedia:Cycling_at_the_2015_European_Games>	0.9913421273231506
INEX_LD-20120412	<dbpedia:Cycling_at_the_2000_Summer_Olympics>	0.9913297891616821
INEX_LD-20120412	<dbpedia:Motorcycle_sport>	0.9338349103927612
INEX_LD-20120412	<dbpedia:Mathieu_van_der_Poel>	0.8500717878341675
INEX_LD-20120412	<dbpedia:BMX_bike>	0.6483289003372192
INEX_LD-20120412	<dbpedia:Figure_skating>	0.0016523225931450725
INEX_LD-20120412	<dbpedia:Ski-orienteering>	0.000996220507659018
INEX_LD-20120412	<dbpedia:Archery_at_the_Summer_Universiade>	0.0003332309424877167
INEX_LD-20120412	<dbpedia:Trampette>	0.0002603201719466597
INEX_LD-20120412	<dbpedia:American_Warmblood>	0.0001620541443116963
INEX_LD-20120421	<dbpedia:Tour_de_Donut>	0.06914066523313522
INEX_LD-20120421	<dbpedia:Balgowan,_South_Australia>	0.0016655130311846733
INEX_LD-20120421	<dbpedia:Sa_Riera>	0.0006882813177071512
INEX_LD-20120421	<dbpedia:Kelling_Heath_Holiday_Park>	0.00039021094562485814
INEX_LD-20120421	<dbpedia:South_Lakeland_Parks>	0.00024641354684717953
INEX_LD-20120421	<dbpedia:Bicycle_tools>	0.00014763248327653855
INEX_LD-20120421	<dbpedia:Newspaper_holiday>	0.00010844962525879964
INEX_LD-20120421	<dbpedia:List_of_bicycle_part_manufacturing_companies>	0.00010520032810745761
INEX_LD-20120421	<dbpedia:Yarmouth–Lowestoft_Line>	7.769601506879553e-05
INEX_LD-20120421	<dbpedia:Substitute_holiday>	4.7644556616432965e-05
INEX_LD-20120422	<dbpedia:Bicycle_cooperative>	0.0013735962565988302
INEX_LD-20120422	<dbpedia:Bicycle_Accident_Reconstruction_and_Litigation>	0.00048803380923345685
INEX_LD-20120422	<dbpedia:Single-speed_bicycle>	0.0004657621611841023
INEX_LD-20120422	<dbpedia:Newspaper_holiday>	0.0002730055421125144
INEX_LD-20120422	<dbpedia:Greenery_Day>	0.00020731765835080296
INEX_LD-20120422	<dbpedia:Bicycle_tools>	0.00020384223898872733
INEX_LD-20120422	<dbpedia:Substitute_holiday>	0.00015274564793799073
INEX_LD-20120422	<dbpedia:List_of_bicycle_part_manufacturing_companies>	0.00012490025255829096
INEX_LD-20120422	<dbpedia:Garifuna_Settlement_Day>	6.94549671607092e-05
INEX_LD-20120422	<dbpedia:South_Lakeland_Parks>	4.29306564910803e-05
INEX_LD-20120431	<dbpedia:Cardboard_bicycle>	0.01242027711123228
INEX_LD-20120431	<dbpedia:BenMAP>	0.00018476707919035107
INEX_LD-20120431	<dbpedia:Behavior_change_(public_health)>	0.00017708314408082515
INEX_LD-20120431	<dbpedia:Universal_health_care>	0.00013452670827973634
INEX_LD-20120431	<dbpedia:Integrity_Health>	0.00010516050679143518
INEX_LD-20120431	<dbpedia:Mental_Health_Parity_Act>	6.373618816724047e-05
INEX_LD-20120431	<dbpedia:Honeygar>	4.6478642616420984e-05
INEX_LD-20120431	<dbpedia:Superfood>	3.87336804124061e-05
INEX_LD-20120431	<dbpedia:Grain_crimping>	2.9363234716583975e-05
INEX_LD-20120431	<dbpedia:Oklahoma_Health_Care_Authority>	2.1766656573163345e-05
INEX_LD-20120511	<dbpedia:List_of_female_rock_singers>	0.9947280287742615
INEX_LD-20120511	<dbpedia:List_of_female_heavy_metal_singers>	0.985716700553894
INEX_LD-20120511	<dbpedia:Panty_Raid_(album)>	0.6235959529876709
INEX_LD-20120511	<dbpedia:Krosswindz>	0.3690783679485321
INEX_LD-20120511	<dbpedia:Fariha_Pervez>	0.34643346071243286
INEX_LD-20120511	<dbpedia:Qamar_Gula>	0.0888606607913971
INEX_LD-20120511	<dbpedia:Bangladesh_National_Film_Award_for_Best_Female_Playback_Singer>	0.011862445622682571
INEX_LD-20120511	<dbpedia:Egyptian_(band)>	0.003030856139957905
INEX_LD-20120511	<dbpedia:Larry_Parnes>	0.0005557054537348449
INEX_LD-20120511	<dbpedia:Revista_H>	0.0001171016410808079
INEX_LD-20120512	<dbpedia:Blady>	0.998380184173584
INEX_LD-20120512	<dbpedia:List_of_South_Korean_idol_groups>	0.9939665794372559
INEX_LD-20120512	<dbpedia:Starship_Entertainment>	0.9771423935890198
INEX_LD-20120512	<dbpedia:List_of_girl_groups>	0.07083266973495483
INEX_LD-20120512	<dbpedia:Piece_(album)>	0.0016774547984823585
INEX_LD-20120512	<dbpedia:Korea_Janggi_Association>	0.0006497982540167868
INEX_LD-20120512	<dbpedia:List_of_songs_recorded_by_Beyoncé>	0.0004533256869763136
INEX_LD-20120512	<dbpedia:Kim_Du-han>	0.0001135088677983731
INEX_LD-20120512	<dbpedia:Kiely_Williams>	0.00011193242244189605
INEX_LD-20120512	<dbpedia:Kim_Kuk-hyang_(weightlifter)>	7.833489507902414e-05
INEX_LD-20120521	<dbpedia:List_of_electronic_music_genres>	0.9959936141967773
INEX_LD-20120521	<dbpedia:Timeline_of_electronic_music_genres>	0.9498773217201233
INEX_LD-20120521	<dbpedia:List_of_electronic_music_festivals>	0.8653239607810974
INEX_LD-20120521	<dbpedia:Bloc_Festival>	0.8627258539199829
INEX_LD-20120521	<dbpedia:German_electronic_music>	0.8384073376655579
INEX_LD-20120521	<dbpedia:The_One-T_ODC>	0.7393485903739929
INEX_LD-20120521	<dbpedia:Vert_(music)>	0.6360346674919128
INEX_LD-20120521	<dbpedia:Charlie_Atom>	0.5548967123031616
INEX_LD-20120521	<dbpedia:Michael_William_Gilbert>	0.10701573640108109
INEX_LD-20120521	<dbpedia:Sunny_Viswanath>	0.009575818665325642
INEX_LD-20120522	<dbpedia:List_of_Online_Digital_Musical_Document_Libraries>	0.923574686050415
INEX_LD-20120522	<dbpedia:Musical_notation>	0.485364705324173
INEX_LD-20120522	<dbpedia:Netlabel>	0.12546730041503906
INEX_LD-20120522	<dbpedia:Comparison_of_scorewriters>	0.08286283165216446
INEX_LD-20120522	<dbpedia:Graphic_notation>	0.0761767029762268
INEX_LD-20120522	<dbpedia:HDtracks>	0.03743022680282593
INEX_LD-20120522	<dbpedia:REX2>	0.017871839925646782
INEX_LD-20120522	<dbpedia:Scorewriter>	0.007852649316191673
INEX_LD-20120522	<dbpedia:MOD_and_TOD>	0.0026434350293129683
INEX_LD-20120522	<dbpedia:Linear_(film)>	0.00016829106607474387
INEX_LD-20120531	<dbpedia:Sébastien_Nasra>	0.8842328190803528
INEX_LD-20120531	<dbpedia:Power_Five_conferences>	0.0019320979481562972
INEX_LD-20120531	<dbpedia:Associations_of_the_United_Church_of_Christ>	0.0008655660203658044
INEX_LD-20120531	<dbpedia:Gordon_Research_Conferences>	0.0008637626306153834
INEX_LD-20120531	<dbpedia:European_Joint_Conferences_on_Theory_and_Practice_of_Software>	0.0005693425191566348
INEX_LD-20120531	<dbpedia:List_of_conferences_in_London>	0.0005267244996502995
INEX_LD-20120531	<dbpedia:List_of_computer_science_conferences>	0.0004718858690466732
INEX_LD-20120531	<dbpedia:Environmental_mega_conferences>	0.00023732233967166394
INEX_LD-20120531	<dbpedia:YoungStartup_Ventures>	0.00015068374341353774
INEX_LD-20120531	<dbpedia:California_Democratic_Council>	3.0259721825132146e-05
INEX_LD-20120532	<dbpedia:All_Party_Parliamentary_Intellectual_Property_Group>	0.22239409387111664
INEX_LD-20120532	<dbpedia:Banner_&_Witcoff>	0.06597501784563065
INEX_LD-20120532	<dbpedia:Intellectual_property_infringement>	0.04241262003779411
INEX_LD-20120532	<dbpedia:Enforcement_Directive>	0.03158814460039139
INEX_LD-20120532	<dbpedia:Proposed_directive_on_criminal_measures_aimed_at_ensuring_the_enforcement_of_intellectual_property_rights>	0.011562605388462543
INEX_LD-20120532	<dbpedia:Anti-Counterfeiting_Trade_Agreement>	0.007686187047511339
INEX_LD-20120532	<dbpedia:Public_domain_in_the_United_States>	0.001408719690516591
INEX_LD-20120532	<dbpedia:Timothy_Swanson>	0.0011470206081867218
INEX_LD-20120532	<dbpedia:Cross-licensing>	0.0007818115409463644
INEX_LD-20120532	<dbpedia:Celebrity_bond>	0.0006514251581393182
INEX_LD-2012301	<dbpedia:Niagara_Lake>	0.851163923740387
INEX_LD-2012301	<dbpedia:T_Lake_Falls>	0.24442847073078156
INEX_LD-2012301	<dbpedia:American_Falls>	0.04765169695019722
INEX_LD-2012301	<dbpedia:Horseshoe_Falls>	0.013520337641239166
INEX_LD-2012301	<dbpedia:Albion_Falls>	0.01010543666779995
INEX_LD-2012301	<dbpedia:Goat_Island_(New_York)>	0.00452678557485342
INEX_LD-2012301	<dbpedia:Sixteen_Mile_Creek_(Niagara_Region)>	0.0034871252719312906
INEX_LD-2012301	<dbpedia:List_of_objects_that_have_gone_over_Niagara_Falls>	0.0017345098312944174
INEX_LD-2012301	<dbpedia:Pocono_Peak_Lake>	0.0009635711321607232
INEX_LD-2012301	<dbpedia:Karel_Soucek>	0.00044881319627165794
INEX_LD-2012303	<dbpedia:Arthroconidium>	0.5817310810089111
INEX_LD-2012303	<dbpedia:San_Joaquin_Valley>	0.036924831569194794
INEX_LD-2012303	<dbpedia:California_Valley_coyote>	0.0020300871692597866
INEX_LD-2012303	<dbpedia:San_Joaquin_antelope_squirrel>	0.0018823618302121758
INEX_LD-2012303	<dbpedia:San_Joaquin_Formation>	0.0012364446884021163
INEX_LD-2012303	<dbpedia:San_Joaquin_Valley_League>	0.0011364046949893236
INEX_LD-2012303	<dbpedia:San_Joaquin_Light_and_Power_Corporation>	0.0005522884894162416
INEX_LD-2012303	<dbpedia:San_Joaquin_Valley_Library_System>	0.0005222672480158508
INEX_LD-2012303	<dbpedia:Ingram_Creek>	0.0002608525101095438
INEX_LD-2012303	<dbpedia:Little_Salado_Creek>	0.0002392680908087641
INEX_LD-2012305	<dbpedia:North_Dakota's_1st_congressional_district>	0.0001086895281332545
INEX_LD-2012305	<dbpedia:North_Dakota's_3rd_congressional_district>	9.739577944856137e-05
INEX_LD-2012305	<dbpedia:North_Dakota_HB_1572>	9.376407251693308e-05
INEX_LD-2012305	<dbpedia:North_Dakota_Governor's_Residence>	7.39062306820415e-05
INEX_LD-2012305	<dbpedia:Aslag_Benson>	5.7706627558218315e-05
INEX_LD-2012305	<dbpedia:James_H._Sinclair>	5.534434239962138e-05
INEX_LD-2012305	<dbpedia:Charles_Wachter>	5.357608097256161e-05
INEX_LD-2012305	<dbpedia:United_States_House_of_Representatives_election_in_North_Dakota,_2004>	5.1877530495403334e-05
INEX_LD-2012305	<dbpedia:Edward_L._Garden>	4.307497147237882e-05
INEX_LD-2012305	<dbpedia:Overprinting>	7.4716072049341165e-06
INEX_LD-2012309	<dbpedia:Kuala_Sawah>	0.7616607546806335
INEX_LD-2012309	<dbpedia:List_of_Singapore-related_topics>	0.05799398943781853
INEX_LD-2012309	<dbpedia:Sungai_Rokam>	0.04251040518283844
INEX_LD-2012309	<dbpedia:Urak_Lawoi’_language>	0.0044570802710950375
INEX_LD-2012309	<dbpedia:Spanner_barb>	0.0002957498363684863
INEX_LD-2012309	<dbpedia:Harbour_Breton>	0.00018508698849473149
INEX_LD-2012309	<dbpedia:Bjelkarøy>	0.00017279617895837873
INEX_LD-2012309	<dbpedia:Lerøyna>	0.00013988003775011748
INEX_LD-2012309	<dbpedia:Brevibora>	0.00013839377788826823
INEX_LD-2012309	<dbpedia:Oreichthys_parvus>	8.7384891230613e-05
INEX_LD-2012311	<dbpedia:Yoko_Ono/Plastic_Ono_Band>	0.9231665730476379
INEX_LD-2012311	<dbpedia:John_Lennon/Plastic_Ono_Band>	0.8966315984725952
INEX_LD-2012311	<dbpedia:Milk_and_Honey_(album)>	0.5372063517570496
INEX_LD-2012311	<dbpedia:Between_My_Head_and_the_Sky>	0.41391122341156006
INEX_LD-2012311	<dbpedia:Take_Me_to_the_Land_of_Hell>	0.3302077054977417
INEX_LD-2012311	<dbpedia:Born_in_a_Prison>	0.061405960470438004
INEX_LD-2012311	<dbpedia:Oh_My_Love>	0.035334404557943344
INEX_LD-2012311	<dbpedia:I_Found_Out>	0.01399929542094469
INEX_LD-2012311	<dbpedia:Elephant's_Memory>	0.007817012257874012
INEX_LD-2012311	<dbpedia:Sean_Lennon>	0.004549431148916483
INEX_LD-2012313	<dbpedia:Barton_Fink>	0.9988371729850769
INEX_LD-2012313	<dbpedia:Illuminata_(film)>	0.40672245621681213
INEX_LD-2012313	<dbpedia:Coen_brothers>	0.11150790750980377
INEX_LD-2012313	<dbpedia:Intolerable_Cruelty>	0.0564846433699131
INEX_LD-2012313	<dbpedia:Exterminator_2>	0.04823220893740654
INEX_LD-2012313	<dbpedia:Born_to_Ride_(film)>	0.007878946140408516
INEX_LD-2012313	<dbpedia:John_Blake_(makeup_artist)>	0.005324720870703459
INEX_LD-2012313	<dbpedia:Jess_Gonchor>	0.0009362865821458399
INEX_LD-2012313	<dbpedia:The_Fighting_Brothers>	0.0006952193798497319
INEX_LD-2012313	<dbpedia:Night_of_the_Quarter_Moon>	0.0003200469654984772
INEX_LD-2012315	<dbpedia:Baguio_Cemetery>	0.0016632518963888288
INEX_LD-2012315	<dbpedia:Quezon_Avenue>	0.0014194028917700052
INEX_LD-2012315	<dbpedia:Bernardo_Vergara>	0.0011905694846063852
INEX_LD-2012315	<dbpedia:Blumentritt_Road>	0.0003447052731644362
INEX_LD-2012315	<dbpedia:DZRR-TV>	0.000301136082271114
INEX_LD-2012315	<dbpedia:Quezon_Avenue_MRT_Station>	0.0002952439826913178
INEX_LD-2012315	<dbpedia:Dagupan_Bus_Company>	0.00024646573001518846
INEX_LD-2012315	<dbpedia:Blue_Eagle_Gym>	0.0002107501932187006
INEX_LD-2012315	<dbpedia:Ateneo_F.C.>	0.0001880752097349614
INEX_LD-2012315	<dbpedia:Tullahan_River>	0.00011762859503505751
INEX_LD-2012317	<dbpedia:Sons_and_Lovers>	0.9730963110923767
INEX_LD-2012317	<dbpedia:Sons_and_Lovers_(1981_TV_serial)>	0.9713301062583923
INEX_LD-2012317	<dbpedia:Saints_and_Lovers>	0.5156587362289429
INEX_LD-2012317	<dbpedia:Edward_Garnett>	0.42893514037132263
INEX_LD-2012317	<dbpedia:The_Persistent_Lovers>	0.029069524258375168
INEX_LD-2012317	<dbpedia:Rome_Adventure>	0.007023589685559273
INEX_LD-2012317	<dbpedia:Swiss_dagger>	0.000653379422146827
INEX_LD-2012317	<dbpedia:All-In_Fighting>	0.00044724319013766944
INEX_LD-2012317	<dbpedia:Acronicta_hasta>	0.00028076439048163593
INEX_LD-2012317	<dbpedia:USS_F._Mansfield_and_Sons_Co._(SP-691)>	0.0001723468885757029
INEX_LD-2012318	<dbpedia:Plan_9_from_Outer_Space>	0.931460440158844
INEX_LD-2012318	<dbpedia:Plan_9_from_Outer_Space_(video_game)>	0.8484058976173401
INEX_LD-2012318	<dbpedia:Plan_10_from_Outer_Space>	0.7862008810043335
INEX_LD-2012318	<dbpedia:The_Atomic_Space_Bug>	0.593032717704773
INEX_LD-2012318	<dbpedia:William_C._Thompson>	0.2407594472169876
INEX_LD-2012318	<dbpedia:TCM_Underground>	0.10761501640081406
INEX_LD-2012318	<dbpedia:Paul_Marco>	0.09487111121416092
INEX_LD-2012318	<dbpedia:Bloodsuckers_from_Outer_Space>	0.09386610239744186
INEX_LD-2012318	<dbpedia:I_Married_a_Monster_from_Outer_Space>	0.09373138099908829
INEX_LD-2012318	<dbpedia:Gregory_Walcott>	0.011439411900937557
INEX_LD-2012319	<dbpedia:Open_Secrets>	0.9990720748901367
INEX_LD-2012319	<dbpedia:Too_Much_Happiness>	0.8090087175369263
INEX_LD-2012319	<dbpedia:Vintage_Munro>	0.8076058626174927
INEX_LD-2012319	<dbpedia:Into_the_Widening_World>	0.5117904543876648
INEX_LD-2012319	<dbpedia:Alice_(Hermann_book)>	0.495189368724823
INEX_LD-2012319	<dbpedia:Free_Radicals_(short_story)>	0.47635650634765625
INEX_LD-2012319	<dbpedia:How_I_Met_My_Husband>	0.3751625716686249
INEX_LD-2012319	<dbpedia:The_Open_Doors>	0.21231777966022491
INEX_LD-2012319	<dbpedia:Alice_Mattison>	0.004674477968364954
INEX_LD-2012319	<dbpedia:The_Originist>	0.0003638692433014512
INEX_LD-2012321	<dbpedia:Raffles'_Landing_Site>	0.9917513728141785
INEX_LD-2012321	<dbpedia:Swissôtel_The_Stamford>	0.9701923727989197
INEX_LD-2012321	<dbpedia:Founding_of_modern_Singapore>	0.9693828821182251
INEX_LD-2012321	<dbpedia:Raffles_Institution_(Junior_College)>	0.9470413327217102
INEX_LD-2012321	<dbpedia:Fairmont_Singapore>	0.8151060938835144
INEX_LD-2012321	<dbpedia:Lee_Kong_Chian_Natural_History_Museum>	0.7766937017440796
INEX_LD-2012321	<dbpedia:History_of_Singapore>	0.6975573897361755
INEX_LD-2012321	<dbpedia:Calyptomena>	0.30011674761772156
INEX_LD-2012321	<dbpedia:Tupaia_(genus)>	0.022869808599352837
INEX_LD-2012321	<dbpedia:The_Doings_of_Raffles_Haw>	0.0006244908436201513
INEX_LD-2012323	<dbpedia:Thordarhyrna>	0.046921323984861374
INEX_LD-2012323	<dbpedia:Aoba_Island>	0.0003002253652084619
INEX_LD-2012323	<dbpedia:Nibok_District>	0.0002925312437582761
INEX_LD-2012323	<dbpedia:Public_holidays_in_Nauru>	0.00021507724886760116
INEX_LD-2012323	<dbpedia:Anibare_District>	0.00018589134560897946
INEX_LD-2012323	<dbpedia:Christianity_in_Malta>	0.0001787423389032483
INEX_LD-2012323	<dbpedia:Anetan_District>	0.00016694066289346665
INEX_LD-2012323	<dbpedia:List_of_libraries_in_Sri_Lanka>	0.00013928223052062094
INEX_LD-2012323	<dbpedia:Economy_of_Mauritius>	0.00010172947804676369
INEX_LD-2012323	<dbpedia:Football_in_Mali>	6.495789421023801e-05
INEX_LD-2012325	<dbpedia:Ephraim_Blaine>	0.15664401650428772
INEX_LD-2012325	<dbpedia:James_G._Blaine_Society>	0.1270197480916977
INEX_LD-2012325	<dbpedia:James_G._Blaine_Mansion>	0.07711615413427353
INEX_LD-2012325	<dbpedia:Blaine,_Maine>	0.06253320723772049
INEX_LD-2012325	<dbpedia:The_Blaine_House>	0.05672992393374443
INEX_LD-2012325	<dbpedia:Blaine_County,_Montana>	0.028539108112454414
INEX_LD-2012325	<dbpedia:Blaine,_California>	0.010946868918836117
INEX_LD-2012325	<dbpedia:William_G._Rose>	0.005925264209508896
INEX_LD-2012325	<dbpedia:Little_Rock_and_Fort_Smith_Railroad>	0.000705321435816586
INEX_LD-2012325	<dbpedia:Brenton_G._Yorgason>	0.00024406099691987038
INEX_LD-2012327	<dbpedia:Paradise_(novel)>	0.10587995499372482
INEX_LD-2012327	<dbpedia:List_of_short_stories_by_Ivan_Bunin>	0.004272099584341049
INEX_LD-2012327	<dbpedia:António_Correia_de_Oliveira>	0.0013064361410215497
INEX_LD-2012327	<dbpedia:The_Haw_Lantern>	0.0013042109785601497
INEX_LD-2012327	<dbpedia:Humboldt's_Gift>	0.0010033901780843735
INEX_LD-2012327	<dbpedia:Growth_of_the_Soil>	0.0007265412714332342
INEX_LD-2012327	<dbpedia:The_Fish_Can_Sing>	0.0007033570436760783
INEX_LD-2012327	<dbpedia:The_Atom_Station>	0.0007024611113592982
INEX_LD-2012327	<dbpedia:Jean-Christophe>	0.0006480157026089728
INEX_LD-2012327	<dbpedia:Heinrich_Böll>	0.00044914011959917843
INEX_LD-2012329	<dbpedia:Swedish_krona>	0.5265386700630188
INEX_LD-2012329	<dbpedia:Monetary_policy_of_Sweden>	0.0502137653529644
INEX_LD-2012329	<dbpedia:Norwegian_rigsdaler>	0.006301428657025099
INEX_LD-2012329	<dbpedia:Internet_in_Sweden>	0.0003220941871404648
INEX_LD-2012329	<dbpedia:圓>	0.0001908464910229668
INEX_LD-2012329	<dbpedia:Björg>	0.00013043003855273128
INEX_LD-2012329	<dbpedia:Minister_of_Statistics_Iceland>	0.00010466534877195954
INEX_LD-2012329	<dbpedia:Currency_pair>	4.660247577703558e-05
INEX_LD-2012329	<dbpedia:Sagina_subulata>	2.5696257580420934e-05
INEX_LD-2012329	<dbpedia:A_Couple_of_Days_in_Larsville>	1.989792872336693e-05
INEX_LD-2012331	<dbpedia:Miao_people>	0.055568695068359375
INEX_LD-2012331	<dbpedia:Lahu_people>	0.014041862450540066
INEX_LD-2012331	<dbpedia:UNIQ_discography>	0.00456712581217289
INEX_LD-2012331	<dbpedia:Ethnonym>	0.0014305566437542439
INEX_LD-2012331	<dbpedia:List_of_Jewish_ethnonyms>	0.000923267740290612
INEX_LD-2012331	<dbpedia:1954_FIFA_World_Cup_qualification_(AFC_–_Group_13)>	0.00034168761339969933
INEX_LD-2012331	<dbpedia:Namtaeryeong_Station>	0.000259986991295591
INEX_LD-2012331	<dbpedia:National_Assembly_Station>	0.00019000258180312812
INEX_LD-2012331	<dbpedia:Seoul_Convention_Bureau>	0.00016803255130071193
INEX_LD-2012331	<dbpedia:Seoul_Open>	9.955029236152768e-05
INEX_LD-2012333	<dbpedia:Romuald-Charlemagne_Laurier>	0.15942087769508362
INEX_LD-2012333	<dbpedia:Laurier_House>	0.08193928748369217
INEX_LD-2012333	<dbpedia:Laurier_Avenue>	0.06563005596399307
INEX_LD-2012333	<dbpedia:Wilfrid_Laurier_University>	0.06342790275812149
INEX_LD-2012333	<dbpedia:Sir_Wilfrid_Laurier_Collegiate_Institute>	0.03430504724383354
INEX_LD-2012333	<dbpedia:Premiership_of_Stephen_Harper>	0.01763632521033287
INEX_LD-2012333	<dbpedia:John_Turner>	0.009321953170001507
INEX_LD-2012333	<dbpedia:William_McMahon>	0.0038315439596772194
INEX_LD-2012333	<dbpedia:Laurier_Heights,_Edmonton>	0.00283570634201169
INEX_LD-2012333	<dbpedia:Amir-Abbas_Hoveyda>	0.00025446939980611205
INEX_LD-2012335	<dbpedia:Gold_Codes>	0.17381836473941803
INEX_LD-2012335	<dbpedia:Enduring_Stockpile>	0.0007010687259025872
INEX_LD-2012335	<dbpedia:Operation_Ivy>	0.0004942226223647594
INEX_LD-2012335	<dbpedia:Tactical_nuclear_weapon>	0.0003864807658828795
INEX_LD-2012335	<dbpedia:Stockpile_stewardship>	0.0002684584178496152
INEX_LD-2012335	<dbpedia:Nuclear_weapons_testing>	0.0002547262702137232
INEX_LD-2012335	<dbpedia:Nuclear_sharing>	0.00015926460037007928
INEX_LD-2012335	<dbpedia:Netherlands_and_weapons_of_mass_destruction>	0.00010349993681302294
INEX_LD-2012335	<dbpedia:Taiwan_and_weapons_of_mass_destruction>	7.58024470997043e-05
INEX_LD-2012335	<dbpedia:De-alerting>	6.496260175481439e-05
INEX_LD-2012337	<dbpedia:1953_Waco_tornado_outbreak>	0.334605872631073
INEX_LD-2012337	<dbpedia:1953_Worcester_tornado>	0.0710567906498909
INEX_LD-2012337	<dbpedia:The_Texas_Collection>	0.015032571740448475
INEX_LD-2012337	<dbpedia:Baylor_University_Medical_Center_(DART_station)>	0.009587254375219345
INEX_LD-2012337	<dbpedia:1987_Saragosa,_Texas_tornado>	0.003378999885171652
INEX_LD-2012337	<dbpedia:Samuel_D._Johnson,_Jr.>	0.0029918483924120665
INEX_LD-2012337	<dbpedia:1902_Goliad,_Texas_tornado>	0.002897092839702964
INEX_LD-2012337	<dbpedia:Helen_Baylor>	0.0010288456687703729
INEX_LD-2012337	<dbpedia:Charles_Barrow>	0.000619940459728241
INEX_LD-2012337	<dbpedia:Young_Conservatives_of_Texas>	0.00021059266873635352
INEX_LD-2012339	<dbpedia:Ohlange_High_School>	0.941118061542511
INEX_LD-2012339	<dbpedia:Statue_of_Nelson_Mandela,_Johannesburg>	0.03148258104920387
INEX_LD-2012339	<dbpedia:Mandela_(1987_film)>	0.031290072947740555
INEX_LD-2012339	<dbpedia:Mandela_Day>	0.018946103751659393
INEX_LD-2012339	<dbpedia:Nelson_Mandela_Challenge>	0.013242339715361595
INEX_LD-2012339	<dbpedia:Mandela_House>	0.012686466798186302
INEX_LD-2012339	<dbpedia:Nelson_Mandela_70th_Birthday_Tribute>	0.009666236117482185
INEX_LD-2012339	<dbpedia:Palm_World_Voices:_Mandela>	0.005942215211689472
INEX_LD-2012339	<dbpedia:Nelson_Mandela_90th_Birthday_Tribute>	0.005717786028981209
INEX_LD-2012339	<dbpedia:Nelson_Mandela_Metropolitan_Art_Museum>	0.004147302359342575
INEX_LD-2012341	<dbpedia:Houston_International_Airport>	0.06460299342870712
INEX_LD-2012341	<dbpedia:Houston_County_Airport_(Texas)>	0.05357740446925163
INEX_LD-2012341	<dbpedia:Houston_Municipal_Airport>	0.050955791026353836
INEX_LD-2012341	<dbpedia:1997_Houston_Astros_season>	0.04274153709411621
INEX_LD-2012341	<dbpedia:Houston_County_Airport_(Tennessee)>	0.02740875445306301
INEX_LD-2012341	<dbpedia:1997_WNBA_Playoffs>	0.0005952963256277144
INEX_LD-2012341	<dbpedia:Joshua_Starnes>	0.00011953180364798754
INEX_LD-2012341	<dbpedia:Temple_Lea_Houston>	0.00010747685155365616
INEX_LD-2012341	<dbpedia:Kris_Banks>	0.00010602552356431261
INEX_LD-2012341	<dbpedia:USS_Sam_Houston_(SSBN-609)>	6.863957241876051e-05
INEX_LD-2012345	<dbpedia:John_F._Kennedy_assassination_Dictabelt_recording>	0.127121701836586
INEX_LD-2012345	<dbpedia:Lee_Bowers>	0.06893263012170792
INEX_LD-2012345	<dbpedia:Charles_Brehm>	0.046811219304800034
INEX_LD-2012345	<dbpedia:Phillip_Willis>	0.032563190907239914
INEX_LD-2012345	<dbpedia:Earle_Cabell>	0.013742167502641678
INEX_LD-2012345	<dbpedia:Michael_Paine>	0.005025872960686684
INEX_LD-2012345	<dbpedia:Attempted_assassination_of_Bernardo_Leighton>	0.004130737390369177
INEX_LD-2012345	<dbpedia:Assassination_of_John_F._Kennedy_in_popular_culture>	0.00403559347614646
INEX_LD-2012345	<dbpedia:Dale_K._Myers>	0.0005401158123277128
INEX_LD-2012345	<dbpedia:Casualty_notification>	9.570463589625433e-05
INEX_LD-2012349	<dbpedia:Alexander_Nevsky_Cathedral,_Izhevsk>	0.9841477870941162
INEX_LD-2012349	<dbpedia:Alexander_Nevsky_Cathedral,_Novosibirsk>	0.977939784526825
INEX_LD-2012349	<dbpedia:Alexander_Nevsky_Cathedral,_Belgrade>	0.9755599498748779
INEX_LD-2012349	<dbpedia:Alexander_Nevsky_Cathedral,_Yalta>	0.9575979709625244
INEX_LD-2012349	<dbpedia:Alexander_Nevsky_Cathedral,_Moscow>	0.9063742756843567
INEX_LD-2012349	<dbpedia:Alexander_Nevsky_Cathedral,_Tallinn>	0.8777962327003479
INEX_LD-2012349	<dbpedia:Alexander_Nevsky_Cathedral,_Howell>	0.6582159399986267
INEX_LD-2012349	<dbpedia:Alexander_Nevsky_Cathedral,_Łódź>	0.6512265205383301
INEX_LD-2012349	<dbpedia:Cathedral_of_Saint_Vissarion_of_Smolyan>	0.49514564871788025
INEX_LD-2012349	<dbpedia:Grand_Hotel_Sofia>	0.05274992063641548
INEX_LD-2012353	<dbpedia:Languages_of_Germany>	0.9880905151367188
INEX_LD-2012353	<dbpedia:German_language_in_Namibia>	0.9513764977455139
INEX_LD-2012353	<dbpedia:Amtsbezirk>	0.46659713983535767
INEX_LD-2012353	<dbpedia:German_toponymy>	0.026262301951646805
INEX_LD-2012353	<dbpedia:Der_Ostasiatische_Lloyd>	0.009878299199044704
INEX_LD-2012353	<dbpedia:German_studies>	0.006056708283722401
INEX_LD-2012353	<dbpedia:Oxford_Intensive_School_of_English>	0.0021391718182712793
INEX_LD-2012353	<dbpedia:List_of_Portuguese-language_authors>	0.0002518549154046923
INEX_LD-2012353	<dbpedia:Language_Council>	0.00023508774756919593
INEX_LD-2012353	<dbpedia:Mutamadiyah>	5.2233725000405684e-05
INEX_LD-2012354	<dbpedia:Bernard_Butler>	0.9869675040245056
INEX_LD-2012354	<dbpedia:Ida_Presti>	0.9857121109962463
INEX_LD-2012354	<dbpedia:Joe_Pass>	0.9657369256019592
INEX_LD-2012354	<dbpedia:Glen_Buxton>	0.9597301483154297
INEX_LD-2012354	<dbpedia:Kim_Thayil>	0.9322054982185364
INEX_LD-2012354	<dbpedia:Vanguard_Visionaries_(Sandy_Bull_album)>	0.871303141117096
INEX_LD-2012354	<dbpedia:Aerial_Boundaries>	0.8581172227859497
INEX_LD-2012354	<dbpedia:Re-Inventions:_Best_of_the_Vanguard_Years>	0.7934228777885437
INEX_LD-2012354	<dbpedia:Fredrik_Thordendal>	0.7628313899040222
INEX_LD-2012354	<dbpedia:Marco_Masini>	0.006690576206892729
INEX_LD-2012355	<dbpedia:Odafa_Onyeka_Okolie>	0.05779745429754257
INEX_LD-2012355	<dbpedia:Attila_Kuttor>	0.016178924590349197
INEX_LD-2012355	<dbpedia:Rohit_Chand>	0.012751488015055656
INEX_LD-2012355	<dbpedia:Paulo_Rink>	0.002478947164490819
INEX_LD-2012355	<dbpedia:Owen_Williams_(footballer)>	0.0008122288854792714
INEX_LD-2012355	<dbpedia:Military_Pay>	0.00034115248126909137
INEX_LD-2012355	<dbpedia:William_Heffelfinger>	0.0001174797143903561
INEX_LD-2012355	<dbpedia:List_of_most_expensive_books>	6.708996079396456e-05
INEX_LD-2012355	<dbpedia:List_of_most_expensive_sculptures>	5.605506885331124e-05
INEX_LD-2012355	<dbpedia:Ezra_Kendall>	5.236489960225299e-05
INEX_LD-2012357	<dbpedia:Nina_Kaptsova>	0.9926935434341431
INEX_LD-2012357	<dbpedia:Svetlana_Zakharova_(dancer)>	0.9887844324111938
INEX_LD-2012357	<dbpedia:Yekaterina_Shipulina>	0.9834361672401428
INEX_LD-2012357	<dbpedia:Natalia_Bessmertnova>	0.946715235710144
INEX_LD-2012357	<dbpedia:Altynai_Asylmuratova>	0.5600155591964722
INEX_LD-2012357	<dbpedia:Valda_Valkyrien>	0.44704458117485046
INEX_LD-2012357	<dbpedia:List_of_prima_ballerinas>	0.16292278468608856
INEX_LD-2012357	<dbpedia:Mia_Slavenska>	0.09825088828802109
INEX_LD-2012357	<dbpedia:Alessandra_Ferri>	0.06302779167890549
INEX_LD-2012357	<dbpedia:Gilda_Gelati>	0.027218803763389587
INEX_LD-2012359	<dbpedia:Bob_Ricker>	0.9932199120521545
INEX_LD-2012359	<dbpedia:Bob_Hall_(American_political_journalist)>	0.008308717049658298
INEX_LD-2012359	<dbpedia:Dorothy_Ehrlich>	0.003342728829011321
INEX_LD-2012359	<dbpedia:Bob_Agee>	0.001594846835359931
INEX_LD-2012359	<dbpedia:Land_Tawney>	0.00132325803861022
INEX_LD-2012359	<dbpedia:Filiz_Odabas-Geldiay>	0.0008883705595508218
INEX_LD-2012359	<dbpedia:Danny_Evron>	0.00023391343711409718
INEX_LD-2012359	<dbpedia:United_Nations_Office_of_Administration_of_Justice_(OAJ)>	0.00012523576151579618
INEX_LD-2012359	<dbpedia:John_Currie_(athletic_director)>	0.00011677432485157624
INEX_LD-2012359	<dbpedia:Malik_Muhammad_Asif>	2.255690014862921e-05
INEX_LD-2012361	<dbpedia:Roshan_Pilapitiya>	0.9453788995742798
INEX_LD-2012361	<dbpedia:James_Millar_(Australian_actor)>	0.30406785011291504
INEX_LD-2012361	<dbpedia:Nathaniel_Dean>	0.11204248666763306
INEX_LD-2012361	<dbpedia:Juan_Escobedo>	0.07650525122880936
INEX_LD-2012361	<dbpedia:Anmol_Malik>	0.06357194483280182
INEX_LD-2012361	<dbpedia:Levi_Kreis>	0.04425593093037605
INEX_LD-2012361	<dbpedia:Bruce_Greer>	0.005909550469368696
INEX_LD-2012361	<dbpedia:Karnail_Singh_Paras>	0.005133911967277527
INEX_LD-2012361	<dbpedia:Dos_Historias>	0.0008253171108663082
INEX_LD-2012361	<dbpedia:Bill_Wynne>	8.34081438370049e-05
INEX_LD-2012365	<dbpedia:Margaret_MacVicar>	0.6626248359680176
INEX_LD-2012365	<dbpedia:János_Pach>	0.0311347134411335
INEX_LD-2012365	<dbpedia:Silvio_Micali>	0.024141818284988403
INEX_LD-2012365	<dbpedia:Jit_Bose>	0.012865325435996056
INEX_LD-2012365	<dbpedia:Matthew_Cook>	0.012272627092897892
INEX_LD-2012365	<dbpedia:Toniann_Pitassi>	0.011463017202913761
INEX_LD-2012365	<dbpedia:Ian_Cullimore>	0.009063107892870903
INEX_LD-2012365	<dbpedia:David_Hedgley>	0.004872548393905163
INEX_LD-2012365	<dbpedia:Takao_Nishizeki>	0.003267646534368396
INEX_LD-2012365	<dbpedia:Peter_Ružička>	0.0023459726944565773
INEX_LD-2012367	<dbpedia:Telescope>	0.9924677014350891
INEX_LD-2012367	<dbpedia:Newtonian_telescope>	0.9830763339996338
INEX_LD-2012367	<dbpedia:Ritchey–Chrétien_telescope>	0.9572338461875916
INEX_LD-2012367	<dbpedia:Reflecting_telescope>	0.9557061195373535
INEX_LD-2012367	<dbpedia:Graphic_telescope>	0.9483091235160828
INEX_LD-2012367	<dbpedia:Wootton,_Kent>	0.7267228960990906
INEX_LD-2012367	<dbpedia:Celatone>	0.2286633551120758
INEX_LD-2012367	<dbpedia:Schmidt–Newton_telescope>	0.1389695554971695
INEX_LD-2012367	<dbpedia:Achromatic_telescope>	0.015505881980061531
INEX_LD-2012367	<dbpedia:Hexapod-Telescope>	0.010534752160310745
INEX_LD-2012369	<dbpedia:List_of_airports_in_Virginia>	0.20960496366024017
INEX_LD-2012369	<dbpedia:Civic-military_dictatorship_of_Uruguay>	0.0261955838650465
INEX_LD-2012369	<dbpedia:Uruguayan_general_election,_1984>	0.003016094444319606
INEX_LD-2012369	<dbpedia:List_of_airports_in_China_(disambiguation)>	0.0010755631374195218
INEX_LD-2012369	<dbpedia:List_of_airports_in_Canada>	0.0009095387067645788
INEX_LD-2012369	<dbpedia:List_of_airports_in_Congo>	0.000860952481161803
INEX_LD-2012369	<dbpedia:List_of_airports_in_Michigan's_Upper_Peninsula>	0.0006811522762291133
INEX_LD-2012369	<dbpedia:List_of_airports_in_Georgia>	0.0006387361790984869
INEX_LD-2012369	<dbpedia:List_of_airports_in_the_Caribbean>	0.0005212661344558001
INEX_LD-2012369	<dbpedia:Stray_animals_at_Indian_airports>	0.0003073819389101118
INEX_LD-2012371	<dbpedia:Huế_Railway_Station>	0.7009528279304504
INEX_LD-2012371	<dbpedia:Białystok_railway_station>	0.13421055674552917
INEX_LD-2012371	<dbpedia:Kharkiv_Railway_station>	0.040332671254873276
INEX_LD-2012371	<dbpedia:Thomas_Arboe>	0.017737537622451782
INEX_LD-2012371	<dbpedia:Hazrat_Nizamuddin_railway_station>	0.011184471659362316
INEX_LD-2012371	<dbpedia:UK_railway_stations>	0.008324793539941311
INEX_LD-2012371	<dbpedia:Tel_Aviv_HaShalom_Railway_Station>	0.007787398528307676
INEX_LD-2012371	<dbpedia:List_of_closed_railway_stations_in_the_West_Midlands>	0.0061457278206944466
INEX_LD-2012371	<dbpedia:List_of_railway_stations_in_North_Rhine-Westphalia>	0.0025987878907471895
INEX_LD-2012371	<dbpedia:List_of_cities_with_the_most_skyscrapers>	0.00034198639332316816
INEX_LD-2012372	<dbpedia:Diaoyu_Fortress>	0.8909368515014648
INEX_LD-2012372	<dbpedia:Battle_of_Doberdò>	0.5250124335289001
INEX_LD-2012372	<dbpedia:James_Sewall_Reed>	0.40940865874290466
INEX_LD-2012372	<dbpedia:Line_of_Fire_(2002_TV_series)>	0.3679208755493164
INEX_LD-2012372	<dbpedia:Ecuadorian_Civil_War>	0.06235181912779808
INEX_LD-2012372	<dbpedia:Nandanar_(author)>	0.016024118289351463
INEX_LD-2012372	<dbpedia:U.S._Route_140>	0.002821579109877348
INEX_LD-2012372	<dbpedia:Historical_period_drama_films_set_in_Asia>	0.0005127213662490249
INEX_LD-2012372	<dbpedia:Fazliddin_Gaibnazarov>	0.00042543484596535563
INEX_LD-2012372	<dbpedia:List_of_historical_period_drama_films>	0.0004166614671703428
INEX_LD-2012373	<dbpedia:List_of_North_American_hummingbirds>	0.26162466406822205
INEX_LD-2012373	<dbpedia:South_Island_giant_moa>	0.023145178332924843
INEX_LD-2012373	<dbpedia:Tropical_Birdland,_Leicestershire>	0.0038527189753949642
INEX_LD-2012373	<dbpedia:Alsophila_(moth)>	0.002905790926888585
INEX_LD-2012373	<dbpedia:Bat-fowling>	0.0014615366235375404
INEX_LD-2012373	<dbpedia:Muddler_Minnow>	3.336212466820143e-05
INEX_LD-2012373	<dbpedia:Scientific_Anglers>	3.276433562859893e-05
INEX_LD-2012373	<dbpedia:Fly_captain>	2.9560813345597126e-05
INEX_LD-2012373	<dbpedia:Fly_honeysuckle>	2.78827574220486e-05
INEX_LD-2012373	<dbpedia:Structural_abuse>	1.1487551091704518e-05
INEX_LD-2012377	<dbpedia:The_Will_of_Peter_the_Great>	0.0014194388641044497
INEX_LD-2012377	<dbpedia:Russia_in_World_War_one>	0.0011080660624429584
INEX_LD-2012377	<dbpedia:The_Great_Murder>	0.0011080660624429584
INEX_LD-2012377	<dbpedia:The_Role_of_Geography_in_World_War_I>	0.0011080660624429584
INEX_LD-2012377	<dbpedia:Role_of_Geography_in_World_War_I>	0.0011080660624429584
INEX_LD-2012377	<dbpedia:World_War_I_reenactment>	0.0009000917780213058
INEX_LD-2012377	<dbpedia:Lists_of_World_War_I_topics>	0.0004307310446165502
INEX_LD-2012377	<dbpedia:Indian_Army_during_World_War_I_order_of_battle>	9.602232603356242e-05
INEX_LD-2012377	<dbpedia:Polish_I_Corps>	5.0295093387831e-05
INEX_LD-2012377	<dbpedia:Polish_1st_Corps_in_the_East>	4.5447799493558705e-05
INEX_LD-2012381	<dbpedia:Vijaya_Bapineedu>	0.9811291098594666
INEX_LD-2012381	<dbpedia:Kaakki_Sattai>	0.9524425268173218
INEX_LD-2012381	<dbpedia:Kaneez_(1965_film)>	0.9216355681419373
INEX_LD-2012381	<dbpedia:Yejamana>	0.8848469853401184
INEX_LD-2012381	<dbpedia:CBI_(film_series)>	0.49905115365982056
INEX_LD-2012381	<dbpedia:Yaara_Dildara>	0.07711361348628998
INEX_LD-2012381	<dbpedia:Welcome_to_the_Quiet_Room>	0.002478106878697872
INEX_LD-2012381	<dbpedia:Kasam_(1993_film)>	0.0007664944278076291
INEX_LD-2012381	<dbpedia:Mostafa_Zamani>	0.00026519063976593316
INEX_LD-2012381	<dbpedia:Seyyed_Hossein_Jafari>	0.00024340645177289844
INEX_LD-2012383	<dbpedia:Li_Huatian>	0.05184181407094002
INEX_LD-2012383	<dbpedia:Timothy_C._Lethbridge>	0.03634004294872284
INEX_LD-2012383	<dbpedia:Computer_scientist>	0.018148520961403847
INEX_LD-2012383	<dbpedia:Sarah_Gordon>	0.007554185576736927
INEX_LD-2012383	<dbpedia:Academic_genealogy_of_computer_scientists>	0.0049843075685203075
INEX_LD-2012383	<dbpedia:List_of_New_Zealand_scientists>	0.004911134485155344
INEX_LD-2012383	<dbpedia:List_of_Russian_IT_developers>	0.0008859263034537435
INEX_LD-2012383	<dbpedia:Google_CodeF>	0.0003566995437722653
INEX_LD-2012383	<dbpedia:Cepstral_(company)>	0.00034221282112412155
INEX_LD-2012383	<dbpedia:List_of_soil_scientists>	0.00029693965916521847
INEX_LD-2012385	<dbpedia:List_of_centenarians_(politicians_and_government_servants)>	0.055235184729099274
INEX_LD-2012385	<dbpedia:List_of_Italian_Christian_Democracy_politicians>	0.014836814254522324
INEX_LD-2012385	<dbpedia:World_Esperantist_Vegetarian_Association>	0.010535952635109425
INEX_LD-2012385	<dbpedia:List_of_American_federal_politicians_convicted_of_crimes>	0.004787434358149767
INEX_LD-2012385	<dbpedia:Guy_Bedos>	0.0028590266592800617
INEX_LD-2012385	<dbpedia:List_of_Jews_in_politics>	0.002320695435628295
INEX_LD-2012385	<dbpedia:List_of_Italian_politicians>	0.0018395900260657072
INEX_LD-2012385	<dbpedia:Vegetarian_Creek>	0.0010943193919956684
INEX_LD-2012385	<dbpedia:List_of_Conservative_Party_politicians>	0.0008581854053772986
INEX_LD-2012385	<dbpedia:Franz-Neumann-Platz_(Berlin_U-Bahn)>	0.0001389037788612768
INEX_LD-2012387	<dbpedia:Çetin_Dam>	0.8984396457672119
INEX_LD-2012387	<dbpedia:Boondooma_Dam>	0.8669257760047913
INEX_LD-2012387	<dbpedia:Três_Irmãos_Dam>	0.7948916554450989
INEX_LD-2012387	<dbpedia:Hasdeo_Bango_Dam>	0.2249283492565155
INEX_LD-2012387	<dbpedia:Longkaikou_Dam>	0.12410234659910202
INEX_LD-2012387	<dbpedia:Kadra_Dam>	0.0645723044872284
INEX_LD-2012387	<dbpedia:Kamthikhairy_Dam>	0.05957365408539772
INEX_LD-2012387	<dbpedia:Sondur_Dam>	0.05297871679067612
INEX_LD-2012387	<dbpedia:Salma_Dam>	0.030653776600956917
INEX_LD-2012387	<dbpedia:Gumti_River_(Tripura)>	0.02546156756579876
INEX_LD-2012389	<dbpedia:Wobbegong>	0.1581900715827942
INEX_LD-2012389	<dbpedia:Orectolobus>	0.15209272503852844
INEX_LD-2012389	<dbpedia:Prickly_shark>	0.01056852750480175
INEX_LD-2012389	<dbpedia:Admiralty_Gulf>	0.007756073027849197
INEX_LD-2012389	<dbpedia:Gulf_of_the_Farallones>	0.0006132402340881526
INEX_LD-2012389	<dbpedia:Gujjula_Ravindra_Reddy>	0.00042909925105050206
INEX_LD-2012389	<dbpedia:Indian_Ocean_Research_Group>	0.0003624114324338734
INEX_LD-2012389	<dbpedia:Gulf_of_Santa_Catalina>	0.00029710479429923
INEX_LD-2012389	<dbpedia:Gringo_Trail>	0.00019173492910340428
INEX_LD-2012389	<dbpedia:2010_North_Indian_Ocean_cyclone_season>	9.938068978954107e-05
INEX_LD-2012390	<dbpedia:Kirt_Ojala>	0.029871029779314995
INEX_LD-2012390	<dbpedia:Manuel_Ramírez_(baseball)>	0.0012654258171096444
INEX_LD-2012390	<dbpedia:Arquimedes_Nieto>	0.0007837532903067768
INEX_LD-2012390	<dbpedia:Pablo_Ortega>	0.0006342794513329864
INEX_LD-2012390	<dbpedia:Philip_Dale>	0.00026415573665872216
INEX_LD-2012390	<dbpedia:Donna_Mills_(baseball)>	0.00026009039720520377
INEX_LD-2012390	<dbpedia:Jonatan_Isenia>	0.00019688959582708776
INEX_LD-2012390	<dbpedia:Avelino_Asprilla>	0.00017981296696234494
INEX_LD-2012390	<dbpedia:Don_Bacon>	0.00015051226364448667
INEX_LD-2012390	<dbpedia:Frank_Cacciatore>	2.788738493109122e-05
INEX_XER-106	<dbpedia:Sir_Thomas_Kyriell>	0.9787694215774536
INEX_XER-106	<dbpedia:Andrew_Trollope>	0.9777681231498718
INEX_XER-106	<dbpedia:John_Beaumont,_4th_Baron_Beaumont>	0.9691959619522095
INEX_XER-106	<dbpedia:Pierre_d'Orgemont>	0.529642641544342
INEX_XER-106	<dbpedia:Armagnac_(party)>	0.45139390230178833
INEX_XER-106	<dbpedia:Bladestorm:_The_Hundred_Years'_War>	0.11439663171768188
INEX_XER-106	<dbpedia:Timeline_of_the_Hundred_Years'_War>	0.11192050576210022
INEX_XER-106	<dbpedia:Battle_of_Formigny>	0.016592729836702347
INEX_XER-106	<dbpedia:Battle_of_Arnemuiden>	0.008181723766028881
INEX_XER-106	<dbpedia:1339_in_Italy>	0.0018333550542593002
INEX_XER-108	<dbpedia:List_of_U.S._states'_largest_cities_by_population>	0.02721966616809368
INEX_XER-108	<dbpedia:Embassy_of_the_United_States,_Tel_Aviv>	0.0007756497943773866
INEX_XER-108	<dbpedia:Embassy_of_the_United_States,_Beijing>	0.00022757471015211195
INEX_XER-108	<dbpedia:Embassy_of_the_United_States,_Ottawa>	0.00016540173965040594
INEX_XER-108	<dbpedia:Embassy_of_the_United_States,_Tehran>	8.753235306357965e-05
INEX_XER-108	<dbpedia:United_States_Ambassador_to_Japan>	6.513828702736646e-05
INEX_XER-108	<dbpedia:United_States–European_Union_relations>	1.699992390058469e-05
INEX_XER-108	<dbpedia:Representative_of_the_United_States_to_the_European_Office_of_the_United_Nations>	1.2948557923664339e-05
INEX_XER-108	<dbpedia:United_States_Special_Envoy_to_the_Organisation_of_Islamic_Cooperation>	1.0471081623109058e-05
INEX_XER-108	<dbpedia:List_of_Bowling_Green_State_University_alumni>	1.0259303053317126e-05
INEX_XER-109	<dbpedia:Geography_of_Stockholm>	0.1063346341252327
INEX_XER-109	<dbpedia:List_of_capitals_in_Thailand>	0.014791935682296753
INEX_XER-109	<dbpedia:List_of_capitals_in_Malaysia>	0.006400908809155226
INEX_XER-109	<dbpedia:Japan_National_Route_7>	0.0030830157920718193
INEX_XER-109	<dbpedia:List_of_capitals_of_Myanmar>	0.0030030440539121628
INEX_XER-109	<dbpedia:Capricorn_and_Bunker_Group>	0.000921000202652067
INEX_XER-109	<dbpedia:List_of_capital_cities_in_the_history_of_Vojvodina>	0.000655733107123524
INEX_XER-109	<dbpedia:List_of_purpose-built_capitals_of_country_subdivisions>	0.0006076334975659847
INEX_XER-109	<dbpedia:Indo-Corinthian_capital>	0.00034547242103144526
INEX_XER-109	<dbpedia:List_of_Antarctic_and_subantarctic_islands>	0.00018192283459939063
INEX_XER-110	<dbpedia:List_of_Polish-language_poets>	0.8978177905082703
INEX_XER-110	<dbpedia:António_Correia_de_Oliveira>	0.8613559603691101
INEX_XER-110	<dbpedia:The_Haw_Lantern>	0.6034543514251709
INEX_XER-110	<dbpedia:Polish_poetry>	0.48551028966903687
INEX_XER-110	<dbpedia:Growth_of_the_Soil>	0.119791179895401
INEX_XER-110	<dbpedia:The_Fish_Can_Sing>	0.04895193874835968
INEX_XER-110	<dbpedia:Jean-Christophe>	0.040212225168943405
INEX_XER-110	<dbpedia:Disgrace>	0.024633027613162994
INEX_XER-110	<dbpedia:Humboldt's_Gift>	0.01982233114540577
INEX_XER-110	<dbpedia:List_of_Nordic_Council's_Literature_Prize_winners_and_nominees>	0.00588836707174778
INEX_XER-113	<dbpedia:2005_Monaco_Grand_Prix>	0.9985717535018921
INEX_XER-113	<dbpedia:2000_Monaco_Grand_Prix>	0.9985291957855225
INEX_XER-113	<dbpedia:2010_Monaco_Grand_Prix>	0.9982709884643555
INEX_XER-113	<dbpedia:1976_Monaco_Grand_Prix>	0.997865617275238
INEX_XER-113	<dbpedia:2012_Monaco_Grand_Prix>	0.9885745644569397
INEX_XER-113	<dbpedia:1993_Monaco_Grand_Prix>	0.9442222118377686
INEX_XER-113	<dbpedia:1962_Monaco_Grand_Prix>	0.936650276184082
INEX_XER-113	<dbpedia:1960_Monaco_Grand_Prix>	0.932624876499176
INEX_XER-113	<dbpedia:1989_Monaco_Grand_Prix>	0.909386932849884
INEX_XER-113	<dbpedia:Monaco_Grand_Prix_(video_game)>	0.6513438820838928
INEX_XER-114	<dbpedia:2009_Formula_BMW_Europe_season>	0.9855479001998901
INEX_XER-114	<dbpedia:2007_Porsche_Supercup_season>	0.7492278814315796
INEX_XER-114	<dbpedia:2008_Porsche_Supercup_season>	0.7276895046234131
INEX_XER-114	<dbpedia:2009_Porsche_Supercup_season>	0.612461507320404
INEX_XER-114	<dbpedia:2002_Porsche_Supercup_season>	0.49184906482696533
INEX_XER-114	<dbpedia:Italian_Formula_Renault_Championship>	0.4612981975078583
INEX_XER-114	<dbpedia:2003_Porsche_Supercup_season>	0.4470684826374054
INEX_XER-114	<dbpedia:Cornwall_MRC_Formula_1_Race>	0.1725718230009079
INEX_XER-114	<dbpedia:Bernhard_Auinger>	0.007116388529539108
INEX_XER-114	<dbpedia:SCCA_Formula_Super_Vee>	0.0011518504470586777
INEX_XER-115	<dbpedia:List_of_Formula_One_World_Constructors'_Champions>	0.9981096982955933
INEX_XER-115	<dbpedia:2010_Formula_One_season>	0.9787728786468506
INEX_XER-115	<dbpedia:1992_Formula_One_season>	0.9689443707466125
INEX_XER-115	<dbpedia:List_of_Formula_One_World_Constructors'_Championship_runners-up>	0.9681689739227295
INEX_XER-115	<dbpedia:List_of_Formula_One_World_Championship_points_scoring_systems>	0.9607999324798584
INEX_XER-115	<dbpedia:2017_Formula_One_season>	0.9571589231491089
INEX_XER-115	<dbpedia:Onyx_Grand_Prix>	0.9469095468521118
INEX_XER-115	<dbpedia:2001_Formula_One_season>	0.9416176676750183
INEX_XER-115	<dbpedia:Mercedes_MGP_W02>	0.8424915075302124
INEX_XER-115	<dbpedia:Brabham>	0.6990155577659607
INEX_XER-116	<dbpedia:ENI_award>	0.989609956741333
INEX_XER-116	<dbpedia:Italian_Online_Movie_Awards_2005>	0.37004342675209045
INEX_XER-116	<dbpedia:Italian_Online_Movie_Awards_2004>	0.3691007196903229
INEX_XER-116	<dbpedia:Davide_Monteleone>	0.14510899782180786
INEX_XER-116	<dbpedia:Telegatto>	0.057454172521829605
INEX_XER-116	<dbpedia:O'Duffy_Cup>	0.002290154807269573
INEX_XER-116	<dbpedia:List_of_Nordic_Council's_Literature_Prize_winners_and_nominees>	0.0008827025885693729
INEX_XER-116	<dbpedia:Clemens_Kuby>	0.0005374987958930433
INEX_XER-116	<dbpedia:Best_Swedish_Crime_Novel_Award>	0.00031528196996077895
INEX_XER-116	<dbpedia:Prix_Godecharle>	6.645642133662477e-05
INEX_XER-117	<dbpedia:Murphy_Dunne>	0.986448347568512
INEX_XER-117	<dbpedia:Blues_Brothers_and_Friends:_Live_from_Chicago's_House_of_Blues>	0.08574561029672623
INEX_XER-117	<dbpedia:Best_of_The_Blues_Brothers>	0.05365370586514473
INEX_XER-117	<dbpedia:Red,_White_&_Blues>	0.051192086189985275
INEX_XER-117	<dbpedia:The_Blues_Brothers_Band_Live_in_Montreux>	0.01037148479372263
INEX_XER-117	<dbpedia:Charles_Levin_(actor)>	0.0005858631921000779
INEX_XER-117	<dbpedia:Randy_Mixer>	0.00039483228465542197
INEX_XER-117	<dbpedia:Los_Trotamúsicos>	0.00020266295177862048
INEX_XER-117	<dbpedia:Jason_Ross_(actor)>	0.00013847232912667096
INEX_XER-117	<dbpedia:P.F._Pithawala>	9.611907444195822e-05
INEX_XER-118	<dbpedia:Citroën_concept_cars>	0.6447731852531433
INEX_XER-118	<dbpedia:Minialuxe>	0.31030598282814026
INEX_XER-118	<dbpedia:Hotchkiss_Anjou>	0.2983870804309845
INEX_XER-118	<dbpedia:Renault_Laguna>	0.009930579923093319
INEX_XER-118	<dbpedia:Peugeot_208>	0.006707493215799332
INEX_XER-118	<dbpedia:Renault_Eolab>	0.0020376937463879585
INEX_XER-118	<dbpedia:James_Bond_Car_Collection>	0.0008001227397471666
INEX_XER-118	<dbpedia:List_of_car_models_commercialized_in_Argentina>	0.00041638637776486576
INEX_XER-118	<dbpedia:Pragoti>	0.00011660339077934623
INEX_XER-118	<dbpedia:Egy-Tech_Engineering>	5.8559391618473455e-05
INEX_XER-119	<dbpedia:Cantons_of_Switzerland>	0.9911519885063171
INEX_XER-119	<dbpedia:Herzbaracke>	0.6466484069824219
INEX_XER-119	<dbpedia:Fédération_des_Entreprises_Romandes_Genève>	0.1884487420320511
INEX_XER-119	<dbpedia:Büsingen_am_Hochrhein>	0.1765240579843521
INEX_XER-119	<dbpedia:Subdivisions_of_Switzerland>	0.1434924155473709
INEX_XER-119	<dbpedia:Swiss_University_Conference>	0.007711234502494335
INEX_XER-119	<dbpedia:Buechberg>	0.0030129968654364347
INEX_XER-119	<dbpedia:Jona_(river)>	0.0019097868353128433
INEX_XER-119	<dbpedia:Schiberg>	0.0011013182811439037
INEX_XER-119	<dbpedia:Melchior_Lussy>	0.000801825022790581
INEX_XER-121	<dbpedia:List_of_presidents_of_the_Constitutional_Court_of_Turkey>	0.01158924400806427
INEX_XER-121	<dbpedia:Capital_Press_Club>	0.0005363732925616205
INEX_XER-121	<dbpedia:List_of_heads_of_state_of_Panama>	0.0001402263733325526
INEX_XER-121	<dbpedia:Board_of_Fortifications>	0.00012319296365603805
INEX_XER-121	<dbpedia:List_of_University_of_New_Mexico_presidents>	9.081566531676799e-05
INEX_XER-121	<dbpedia:List_of_Northwestern_University_presidents>	9.02164974831976e-05
INEX_XER-121	<dbpedia:Pam_Marshall>	9.000844147522002e-05
INEX_XER-121	<dbpedia:Hungarian_Sportspeople_of_the_Year>	7.246458699228242e-05
INEX_XER-121	<dbpedia:List_of_Cambridge_Union_Society_presidents>	6.033799581928179e-05
INEX_XER-121	<dbpedia:List_of_presidents_of_Virginia_Commonwealth_University>	4.0001537854550406e-05
INEX_XER-122	<dbpedia:List_of_Polish_Academy_Award_winners_and_nominees>	0.0020914103370159864
INEX_XER-122	<dbpedia:Michael_Semanick>	0.001557570998556912
INEX_XER-122	<dbpedia:American_Film_Institute_Awards_2002>	0.0007696202374063432
INEX_XER-122	<dbpedia:American_Film_Institute_Awards_2003>	0.0007585661369375885
INEX_XER-122	<dbpedia:American_Film_Institute_Awards_2004>	0.0007504986133426428
INEX_XER-122	<dbpedia:American_Film_Institute_Awards_2000>	0.0007320200093090534
INEX_XER-122	<dbpedia:American_Film_Institute_Awards_2006>	0.0006187815451994538
INEX_XER-122	<dbpedia:2014_Nollywood_Movies_Awards>	0.00021505181211978197
INEX_XER-122	<dbpedia:List_of_African_film_awards>	0.00021005050803069025
INEX_XER-122	<dbpedia:Mildred_Okwo>	7.057093171169981e-05
INEX_XER-123	<dbpedia:1974_FIFA_World_Cup_Final>	0.9735137224197388
INEX_XER-123	<dbpedia:1986_FIFA_World_Cup_qualification_(UEFA–OFC_play-off)>	0.788267970085144
INEX_XER-123	<dbpedia:1994_FIFA_World_Cup_qualification_(CONCACAF–OFC_play-off)>	0.7663230299949646
INEX_XER-123	<dbpedia:2002_FIFA_World_Cup_qualification_(CONMEBOL–OFC_play-off)>	0.733314037322998
INEX_XER-123	<dbpedia:Björn_Nordqvist>	0.2265567034482956
INEX_XER-123	<dbpedia:Israeli_25th_Anniversary_Cup>	0.18738515675067902
INEX_XER-123	<dbpedia:France_women's_national_under-17_football_team>	0.014081825502216816
INEX_XER-123	<dbpedia:Futsal_Confederations_Cup>	0.0024264208041131496
INEX_XER-123	<dbpedia:Iceland_women's_national_football_team>	0.0007337908027693629
INEX_XER-123	<dbpedia:Drew_Neilson>	0.0004377290024422109
INEX_XER-124	<dbpedia:Heat_and_Dust>	0.9724814891815186
INEX_XER-124	<dbpedia:Man_Booker_Prize>	0.971555233001709
INEX_XER-124	<dbpedia:The_Sea,_the_Sea>	0.9377284049987793
INEX_XER-124	<dbpedia:Lost_Man_Booker_Prize>	0.9026338458061218
INEX_XER-124	<dbpedia:Keri_Hulme>	0.8812447786331177
INEX_XER-124	<dbpedia:Peter_Carey_(novelist)>	0.8677904009819031
INEX_XER-124	<dbpedia:Flaubert's_Parrot>	0.865327775478363
INEX_XER-124	<dbpedia:A_Month_in_the_Country_(novel)>	0.8329763412475586
INEX_XER-124	<dbpedia:The_Big_Chapel>	0.6906551718711853
INEX_XER-124	<dbpedia:James_Kelman>	0.5298853516578674
INEX_XER-127	<dbpedia:Carola_Veit>	0.9784849286079407
INEX_XER-127	<dbpedia:List_of_female_lieutenant_governors_in_the_United_States>	0.04703249782323837
INEX_XER-127	<dbpedia:Mola_Adebisi>	0.001944890827871859
INEX_XER-127	<dbpedia:List_of_Italian_politicians>	0.0012228884734213352
INEX_XER-127	<dbpedia:Wolfgang_Burandt>	0.0001344021875411272
INEX_XER-127	<dbpedia:Peter_Roehr>	7.552909664809704e-05
INEX_XER-127	<dbpedia:Familie_Dr._Kleist>	6.171876157168299e-05
INEX_XER-127	<dbpedia:Kasper_Kisum>	3.477184145594947e-05
INEX_XER-127	<dbpedia:Apollo_3_(band)>	3.3693573641357943e-05
INEX_XER-127	<dbpedia:Valea_Agrișului_River>	1.629426515137311e-05
