INEX_LD-2009022	<dbpedia:Sichuan_cuisine>	0.9980471134185791
INEX_LD-2009022	<dbpedia:Peter_Chang_(chef)>	0.9023926854133606
INEX_LD-2009022	<dbpedia:Szałot>	0.11487238109111786
INEX_LD-2009022	<dbpedia:Wazwan>	0.05646061152219772
INEX_LD-2009022	<dbpedia:Tekwan>	0.013993635773658752
INEX_LD-2009022	<dbpedia:Hungarian_cuisine>	0.0014031360624358058
INEX_LD-2009022	<dbpedia:Wodzionka>	0.0007496384787373245
INEX_LD-2009022	<dbpedia:Funšterc>	0.00030668065301142633
INEX_LD-2009022	<dbpedia:Goulash>	0.00029145609005354345
INEX_LD-2009022	<dbpedia:Bryndzové_halušky>	0.0002789883583318442
INEX_LD-2009039	<dbpedia:De_architectura>	0.9787028431892395
INEX_LD-2009039	<dbpedia:Architecture_of_Rome>	0.9785935878753662
INEX_LD-2009039	<dbpedia:Ancient_Roman_architecture>	0.9782686829566956
INEX_LD-2009039	<dbpedia:Roman_Architectural_Revolution>	0.9585506916046143
INEX_LD-2009039	<dbpedia:Roman_temple>	0.930651843547821
INEX_LD-2009039	<dbpedia:Roman_engineering>	0.8490878343582153
INEX_LD-2009039	<dbpedia:Roman_theatre_(structure)>	0.4059174060821533
INEX_LD-2009039	<dbpedia:Outline_of_classical_architecture>	0.2518634498119354
INEX_LD-2009039	<dbpedia:Porticus_Octaviae>	0.20754720270633698
INEX_LD-2009039	<dbpedia:Domvs_Romana>	0.08616149425506592
INEX_LD-2009053	<dbpedia:Sisu_Auto>	0.9963969588279724
INEX_LD-2009053	<dbpedia:Sisu_SA-240>	0.9830167889595032
INEX_LD-2009053	<dbpedia:Sisu_KB-45>	0.9797322750091553
INEX_LD-2009053	<dbpedia:Sisu_S-21>	0.9777194261550903
INEX_LD-2009053	<dbpedia:Saab_Automobile>	0.9568115472793579
INEX_LD-2009053	<dbpedia:Valmet_Automotive>	0.890349805355072
INEX_LD-2009053	<dbpedia:Saab_90>	0.8686581254005432
INEX_LD-2009053	<dbpedia:Saab_Group>	0.8025413155555725
INEX_LD-2009053	<dbpedia:Saab_9000>	0.3681909441947937
INEX_LD-2009053	<dbpedia:Saab_9-3>	0.2396005243062973
INEX_LD-2009061	<dbpedia:Normandy_American_Cemetery_and_Memorial>	0.9716266989707947
INEX_LD-2009061	<dbpedia:Normandy_(French_region)>	0.9133531451225281
INEX_LD-2009061	<dbpedia:Écouché_in_the_Second_World_War>	0.7366511225700378
INEX_LD-2009061	<dbpedia:Normandy_Campaign>	0.4822865426540375
INEX_LD-2009061	<dbpedia:Norman_Cota>	0.47765880823135376
INEX_LD-2009061	<dbpedia:Battle_of_Villers-Bocage>	0.4202224612236023
INEX_LD-2009061	<dbpedia:Falaise_pocket>	0.40072962641716003
INEX_LD-2009061	<dbpedia:List_of_Allied_forces_in_the_Normandy_Campaign>	0.17502067983150482
INEX_LD-2009061	<dbpedia:Battle_for_Caen>	0.14904947578907013
INEX_LD-2009061	<dbpedia:Battle_of_Carentan>	0.12578128278255463
INEX_LD-2009062	<dbpedia:Group_(online_social_networking)>	0.9842243194580078
INEX_LD-2009062	<dbpedia:Group_Selection_(book)>	0.9620745778083801
INEX_LD-2009062	<dbpedia:Cultural_group_selection>	0.9231739044189453
INEX_LD-2009062	<dbpedia:Social_seating>	0.8724209070205688
INEX_LD-2009062	<dbpedia:Grouper_social_club>	0.6116340160369873
INEX_LD-2009062	<dbpedia:Social_purchasing_network>	0.3428395390510559
INEX_LD-2009062	<dbpedia:Social_network_aggregation>	0.2957419157028198
INEX_LD-2009062	<dbpedia:Social_circle>	0.05503372475504875
INEX_LD-2009062	<dbpedia:Peer_group>	0.02066766284406185
INEX_LD-2009062	<dbpedia:Social_network_automation>	0.006617896258831024
INEX_LD-2009063	<dbpedia:Invasion_of_Normandy>	0.9934502243995667
INEX_LD-2009063	<dbpedia:Normandy_landings>	0.9710112810134888
INEX_LD-2009063	<dbpedia:D-Day:_The_Great_Crusade>	0.9004920125007629
INEX_LD-2009063	<dbpedia:The_Longest_Day_(book)>	0.8972039222717285
INEX_LD-2009063	<dbpedia:D-Day_-1>	0.8963311314582825
INEX_LD-2009063	<dbpedia:Operation_Overlord>	0.8844797611236572
INEX_LD-2009063	<dbpedia:D-Day_(military_term)>	0.8411372303962708
INEX_LD-2009063	<dbpedia:American_airborne_landings_in_Normandy>	0.8262825608253479
INEX_LD-2009063	<dbpedia:Normandy_Campaign>	0.4960872232913971
INEX_LD-2009063	<dbpedia:H-hour_(D-day)>	0.2778512239456177
INEX_LD-2009074	<dbpedia:PageRank>	0.9165445566177368
INEX_LD-2009074	<dbpedia:HITS_algorithm>	0.9064322710037231
INEX_LD-2009074	<dbpedia:Visibility_Scorecard>	0.8448069095611572
INEX_LD-2009074	<dbpedia:Google_Panda>	0.46908292174339294
INEX_LD-2009074	<dbpedia:Rank_SIFT>	0.423949658870697
INEX_LD-2009074	<dbpedia:FAROO>	0.417312353849411
INEX_LD-2009074	<dbpedia:Quality_Score>	0.4163205027580261
INEX_LD-2009074	<dbpedia:Scoring_algorithm>	0.11725787818431854
INEX_LD-2009074	<dbpedia:TrueSkill>	0.04336374253034592
INEX_LD-2009074	<dbpedia:Ranker>	0.03351593390107155
INEX_LD-2009115	<dbpedia:Virtual_museum>	0.9984177350997925
INEX_LD-2009115	<dbpedia:Virtual_Library_museums_pages>	0.9972348809242249
INEX_LD-2009115	<dbpedia:Virtual_Museum_of_New_France>	0.9922130703926086
INEX_LD-2009115	<dbpedia:Virtual_Museum_of_Computing>	0.9915695786476135
INEX_LD-2009115	<dbpedia:Virtual_Museum_of_Canada>	0.9915077686309814
INEX_LD-2009115	<dbpedia:Virtual_Museum_of_Modern_Nigerian_Art>	0.9905388355255127
INEX_LD-2009115	<dbpedia:Virtual_Globes_Museum>	0.9879510998725891
INEX_LD-2009115	<dbpedia:Virtual_Museum_of_Protestantism>	0.9857494831085205
INEX_LD-2009115	<dbpedia:Virtual_Collection_of_Masterpieces>	0.9739892482757568
INEX_LD-2009115	<dbpedia:Virtual_Teaching_Collection>	0.9518883228302002
INEX_LD-2010004	<dbpedia:Indian_cuisine>	0.9878794550895691
INEX_LD-2010004	<dbpedia:List_of_Indian_dishes>	0.9740359783172607
INEX_LD-2010004	<dbpedia:Indian_Chinese_cuisine>	0.8902764916419983
INEX_LD-2010004	<dbpedia:Anglo-Indian_cuisine>	0.857639491558075
INEX_LD-2010004	<dbpedia:North_Indian_cuisine>	0.8569535613059998
INEX_LD-2010004	<dbpedia:Pure_Indian_Foods>	0.8533421158790588
INEX_LD-2010004	<dbpedia:Indian_Singaporean_cuisine>	0.6890483498573303
INEX_LD-2010004	<dbpedia:Indian_bread>	0.3077996075153351
INEX_LD-2010004	<dbpedia:Indian_dairy_products>	0.20245011150836945
INEX_LD-2010004	<dbpedia:Indian_omelette>	0.066689632833004
INEX_LD-2010014	<dbpedia:House-Museum_of_Aram_Khachaturian>	0.9953703284263611
INEX_LD-2010014	<dbpedia:Carl_Nielsen_Museum>	0.9946140646934509
INEX_LD-2010014	<dbpedia:Antonín_Dvořák_Museum>	0.992986261844635
INEX_LD-2010014	<dbpedia:Museu_da_Música>	0.6051127910614014
INEX_LD-2010014	<dbpedia:Museum_of_Making_Music>	0.5629318356513977
INEX_LD-2010014	<dbpedia:Music_Museum_of_Macedonia>	0.5233432650566101
INEX_LD-2010014	<dbpedia:National_Music_Museum>	0.22624529898166656
INEX_LD-2010014	<dbpedia:International_Museum_and_Library_of_Music_of_Bologna>	0.21643228828907013
INEX_LD-2010014	<dbpedia:Virginia_Musical_Museum>	0.2039748877286911
INEX_LD-2010014	<dbpedia:Musical_Museum,_Brentford>	0.1437312364578247
INEX_LD-2010019	<dbpedia:Arènes_de_Lutèce>	0.9909425377845764
INEX_LD-2010019	<dbpedia:Vesunna_Gallo-Roman_Museum>	0.9092382192611694
INEX_LD-2010019	<dbpedia:Gallo-Roman_Museum,_Lyon>	0.334382027387619
INEX_LD-2010019	<dbpedia:Gallo-Roman_Museum,_Tongeren>	0.3119033873081207
INEX_LD-2010019	<dbpedia:Roman-Gaul_Baths_of_Entrammes>	0.18252019584178925
INEX_LD-2010019	<dbpedia:Maison_Carrée>	0.08121998608112335
INEX_LD-2010019	<dbpedia:Carré_d'Art>	0.044483527541160583
INEX_LD-2010019	<dbpedia:Jean-Pierre_Adam>	0.011399900540709496
INEX_LD-2010019	<dbpedia:Le_Marais>	0.0032345675863325596
INEX_LD-2010019	<dbpedia:Notre-Dame_de_la_Daurade>	0.0007923686061985791
INEX_LD-2010020	<dbpedia:Electricity_sector_in_France>	0.9948880076408386
INEX_LD-2010020	<dbpedia:Électricité_de_France>	0.9940961599349976
INEX_LD-2010020	<dbpedia:Wind_power_in_France>	0.9900813698768616
INEX_LD-2010020	<dbpedia:Solar_power_in_France>	0.9866458177566528
INEX_LD-2010020	<dbpedia:Energy_in_France>	0.9695571064949036
INEX_LD-2010020	<dbpedia:Cordemais_Power_Station>	0.9637910723686218
INEX_LD-2010020	<dbpedia:List_of_French_electric_utilities>	0.932656466960907
INEX_LD-2010020	<dbpedia:Nuclear_power_in_France>	0.9225801229476929
INEX_LD-2010020	<dbpedia:La_Coche_Power_Station>	0.736603319644928
INEX_LD-2010020	<dbpedia:Energy_in_Senegal>	0.01247082743793726
INEX_LD-2010037	<dbpedia:Gnip>	0.922247588634491
INEX_LD-2010037	<dbpedia:Social_network_automation>	0.5744467377662659
INEX_LD-2010037	<dbpedia:Pump.io>	0.36051496863365173
INEX_LD-2010037	<dbpedia:GNU_social>	0.3528348505496979
INEX_LD-2010037	<dbpedia:Social_network_aggregation>	0.2925754189491272
INEX_LD-2010037	<dbpedia:Social_mobile_application>	0.10636267811059952
INEX_LD-2010037	<dbpedia:The_Social_Network_(soundtrack)>	0.09749968349933624
INEX_LD-2010037	<dbpedia:Socialwok>	0.061376553028821945
INEX_LD-2010037	<dbpedia:Social_VPN>	0.02485368214547634
INEX_LD-2010037	<dbpedia:New_API>	0.003289014333859086
INEX_LD-2010043	<dbpedia:List_of_films_influenced_by_the_Surrealist_movement>	0.9882518649101257
INEX_LD-2010043	<dbpedia:Surrealist_cinema>	0.9833673238754272
INEX_LD-2010043	<dbpedia:Impressions_de_la_Haute_Mongolie>	0.7616081833839417
INEX_LD-2010043	<dbpedia:Anemic_Cinema>	0.7015904784202576
INEX_LD-2010043	<dbpedia:Top_lista_nadrealista>	0.4270775616168976
INEX_LD-2010043	<dbpedia:List_of_Surrealist_poets>	0.13635581731796265
INEX_LD-2010043	<dbpedia:Absurda>	0.051460836082696915
INEX_LD-2010043	<dbpedia:List_of_avant-garde_films>	0.023775780573487282
INEX_LD-2010043	<dbpedia:List_of_avant-garde_films_of_the_1960s:_1960–1964>	0.0135884340852499
INEX_LD-2010043	<dbpedia:List_of_films_featuring_hallucinogens>	6.575770385097712e-05
INEX_LD-2010057	<dbpedia:The_Einstein_Theory_of_Relativity>	0.9918100237846375
INEX_LD-2010057	<dbpedia:Relativity_priority_dispute>	0.9820101857185364
INEX_LD-2010057	<dbpedia:Criticism_of_the_theory_of_relativity>	0.9493614435195923
INEX_LD-2010057	<dbpedia:Theory_of_relativity>	0.9315751791000366
INEX_LD-2010057	<dbpedia:Einstein–Cartan–Evans_theory>	0.8759584426879883
INEX_LD-2010057	<dbpedia:History_of_loop_quantum_gravity>	0.8395377993583679
INEX_LD-2010057	<dbpedia:Einstein_aether_theory>	0.8300744891166687
INEX_LD-2010057	<dbpedia:Special_relativity_(alternative_formulations)>	0.8109768033027649
INEX_LD-2010057	<dbpedia:Einstein–Cartan_theory>	0.6954407691955566
INEX_LD-2010057	<dbpedia:Weyl_curvature_hypothesis>	0.1571880280971527
INEX_LD-2010069	<dbpedia:Flowers_(Ace_of_Base_album)>	0.9549239873886108
INEX_LD-2010069	<dbpedia:Aechmea_'Summerland'>	0.9397005438804626
INEX_LD-2010069	<dbpedia:List_of_early_summer_flowers>	0.870581865310669
INEX_LD-2010069	<dbpedia:Spiranthes_aestivalis>	0.8270138502120972
INEX_LD-2010069	<dbpedia:Buddleja_'Summer_Rose'>	0.8077754974365234
INEX_LD-2010069	<dbpedia:Corymbia_'Summer_Red'>	0.7761573195457458
INEX_LD-2010069	<dbpedia:Silene_stellata>	0.7401837706565857
INEX_LD-2010069	<dbpedia:Summerhayesia>	0.6489943861961365
INEX_LD-2010069	<dbpedia:Buddleja_'Summer_Beauty'>	0.2908588945865631
INEX_LD-2010069	<dbpedia:Buddleja_'Summer_Frost'>	0.2711353003978729
INEX_LD-2010100	<dbpedia:House_at_712_N._Mill_Street>	0.9767493009567261
INEX_LD-2010100	<dbpedia:Mesa_House>	0.9620235562324524
INEX_LD-2010100	<dbpedia:Charles_Macdonald_Concrete_House_Museum>	0.7949066162109375
INEX_LD-2010100	<dbpedia:J._A._Wood_House>	0.043696366250514984
INEX_LD-2010100	<dbpedia:Wood_Freeman_House_No._2>	0.02670496702194214
INEX_LD-2010100	<dbpedia:Wood_Freeman_House_No._1>	0.015438796021044254
INEX_LD-2010100	<dbpedia:Airey_house>	0.01413019374012947
INEX_LD-2010100	<dbpedia:Concrete_furniture>	0.004864910617470741
INEX_LD-2010100	<dbpedia:Wood-Harrison_House>	0.003229414112865925
INEX_LD-2010100	<dbpedia:House_at_130_Mohegan_Avenue>	0.0015549648087471724
INEX_LD-2010106	<dbpedia:Organic_food>	0.8604711890220642
INEX_LD-2010106	<dbpedia:Index_of_organic_food_articles>	0.6810743808746338
INEX_LD-2010106	<dbpedia:Organic_farming_and_biodiversity>	0.3424892723560333
INEX_LD-2010106	<dbpedia:Organic_farming>	0.10772871226072311
INEX_LD-2010106	<dbpedia:Organic_product>	0.08269284665584564
INEX_LD-2010106	<dbpedia:Organic_farming_by_country>	0.012745233252644539
INEX_LD-2010106	<dbpedia:Organic_beef>	0.0028892981354147196
INEX_LD-2010106	<dbpedia:History_of_organic_farming>	0.0019983286038041115
INEX_LD-2010106	<dbpedia:Metabolic_advantage>	0.0015404042787849903
INEX_LD-2010106	<dbpedia:Korean_natural_farming>	0.0002859224332496524
INEX_LD-20120111	<dbpedia:Vietnam!_Vietnam!>	0.9972690939903259
INEX_LD-20120111	<dbpedia:17th_Parallel:_Vietnam_in_War>	0.9961697459220886
INEX_LD-20120111	<dbpedia:Vietnam_War_Story_II>	0.9930756092071533
INEX_LD-20120111	<dbpedia:Operation_Warzone>	0.985585629940033
INEX_LD-20120111	<dbpedia:Good_Morning,_Vietnam>	0.9831750988960266
INEX_LD-20120111	<dbpedia:The_Boys_in_Company_C>	0.9760342240333557
INEX_LD-20120111	<dbpedia:Vietnam_(miniseries)>	0.9752930998802185
INEX_LD-20120111	<dbpedia:Vietnam_War_in_film>	0.9692291021347046
INEX_LD-20120111	<dbpedia:A_Face_of_War>	0.9523272514343262
INEX_LD-20120111	<dbpedia:Vietnam:_The_Camera_At_War>	0.8428352475166321
INEX_LD-20120121	<dbpedia:Vietnamese_cuisine>	0.9848797917366028
INEX_LD-20120121	<dbpedia:Gỏi_cuốn>	0.9314559102058411
INEX_LD-20120121	<dbpedia:Bánh_bột_chiên>	0.9166914820671082
INEX_LD-20120121	<dbpedia:Bánh_hỏi>	0.9141572713851929
INEX_LD-20120121	<dbpedia:List_of_Vietnamese_dishes>	0.8913993239402771
INEX_LD-20120121	<dbpedia:Canh_chua>	0.8444463014602661
INEX_LD-20120121	<dbpedia:Bánh_cốm>	0.7769654989242554
INEX_LD-20120121	<dbpedia:Vietnamese_noodles>	0.7350332140922546
INEX_LD-20120121	<dbpedia:Bánh>	0.6959631443023682
INEX_LD-20120121	<dbpedia:List_of_Vietnamese_ingredients>	0.5508142709732056
INEX_LD-20120122	<dbpedia:Vietnamese_cuisine>	0.9311676621437073
INEX_LD-20120122	<dbpedia:Vietnamese_noodles>	0.21736814081668854
INEX_LD-20120122	<dbpedia:List_of_Vietnamese_dishes>	0.21663394570350647
INEX_LD-20120122	<dbpedia:Gỏi_cuốn>	0.16969621181488037
INEX_LD-20120122	<dbpedia:Bánh>	0.09513462334871292
INEX_LD-20120122	<dbpedia:Vietnamese_eggplant>	0.08644139021635056
INEX_LD-20120122	<dbpedia:List_of_Vietnamese_ingredients>	0.07036259025335312
INEX_LD-20120122	<dbpedia:Bánh_cốm>	0.045013293623924255
INEX_LD-20120122	<dbpedia:Luke_Nguyen's_Vietnam>	0.03724907338619232
INEX_LD-20120122	<dbpedia:Cốm>	0.02807178907096386
INEX_LD-20120131	<dbpedia:Bạch_Mã_National_Park>	0.9804863929748535
INEX_LD-20120131	<dbpedia:Lò_Gò-Xa_Mát_National_Park>	0.9799172282218933
INEX_LD-20120131	<dbpedia:Xuân_Sơn_National_Park>	0.9725989103317261
INEX_LD-20120131	<dbpedia:Cúc_Phương_National_Park>	0.9668596982955933
INEX_LD-20120131	<dbpedia:Lower_U_Minh_National_Park>	0.9658542275428772
INEX_LD-20120131	<dbpedia:Bidoup_Núi_Bà_National_Park>	0.9521517157554626
INEX_LD-20120131	<dbpedia:Xuân_Thủy_National_Park>	0.9416067600250244
INEX_LD-20120131	<dbpedia:Bù_Gia_Mập_National_Park>	0.9256934523582458
INEX_LD-20120131	<dbpedia:List_of_national_parks_of_Vietnam>	0.9220134019851685
INEX_LD-20120131	<dbpedia:Phong_Nha-Kẻ_Bàng_National_Park>	0.9195343852043152
INEX_LD-20120211	<dbpedia:Open_C_tuning>	0.9755000472068787
INEX_LD-20120211	<dbpedia:Open_B_tuning>	0.9717473387718201
INEX_LD-20120211	<dbpedia:Guitar_chord>	0.905568540096283
INEX_LD-20120211	<dbpedia:C_tuning_(guitar)>	0.8938471674919128
INEX_LD-20120211	<dbpedia:B♭_tuning>	0.8630439639091492
INEX_LD-20120211	<dbpedia:D♭_tuning>	0.8414071798324585
INEX_LD-20120211	<dbpedia:E♭_tuning>	0.8120561242103577
INEX_LD-20120211	<dbpedia:B_tuning>	0.7801880240440369
INEX_LD-20120211	<dbpedia:Guitar_tunings>	0.7795897126197815
INEX_LD-20120211	<dbpedia:Universal_tuning>	0.23043306171894073
INEX_LD-20120221	<dbpedia:Flamenco_guitar>	0.9982990622520447
INEX_LD-20120221	<dbpedia:Lester_DeVoe>	0.9949583411216736
INEX_LD-20120221	<dbpedia:Spanish_guitar>	0.9936796426773071
INEX_LD-20120221	<dbpedia:Juan_Miguel_Carmona>	0.9900661706924438
INEX_LD-20120221	<dbpedia:Ronald_Radford>	0.9793381690979004
INEX_LD-20120221	<dbpedia:Classical_guitar>	0.9408681392669678
INEX_LD-20120221	<dbpedia:Dos_guitarras_flamencas>	0.9387495517730713
INEX_LD-20120221	<dbpedia:New_Flamenco>	0.9187794327735901
INEX_LD-20120221	<dbpedia:Bibliography_of_classical_guitar>	0.8508046269416809
INEX_LD-20120221	<dbpedia:Ten-string_classical_guitar_of_Yepes>	0.10713230073451996
INEX_LD-20120231	<dbpedia:Russian_guitar>	0.9984305500984192
INEX_LD-20120231	<dbpedia:Ivan_Nikolayevich_Smirnov>	0.9963309168815613
INEX_LD-20120231	<dbpedia:Oleg_Timofeyev>	0.9959949254989624
INEX_LD-20120231	<dbpedia:Anastasia_Bardina>	0.9939770698547363
INEX_LD-20120231	<dbpedia:Poyushchiye_Gitary>	0.9936453104019165
INEX_LD-20120231	<dbpedia:Andrei_Sychra>	0.9928948283195496
INEX_LD-20120231	<dbpedia:Sasha_Kolpakov>	0.9893648624420166
INEX_LD-20120231	<dbpedia:Gusli>	0.9819791316986084
INEX_LD-20120231	<dbpedia:Mashina_Vremeni>	0.15573079884052277
INEX_LD-20120231	<dbpedia:Kalinov_Most>	0.05171230435371399
INEX_LD-20120232	<dbpedia:British_blues>	0.9816615581512451
INEX_LD-20120232	<dbpedia:Peavey_Delta_Blues_115>	0.9771724343299866
INEX_LD-20120232	<dbpedia:Saint_Blues_Guitar_Workshop>	0.9752736687660217
INEX_LD-20120232	<dbpedia:Delta_blues>	0.9748407602310181
INEX_LD-20120232	<dbpedia:Green_Guitar_Blues>	0.9690456986427307
INEX_LD-20120232	<dbpedia:Electric_blues>	0.9523427486419678
INEX_LD-20120232	<dbpedia:Origins_of_the_blues>	0.9484705924987793
INEX_LD-20120232	<dbpedia:Blues>	0.9222126007080078
INEX_LD-20120232	<dbpedia:List_of_Chicago_blues_musicians>	0.7895514965057373
INEX_LD-20120232	<dbpedia:Fender_Blues_Junior>	0.7655324935913086
INEX_LD-20120311	<dbpedia:Tango_(1998_film)>	0.9952848553657532
INEX_LD-20120311	<dbpedia:Tango_(1993_film)>	0.9947356581687927
INEX_LD-20120311	<dbpedia:Academia_El_Tango_Argentino>	0.9944934844970703
INEX_LD-20120311	<dbpedia:12_Tangos>	0.9942102432250977
INEX_LD-20120311	<dbpedia:Una_Historia_de_tango>	0.9930272698402405
INEX_LD-20120311	<dbpedia:The_Tango_Lesson>	0.9907164573669434
INEX_LD-20120311	<dbpedia:Tango_Feroz>	0.9906062483787537
INEX_LD-20120311	<dbpedia:Tango_Bar>	0.9845336675643921
INEX_LD-20120311	<dbpedia:The_Soul_of_a_Tango>	0.9843743443489075
INEX_LD-20120311	<dbpedia:Tango_&_Cash>	0.9406611323356628
INEX_LD-20120312	<dbpedia:Uruguayan_tango>	0.9291630983352661
INEX_LD-20120312	<dbpedia:History_of_the_tango>	0.8987974524497986
INEX_LD-20120312	<dbpedia:Tango>	0.8952118754386902
INEX_LD-20120312	<dbpedia:Argentine_tango>	0.8423042893409729
INEX_LD-20120312	<dbpedia:Tango_music>	0.8046730756759644
INEX_LD-20120312	<dbpedia:Turkish_tango_music>	0.7983248829841614
INEX_LD-20120312	<dbpedia:Academia_Nacional_del_Tango_de_la_República_Argentina>	0.7976989150047302
INEX_LD-20120312	<dbpedia:Finnish_tango>	0.6541792154312134
INEX_LD-20120312	<dbpedia:Tango_(mythology)>	0.13598105311393738
INEX_LD-20120312	<dbpedia:Tango-Amanohashidate-Ōeyama_Quasi-National_Park>	0.025741536170244217
INEX_LD-20120321	<dbpedia:Tango_(Stravinsky)>	0.9975607395172119
INEX_LD-20120321	<dbpedia:Mariano_Mores>	0.9970122575759888
INEX_LD-20120321	<dbpedia:Manuel_Campoamor>	0.9967785477638245
INEX_LD-20120321	<dbpedia:Histoire_du_Tango>	0.9963412880897522
INEX_LD-20120321	<dbpedia:Pablo_Ziegler>	0.9961516261100769
INEX_LD-20120321	<dbpedia:Mario_Maurano>	0.996049702167511
INEX_LD-20120321	<dbpedia:Carlos_Libedinsky>	0.9960297346115112
INEX_LD-20120321	<dbpedia:Enrique_Santos_Discépolo>	0.9953416585922241
INEX_LD-20120321	<dbpedia:Carlos_Acuña>	0.9947770833969116
INEX_LD-20120321	<dbpedia:Francisco_Lomuto>	0.9930148124694824
INEX_LD-20120331	<dbpedia:Ballroom_tango>	0.9779833555221558
INEX_LD-20120331	<dbpedia:History_of_the_tango>	0.9762244820594788
INEX_LD-20120331	<dbpedia:Tango>	0.9239088296890259
INEX_LD-20120331	<dbpedia:Milonguero_style>	0.9199680089950562
INEX_LD-20120331	<dbpedia:Argentine_tango>	0.8786941170692444
INEX_LD-20120331	<dbpedia:Tango_(flamenco)>	0.8391342759132385
INEX_LD-20120331	<dbpedia:Tango_music>	0.5759038329124451
INEX_LD-20120331	<dbpedia:Finnish_tango>	0.33180689811706543
INEX_LD-20120331	<dbpedia:Tangolates>	0.1858052909374237
INEX_LD-20120331	<dbpedia:Milonga_(dance)>	0.15807810425758362
INEX_LD-20120332	<dbpedia:Una_Historia_de_tango>	0.9914004802703857
INEX_LD-20120332	<dbpedia:Tango>	0.9904559254646301
INEX_LD-20120332	<dbpedia:History_of_the_tango>	0.9840127229690552
INEX_LD-20120332	<dbpedia:Historia_del_tango>	0.9780478477478027
INEX_LD-20120332	<dbpedia:Antón_Gazenbeek>	0.9705974459648132
INEX_LD-20120332	<dbpedia:Tango_(Balanchine)>	0.9134312272071838
INEX_LD-20120332	<dbpedia:Ballroom_tango>	0.9060512781143188
INEX_LD-20120332	<dbpedia:Argentine_tango>	0.901315450668335
INEX_LD-20120332	<dbpedia:Histoire_du_Tango>	0.8899441957473755
INEX_LD-20120332	<dbpedia:Turkish_tango_music>	0.21328876912593842
INEX_LD-20120411	<dbpedia:Cycle_sport>	0.9982908368110657
INEX_LD-20120411	<dbpedia:Road_bicycle_racing>	0.9945681095123291
INEX_LD-20120411	<dbpedia:Mountain_bike_racing>	0.9934794902801514
INEX_LD-20120411	<dbpedia:Rolling_Thunder_Cyclocross_Race>	0.9814775586128235
INEX_LD-20120411	<dbpedia:Cycling_at_the_2000_Summer_Olympics>	0.9784204363822937
INEX_LD-20120411	<dbpedia:6_Day_Race>	0.963317334651947
INEX_LD-20120411	<dbpedia:Racing_bicycle>	0.9595867991447449
INEX_LD-20120411	<dbpedia:Race_Horizon_Park>	0.9488443732261658
INEX_LD-20120411	<dbpedia:Bicycle_Race>	0.9420986175537109
INEX_LD-20120411	<dbpedia:Cycling_at_the_Summer_Olympics>	0.9343895316123962
INEX_LD-20120412	<dbpedia:Cycle_sport>	0.9967985153198242
INEX_LD-20120412	<dbpedia:Cycling_at_the_2000_Summer_Olympics>	0.9913297891616821
INEX_LD-20120412	<dbpedia:Cross-country_cycling>	0.9848355054855347
INEX_LD-20120412	<dbpedia:Cycling_at_the_Summer_Universiade>	0.9714344143867493
INEX_LD-20120412	<dbpedia:Cycling_Sport>	0.9319982528686523
INEX_LD-20120412	<dbpedia:Cycling_at_the_2016_Summer_Paralympics>	0.9241734743118286
INEX_LD-20120412	<dbpedia:Bicycle_transportation_planning_and_engineering>	0.886427104473114
INEX_LD-20120412	<dbpedia:Artistic_cycling>	0.8335613012313843
INEX_LD-20120412	<dbpedia:Cycle_ball>	0.7292191386222839
INEX_LD-20120412	<dbpedia:Road_cycling>	0.35577675700187683
INEX_LD-20120421	<dbpedia:Cycling_demonstration_towns>	0.9706575870513916
INEX_LD-20120421	<dbpedia:BikeTown_Africa>	0.9025078415870667
INEX_LD-20120421	<dbpedia:Cape_Town_Cycle_Tour>	0.09310212731361389
INEX_LD-20120421	<dbpedia:Cycling_in_Munich>	0.05049619823694229
INEX_LD-20120421	<dbpedia:Bikecentennial>	0.028468037024140358
INEX_LD-20120421	<dbpedia:Eleven_Cities_Cycling_Tour>	0.021095504984259605
INEX_LD-20120421	<dbpedia:Les_Bois-Francs>	0.009230155497789383
INEX_LD-20120421	<dbpedia:Landal_Greenparks>	0.00680641271173954
INEX_LD-20120421	<dbpedia:Holiday_Villages_of_Landal_Greenparks>	0.004356188699603081
INEX_LD-20120421	<dbpedia:Holiday_Park,_Germany>	0.0004353458061814308
INEX_LD-20120422	<dbpedia:Clorophilla>	0.6946387887001038
INEX_LD-20120422	<dbpedia:Cross_Country_Cycling_Classic>	0.48961398005485535
INEX_LD-20120422	<dbpedia:North_Star_Bicycle_Festival>	0.28405576944351196
INEX_LD-20120422	<dbpedia:Bike_Week_(Bicycle_Week)>	0.2332526594400406
INEX_LD-20120422	<dbpedia:Fietsvierdaagse>	0.22591984272003174
INEX_LD-20120422	<dbpedia:BEE_Japan>	0.0890798419713974
INEX_LD-20120422	<dbpedia:LOTOJA>	0.03821828216314316
INEX_LD-20120422	<dbpedia:Bikecentennial>	0.013607126660645008
INEX_LD-20120422	<dbpedia:Tour_of_Nilgiris>	0.011352874338626862
INEX_LD-20120422	<dbpedia:Bike_Friday>	0.0026195738464593887
INEX_LD-20120431	<dbpedia:Cycle_to_Work_scheme>	0.9054139852523804
INEX_LD-20120431	<dbpedia:World_Bicycle_Relief>	0.22381094098091125
INEX_LD-20120431	<dbpedia:Bicycle_poverty_reduction>	0.220883309841156
INEX_LD-20120431	<dbpedia:Atlanta_Bicycle_Coalition>	0.05552370846271515
INEX_LD-20120431	<dbpedia:Bicycle-friendly>	0.03610291704535484
INEX_LD-20120431	<dbpedia:Bicycling_and_feminism>	0.017615918070077896
INEX_LD-20120431	<dbpedia:Bicycle_commuting>	0.004400297533720732
INEX_LD-20120431	<dbpedia:Utility_cycling>	0.0024262345395982265
INEX_LD-20120431	<dbpedia:Utility_bicycle>	0.0009566685766912997
INEX_LD-20120431	<dbpedia:Cycling_in_Illinois>	0.0005136593244969845
INEX_LD-20120511	<dbpedia:Magali_Luyten>	0.9965349435806274
INEX_LD-20120511	<dbpedia:List_of_female_rock_singers>	0.9947280287742615
INEX_LD-20120511	<dbpedia:Tishma>	0.9878952503204346
INEX_LD-20120511	<dbpedia:List_of_female_heavy_metal_singers>	0.985716700553894
INEX_LD-20120511	<dbpedia:Wanda_Jackson>	0.9813531637191772
INEX_LD-20120511	<dbpedia:Grammy_Award_for_Best_Female_Rock_Vocal_Performance>	0.9686407446861267
INEX_LD-20120511	<dbpedia:Ann_Wilson>	0.9643334150314331
INEX_LD-20120511	<dbpedia:Suzi_Quatro>	0.95144122838974
INEX_LD-20120511	<dbpedia:ROCKRGRL>	0.8112917542457581
INEX_LD-20120511	<dbpedia:Rock_Goddess>	0.6497476100921631
INEX_LD-20120512	<dbpedia:Girls'_Generation>	0.9989064931869507
INEX_LD-20120512	<dbpedia:Wonder_Girls>	0.9988161325454712
INEX_LD-20120512	<dbpedia:LPG_(South_Korean_band)>	0.9987885355949402
INEX_LD-20120512	<dbpedia:Brave_Girls>	0.9985443353652954
INEX_LD-20120512	<dbpedia:Apink>	0.9982801675796509
INEX_LD-20120512	<dbpedia:Red_Velvet_(band)>	0.9982219338417053
INEX_LD-20120512	<dbpedia:Bob_Girls>	0.9981075525283813
INEX_LD-20120512	<dbpedia:Girls'_Generation-TTS>	0.9968152642250061
INEX_LD-20120512	<dbpedia:List_of_South_Korean_idol_groups>	0.9939665794372559
INEX_LD-20120512	<dbpedia:Korea_Girl>	0.9822537302970886
INEX_LD-20120521	<dbpedia:List_of_electronic_music_genres>	0.9959936141967773
INEX_LD-20120521	<dbpedia:Electro_(music)>	0.9862021803855896
INEX_LD-20120521	<dbpedia:Electronica>	0.9819520115852356
INEX_LD-20120521	<dbpedia:Electronic_dance_music>	0.973945677280426
INEX_LD-20120521	<dbpedia:Electronic_music>	0.9693360328674316
INEX_LD-20120521	<dbpedia:Alternative_electronic>	0.9669485092163086
INEX_LD-20120521	<dbpedia:Electronicore>	0.9121419191360474
INEX_LD-20120521	<dbpedia:Christian_electronic_dance_music>	0.8829491138458252
INEX_LD-20120521	<dbpedia:German_electronic_music>	0.8384073376655579
INEX_LD-20120521	<dbpedia:List_of_Christian_dance,_electronic,_and_techno_artists>	0.47820550203323364
INEX_LD-20120522	<dbpedia:List_of_Online_Digital_Musical_Document_Libraries>	0.923574686050415
INEX_LD-20120522	<dbpedia:GUIDO_music_notation>	0.9034880995750427
INEX_LD-20120522	<dbpedia:MusicXML>	0.8720670938491821
INEX_LD-20120522	<dbpedia:DLS_format>	0.8098368644714355
INEX_LD-20120522	<dbpedia:Digital_sheet_music>	0.6920809745788574
INEX_LD-20120522	<dbpedia:Common_Music_Notation>	0.677391767501831
INEX_LD-20120522	<dbpedia:Musical_notation>	0.4853649437427521
INEX_LD-20120522	<dbpedia:Simplified_music_notation>	0.47905805706977844
INEX_LD-20120522	<dbpedia:Music_Works>	0.2891734540462494
INEX_LD-20120522	<dbpedia:Daseian_notation>	0.008580823428928852
INEX_LD-20120531	<dbpedia:The_International_Music_Conference>	0.9963842630386353
INEX_LD-20120531	<dbpedia:Millennium_Music_Conference>	0.9939670562744141
INEX_LD-20120531	<dbpedia:Musical_Arts_Conference>	0.993669331073761
INEX_LD-20120531	<dbpedia:Winter_Music_Conference>	0.9934315085411072
INEX_LD-20120531	<dbpedia:Atlantis_Music_Conference>	0.9891168475151062
INEX_LD-20120531	<dbpedia:International_Computer_Music_Conference>	0.9876202344894409
INEX_LD-20120531	<dbpedia:Americana_Music_Festival_&_Conference>	0.9847099184989929
INEX_LD-20120531	<dbpedia:MusicLearningLive>	0.9803333878517151
INEX_LD-20120531	<dbpedia:International_Music_Summit>	0.9564229846000671
INEX_LD-20120531	<dbpedia:Midwest_Clinic>	0.9249314069747925
INEX_LD-20120532	<dbpedia:Intellectual_property_organization>	0.9422224164009094
INEX_LD-20120532	<dbpedia:International_Intellectual_Property_Alliance>	0.6139577031135559
INEX_LD-20120532	<dbpedia:All_Party_Parliamentary_Intellectual_Property_Group>	0.2223939448595047
INEX_LD-20120532	<dbpedia:Intellectual_Property_Committee>	0.2014666646718979
INEX_LD-20120532	<dbpedia:Japan_Intellectual_Property_Association>	0.17540240287780762
INEX_LD-20120532	<dbpedia:The_Intellectual_Property_Lawyers'_Organisation>	0.1685871183872223
INEX_LD-20120532	<dbpedia:Chicago_Intellectual_Property_Alliance>	0.08359148353338242
INEX_LD-20120532	<dbpedia:Intellectual_Property_Law_Association_of_Chicago>	0.07171925902366638
INEX_LD-20120532	<dbpedia:International_Association_for_the_Protection_of_Intellectual_Property>	0.030853144824504852
INEX_LD-20120532	<dbpedia:Intellectual_Property_Watch>	0.024590924382209778
INEX_LD-2012301	<dbpedia:Niagara_Falls>	0.4708217978477478
INEX_LD-2012301	<dbpedia:Niagara_River>	0.34725451469421387
INEX_LD-2012301	<dbpedia:Niagara_Falls,_Ontario>	0.2540890574455261
INEX_LD-2012301	<dbpedia:T_Lake_Falls>	0.24442841112613678
INEX_LD-2012301	<dbpedia:Niagara_Falls_State_Park>	0.06778217107057571
INEX_LD-2012301	<dbpedia:Horseshoe_Falls>	0.013520337641239166
INEX_LD-2012301	<dbpedia:Niagara_Whirlpool>	0.006132601294666529
INEX_LD-2012301	<dbpedia:Table_Rock,_Niagara_Falls>	0.006028632167726755
INEX_LD-2012301	<dbpedia:Niagara_Falls_City_Hall>	0.0051925890147686005
INEX_LD-2012301	<dbpedia:Niagara_Falls,_from_the_American_Side>	0.0046238224022090435
INEX_LD-2012303	<dbpedia:Coccidioidomycosis>	0.9906277656555176
INEX_LD-2012303	<dbpedia:Coccidioides>	0.9552963376045227
INEX_LD-2012303	<dbpedia:Coccidioides_posadasii>	0.6826294660568237
INEX_LD-2012303	<dbpedia:Arthroconidium>	0.5817317962646484
INEX_LD-2012303	<dbpedia:Rift_Valley_fever>	0.3719704747200012
INEX_LD-2012303	<dbpedia:Tularemia>	0.03850390389561653
INEX_LD-2012303	<dbpedia:Campylocarpon_pseudofasciculare>	0.0005764458910562098
INEX_LD-2012303	<dbpedia:Bayoud_disease>	0.00024569762172177434
INEX_LD-2012303	<dbpedia:Yersinia_pseudotuberculosis>	0.00022238140809349716
INEX_LD-2012303	<dbpedia:Bayou_virus>	0.0001600133255124092
INEX_LD-2012305	<dbpedia:Green_River_(North_Dakota)>	0.634669303894043
INEX_LD-2012305	<dbpedia:Red_River_of_the_North>	0.5809205174446106
INEX_LD-2012305	<dbpedia:Little_Muddy_Creek_(North_Dakota)>	0.35017848014831543
INEX_LD-2012305	<dbpedia:Turtle_River_(North_Dakota)>	0.2967548966407776
INEX_LD-2012305	<dbpedia:Goose_River_(North_Dakota)>	0.26569947600364685
INEX_LD-2012305	<dbpedia:Wild_Rice_River_(North_Dakota)>	0.1285575032234192
INEX_LD-2012305	<dbpedia:Bois_de_Sioux_River>	0.0125043336302042
INEX_LD-2012305	<dbpedia:Little_Missouri_River_(North_Dakota)>	0.00109880103264004
INEX_LD-2012305	<dbpedia:Dark_River_(Minnesota)>	0.0004974983166903257
INEX_LD-2012305	<dbpedia:Shallow_North_Dakota>	7.993570034159347e-05
INEX_LD-2012309	<dbpedia:Malaysian_Chinese>	0.8462752103805542
INEX_LD-2012309	<dbpedia:Malay_Peninsula>	0.6798676252365112
INEX_LD-2012309	<dbpedia:Ethnic_Malays>	0.2151569128036499
INEX_LD-2012309	<dbpedia:Peninsular_Malaysia>	0.21398428082466125
INEX_LD-2012309	<dbpedia:Seberang_Perai>	0.17805446684360504
INEX_LD-2012309	<dbpedia:Johor_Bahru>	0.06669536232948303
INEX_LD-2012309	<dbpedia:Malaysians>	0.03703734278678894
INEX_LD-2012309	<dbpedia:Malaysian_Malay>	0.007371498271822929
INEX_LD-2012309	<dbpedia:Burmese_Malays>	0.000456589536042884
INEX_LD-2012309	<dbpedia:Tanjung_Piai>	0.00029938732041046023
INEX_LD-2012311	<dbpedia:(Just_Like)_Starting_Over>	0.9966500401496887
INEX_LD-2012311	<dbpedia:S.I.R._John_Winston_Ono_Lennon>	0.933908998966217
INEX_LD-2012311	<dbpedia:John_Lennon/Plastic_Ono_Band>	0.8966315984725952
INEX_LD-2012311	<dbpedia:Season_of_Glass>	0.717708945274353
INEX_LD-2012311	<dbpedia:Unfinished_Music_No._1:_Two_Virgins>	0.6469762325286865
INEX_LD-2012311	<dbpedia:Double_Fantasy>	0.6084744930267334
INEX_LD-2012311	<dbpedia:Rising_(Yoko_Ono_album)>	0.3612256348133087
INEX_LD-2012311	<dbpedia:Yokokimthurston>	0.2881796956062317
INEX_LD-2012311	<dbpedia:Approximately_Infinite_Universe>	0.2453695833683014
INEX_LD-2012311	<dbpedia:Rock_'n'_Roll_(John_Lennon_album)>	0.028791038319468498
INEX_LD-2012313	<dbpedia:Barton_Fink>	0.9988371729850769
INEX_LD-2012313	<dbpedia:John_Turturro>	0.9883474707603455
INEX_LD-2012313	<dbpedia:Miller's_Crossing>	0.8912866115570068
INEX_LD-2012313	<dbpedia:Coen_brothers_filmography>	0.135594442486763
INEX_LD-2012313	<dbpedia:Coen_brothers>	0.11150790750980377
INEX_LD-2012313	<dbpedia:List_of_accolades_received_by_True_Grit>	0.09539245814085007
INEX_LD-2012313	<dbpedia:True_Grit_(2010_film)>	0.09079424291849136
INEX_LD-2012313	<dbpedia:Five_Corners_(film)>	0.06152348592877388
INEX_LD-2012313	<dbpedia:Intolerable_Cruelty>	0.0564846433699131
INEX_LD-2012313	<dbpedia:David_Diliberto>	0.019875286146998405
INEX_LD-2012315	<dbpedia:Battle_of_Baguio_(1945)>	0.8399339914321899
INEX_LD-2012315	<dbpedia:Baguio>	0.5743589401245117
INEX_LD-2012315	<dbpedia:Quezon_City>	0.3399451673030853
INEX_LD-2012315	<dbpedia:Battle_of_Manila_(1945)>	0.24624009430408478
INEX_LD-2012315	<dbpedia:Legislative_district_of_Baguio>	0.014283529482781887
INEX_LD-2012315	<dbpedia:Second_Philippine_Republic>	0.012861179187893867
INEX_LD-2012315	<dbpedia:Treaty_of_Manila_(1946)>	0.006471729837357998
INEX_LD-2012315	<dbpedia:Baguio_City_Federation_of_the_Sangguniang_Kabataan>	0.0033684964291751385
INEX_LD-2012315	<dbpedia:Philippine_Declaration_of_Independence>	0.0020784998778253794
INEX_LD-2012315	<dbpedia:Quezon_City_local_elections,_2013>	0.0016801669262349606
INEX_LD-2012317	<dbpedia:Sons_and_Lovers>	0.9730963110923767
INEX_LD-2012317	<dbpedia:Dagger_of_Daggers>	0.4735453724861145
INEX_LD-2012317	<dbpedia:The_Dragon's_Dagger>	0.11656799167394638
INEX_LD-2012317	<dbpedia:Black_Dagger_Brotherhood>	0.0822986513376236
INEX_LD-2012317	<dbpedia:Hnífur_Abrahams>	0.03866061195731163
INEX_LD-2012317	<dbpedia:Dagger_in_the_Library>	0.011538910679519176
INEX_LD-2012317	<dbpedia:Of_Love_and_Evil>	0.010113728232681751
INEX_LD-2012317	<dbpedia:The_Blinding_Knife>	0.0023719824384897947
INEX_LD-2012317	<dbpedia:Beguilement>	0.0012619778281077743
INEX_LD-2012317	<dbpedia:The_Sharing_Knife>	0.0010285911848768592
INEX_LD-2012318	<dbpedia:Plan_9_from_Outer_Space>	0.931460440158844
INEX_LD-2012318	<dbpedia:Bride_of_the_Monster>	0.9262197017669678
INEX_LD-2012318	<dbpedia:Plan_9_from_Outer_Space_(video_game)>	0.8484058976173401
INEX_LD-2012318	<dbpedia:Plan_10_from_Outer_Space>	0.7862008810043335
INEX_LD-2012318	<dbpedia:Glen_or_Glenda>	0.7349640130996704
INEX_LD-2012318	<dbpedia:The_Atomic_Space_Bug>	0.593032717704773
INEX_LD-2012318	<dbpedia:William_C._Thompson>	0.2407594472169876
INEX_LD-2012318	<dbpedia:I_Married_a_Monster_from_Outer_Space>	0.09373138099908829
INEX_LD-2012318	<dbpedia:Fire_Maidens_from_Outer_Space>	0.014078522101044655
INEX_LD-2012318	<dbpedia:Invasion_of_the_Saucer_Men>	0.00045620324090123177
INEX_LD-2012319	<dbpedia:Open_Secrets>	0.9990720748901367
INEX_LD-2012319	<dbpedia:Selected_Stories>	0.9327288866043091
INEX_LD-2012319	<dbpedia:The_Love_of_a_Good_Woman>	0.9278078079223633
INEX_LD-2012319	<dbpedia:Alice_Munro>	0.8852488994598389
INEX_LD-2012319	<dbpedia:List_of_short_stories_by_Alice_Munro>	0.8690891861915588
INEX_LD-2012319	<dbpedia:Dear_Life>	0.8566868901252747
INEX_LD-2012319	<dbpedia:Too_Much_Happiness>	0.8090085983276367
INEX_LD-2012319	<dbpedia:Vintage_Munro>	0.8076058030128479
INEX_LD-2012319	<dbpedia:Dance_of_the_Happy_Shades>	0.5499573349952698
INEX_LD-2012319	<dbpedia:Friend_of_My_Youth>	0.47650688886642456
INEX_LD-2012321	<dbpedia:Stamford_Raffles>	0.9949353337287903
INEX_LD-2012321	<dbpedia:Raffles'_Landing_Site>	0.9917513728141785
INEX_LD-2012321	<dbpedia:Raffles_City>	0.986271858215332
INEX_LD-2012321	<dbpedia:Founding_of_modern_Singapore>	0.9693828821182251
INEX_LD-2012321	<dbpedia:Port_Office,_Brisbane>	0.016186580061912537
INEX_LD-2012321	<dbpedia:Port_of_Singapore>	0.0017631077207624912
INEX_LD-2012321	<dbpedia:Port_of_Tanjung_Priok>	0.0016315033426508307
INEX_LD-2012321	<dbpedia:Tanjung_Langsat_Port>	0.001076452899724245
INEX_LD-2012321	<dbpedia:Kuantan_Port>	0.0005986553151160479
INEX_LD-2012321	<dbpedia:Jurong_Port>	0.0005654373671859503
INEX_LD-2012323	<dbpedia:Hofsjökull>	0.9927147030830383
INEX_LD-2012323	<dbpedia:Langjökull>	0.9914510846138
INEX_LD-2012323	<dbpedia:Vatnajökull>	0.9762520790100098
INEX_LD-2012323	<dbpedia:Hoffellsjökull>	0.816569983959198
INEX_LD-2012323	<dbpedia:Dyngjujökull>	0.49386855959892273
INEX_LD-2012323	<dbpedia:Geitlandsjökull>	0.39396655559539795
INEX_LD-2012323	<dbpedia:Eiríksjökull>	0.2634317874908447
INEX_LD-2012323	<dbpedia:Eyjafjallajökull>	0.018496965989470482
INEX_LD-2012323	<dbpedia:Sulitjelmaisen>	0.018107349053025246
INEX_LD-2012323	<dbpedia:Gihtsejiegŋa>	0.014239531010389328
INEX_LD-2012325	<dbpedia:James_G._Blaine>	0.8754398226737976
INEX_LD-2012325	<dbpedia:John_J._Blaine>	0.30527278780937195
INEX_LD-2012325	<dbpedia:Electoral_history_of_James_G._Blaine>	0.22346332669258118
INEX_LD-2012325	<dbpedia:James_O._Freedman>	0.006671025883406401
INEX_LD-2012325	<dbpedia:James_Francis_Thaddeus_O'Connor>	0.005393787287175655
INEX_LD-2012325	<dbpedia:James_Gilfillan>	0.004399955738335848
INEX_LD-2012325	<dbpedia:James_K._Batchelder>	0.0038087593857198954
INEX_LD-2012325	<dbpedia:James_Clark_McReynolds>	0.0017283335328102112
INEX_LD-2012325	<dbpedia:James_A._Garfield>	0.0003391719947103411
INEX_LD-2012325	<dbpedia:Austin_Abbott>	0.0002949510235339403
INEX_LD-2012327	<dbpedia:Wole_Soyinka_Prize_for_Literature_in_Africa>	0.3285975754261017
INEX_LD-2012327	<dbpedia:Ernest_J._Gaines>	0.30163830518722534
INEX_LD-2012327	<dbpedia:Charles_R._Johnson>	0.2378620058298111
INEX_LD-2012327	<dbpedia:Henry_Dumas>	0.12143388390541077
INEX_LD-2012327	<dbpedia:Margaret_Walker>	0.10301056504249573
INEX_LD-2012327	<dbpedia:Richard_Wright_(author)>	0.04812706634402275
INEX_LD-2012327	<dbpedia:Albery_Allson_Whitman>	0.031594786792993546
INEX_LD-2012327	<dbpedia:Patrick_D._Smith>	0.01788620464503765
INEX_LD-2012327	<dbpedia:Erskine_Caldwell>	0.001865576021373272
INEX_LD-2012327	<dbpedia:Philip_Lee_Williams>	0.0007715345709584653
INEX_LD-2012329	<dbpedia:Icelandic_króna>	0.5463712811470032
INEX_LD-2012329	<dbpedia:Swedish_krona>	0.5265389084815979
INEX_LD-2012329	<dbpedia:Sweden_and_the_euro>	0.4256632924079895
INEX_LD-2012329	<dbpedia:Swedish_riksdaler>	0.11856991797685623
INEX_LD-2012329	<dbpedia:Scandinavian_Monetary_Union>	0.00681473920121789
INEX_LD-2012329	<dbpedia:Norwegian_rigsdaler>	0.006301428657025099
INEX_LD-2012329	<dbpedia:Norwegian_speciedaler>	0.002822148147970438
INEX_LD-2012329	<dbpedia:Faroese_króna>	0.0025728601031005383
INEX_LD-2012329	<dbpedia:Central_Bank_of_Iceland>	0.0013717850670218468
INEX_LD-2012329	<dbpedia:Swedish_penning>	0.00038529152516275644
INEX_LD-2012331	<dbpedia:Hedong_Korean_Ethnic_Township>	0.730515718460083
INEX_LD-2012331	<dbpedia:Koreans_in_China>	0.7200566530227661
INEX_LD-2012331	<dbpedia:Han_River_(Korea)>	0.7137050628662109
INEX_LD-2012331	<dbpedia:Chinese_people_in_Korea>	0.5674127340316772
INEX_LD-2012331	<dbpedia:Ari-soo>	0.3826804459095001
INEX_LD-2012331	<dbpedia:West_Nakdong_River>	0.32627302408218384
INEX_LD-2012331	<dbpedia:Nakdong_River>	0.300853967666626
INEX_LD-2012331	<dbpedia:Ai_River_(Dandong)>	0.2648771107196808
INEX_LD-2012331	<dbpedia:Jungnangcheon>	0.18447954952716827
INEX_LD-2012331	<dbpedia:Mapo_Bridge>	0.023123567923903465
INEX_LD-2012333	<dbpedia:Wilfrid_Laurier>	0.7829862236976624
INEX_LD-2012333	<dbpedia:Leslie_Frost>	0.4188637137413025
INEX_LD-2012333	<dbpedia:William_Lyon_Mackenzie_King>	0.13053588569164276
INEX_LD-2012333	<dbpedia:John_Diefenbaker>	0.02032002992928028
INEX_LD-2012333	<dbpedia:John_Graham_Haggart>	0.019734133034944534
INEX_LD-2012333	<dbpedia:William_Gilbert_Weir>	0.009810365736484528
INEX_LD-2012333	<dbpedia:Arthur_Meighen>	0.005543937906622887
INEX_LD-2012333	<dbpedia:Azellus_Denis>	0.003700841683894396
INEX_LD-2012333	<dbpedia:Lucien_Lamoureux>	0.003700823988765478
INEX_LD-2012333	<dbpedia:Guy_Charbonneau>	0.0035769613459706306
INEX_LD-2012335	<dbpedia:Japan's_non-nuclear_weapons_policy>	0.2513680160045624
INEX_LD-2012335	<dbpedia:United_States-Japan_Joint_Nuclear_Energy_Action_Plan>	0.14654341340065002
INEX_LD-2012335	<dbpedia:US_Initial_Post-Surrender_Policy_for_Japan>	0.11140905320644379
INEX_LD-2012335	<dbpedia:Japan_and_weapons_of_mass_destruction>	0.026269176974892616
INEX_LD-2012335	<dbpedia:Japanese_nuclear_weapon_program>	0.02102917991578579
INEX_LD-2012335	<dbpedia:Security_Treaty_Between_the_United_States_and_Japan>	0.017813585698604584
INEX_LD-2012335	<dbpedia:U.S._and_Japan_Mutual_Defense_Assistance_Agreement>	0.011153561063110828
INEX_LD-2012335	<dbpedia:International_Commission_on_Nuclear_Non-proliferation_and_Disarmament>	0.005889147520065308
INEX_LD-2012335	<dbpedia:U.S.–Japan_Status_of_Forces_Agreement>	0.003544644918292761
INEX_LD-2012335	<dbpedia:Japan–North_Korea_Pyongyang_Declaration>	0.003306386759504676
INEX_LD-2012337	<dbpedia:1953_Waco_tornado_outbreak>	0.334605872631073
INEX_LD-2012337	<dbpedia:1953_Worcester_tornado>	0.0710567906498909
INEX_LD-2012337	<dbpedia:1970_Lubbock_tornado>	0.003359419060871005
INEX_LD-2012337	<dbpedia:March_1952_Southern_United_States_tornado_outbreak>	0.002740039024502039
INEX_LD-2012337	<dbpedia:1997_Central_Texas_tornado_outbreak>	0.0026865345425903797
INEX_LD-2012337	<dbpedia:Early-April_1957_tornado_outbreak_sequence>	0.001510557602159679
INEX_LD-2012337	<dbpedia:Late-May_1957_tornado_outbreak>	0.00119386101141572
INEX_LD-2012337	<dbpedia:1979_Red_River_Valley_tornado_outbreak>	0.001137145678512752
INEX_LD-2012337	<dbpedia:1922_Austin_twin_tornadoes>	0.0011361907236278057
INEX_LD-2012337	<dbpedia:April_20–22,_1912_tornado_outbreak>	0.00046260785893537104
INEX_LD-2012339	<dbpedia:John_Langalibalele_Dube>	0.990570068359375
INEX_LD-2012339	<dbpedia:Dube,_South_Africa>	0.9744462370872498
INEX_LD-2012339	<dbpedia:Ohlange_High_School>	0.941118061542511
INEX_LD-2012339	<dbpedia:Nelson_Mandela>	0.5698772072792053
INEX_LD-2012339	<dbpedia:Nokutela_Dube>	0.49165675044059753
INEX_LD-2012339	<dbpedia:William_Cullen_Wilcox>	0.4901319742202759
INEX_LD-2012339	<dbpedia:Edward_Dube>	0.17569878697395325
INEX_LD-2012339	<dbpedia:List_of_awards_and_honours_bestowed_upon_Nelson_Mandela>	0.0694534033536911
INEX_LD-2012339	<dbpedia:Dube_on_2>	0.05927852913737297
INEX_LD-2012339	<dbpedia:Frederick_John_Harris>	0.0014316525775939226
INEX_LD-2012341	<dbpedia:Houston_mayoral_election,_1997>	0.3453843295574188
INEX_LD-2012341	<dbpedia:Houston_Airport>	0.2070131003856659
INEX_LD-2012341	<dbpedia:George_Bush_Intercontinental_Airport>	0.07401944696903229
INEX_LD-2012341	<dbpedia:Houston_International_Airport>	0.06460292637348175
INEX_LD-2012341	<dbpedia:Houston_Airport_System>	0.05982920899987221
INEX_LD-2012341	<dbpedia:West_Houston_Airport>	0.0164937861263752
INEX_LD-2012341	<dbpedia:William_P._Hobby_Airport>	0.012111037038266659
INEX_LD-2012341	<dbpedia:Joe_Rollins>	0.005097553599625826
INEX_LD-2012341	<dbpedia:Lewis_Wesley_Cutrer>	0.0014644163893535733
INEX_LD-2012341	<dbpedia:List_of_Presidents_of_the_University_of_Houston>	0.0012484278995543718
INEX_LD-2012345	<dbpedia:James_Tague>	0.9496889114379883
INEX_LD-2012345	<dbpedia:Assassination_of_John_F._Kennedy>	0.9111552238464355
INEX_LD-2012345	<dbpedia:Lee_Harvey_Oswald>	0.2034655064344406
INEX_LD-2012345	<dbpedia:Howard_Brennan>	0.10457346588373184
INEX_LD-2012345	<dbpedia:Reactions_to_the_assassination_of_John_F._Kennedy>	0.09383559972047806
INEX_LD-2012345	<dbpedia:Lee_Bowers>	0.06893263012170792
INEX_LD-2012345	<dbpedia:Charles_Brehm>	0.046811219304800034
INEX_LD-2012345	<dbpedia:Phillip_Willis>	0.032563190907239914
INEX_LD-2012345	<dbpedia:Pictures_of_the_Pain>	0.01901736855506897
INEX_LD-2012345	<dbpedia:Texas_Theatre>	0.013604492880403996
INEX_LD-2012349	<dbpedia:Alexander_Nevsky_Cathedral,_Sofia>	0.9969497323036194
INEX_LD-2012349	<dbpedia:Alexander_Nevsky_Cathedral,_Izhevsk>	0.9841479063034058
INEX_LD-2012349	<dbpedia:Alexander_Nevsky_Cathedral,_Paris>	0.9545767903327942
INEX_LD-2012349	<dbpedia:Alexander_Nevsky_Cathedral,_Baku>	0.9272958040237427
INEX_LD-2012349	<dbpedia:Alexander_Nevsky_Cathedral,_Tiflis>	0.8878369927406311
INEX_LD-2012349	<dbpedia:Alexander_Nevsky_Cathedral,_Tallinn>	0.8777962327003479
INEX_LD-2012349	<dbpedia:Monument_to_the_Tsar_Liberator>	0.7767899036407471
INEX_LD-2012349	<dbpedia:Alexander_Nevsky_Memorial_Church>	0.7586269974708557
INEX_LD-2012349	<dbpedia:Dormition_of_the_Mother_of_God_Cathedral,_Varna>	0.6902676820755005
INEX_LD-2012349	<dbpedia:Hagia_Sophia_Church,_Nesebar>	0.010744682513177395
INEX_LD-2012353	<dbpedia:Languages_of_Germany>	0.9880905151367188
INEX_LD-2012353	<dbpedia:German_language_in_Namibia>	0.9513764977455139
INEX_LD-2012353	<dbpedia:List_of_territorial_entities_where_German_is_an_official_language>	0.9413924813270569
INEX_LD-2012353	<dbpedia:German_language>	0.8791957497596741
INEX_LD-2012353	<dbpedia:Geographical_distribution_of_German_speakers>	0.8772671818733215
INEX_LD-2012353	<dbpedia:German_language_in_the_United_States>	0.691092848777771
INEX_LD-2012353	<dbpedia:German_Standard_German>	0.6504530310630798
INEX_LD-2012353	<dbpedia:Low_German>	0.2979707717895508
INEX_LD-2012353	<dbpedia:High_German_languages>	0.2511764466762543
INEX_LD-2012353	<dbpedia:German_Sign_Language>	0.15319976210594177
INEX_LD-2012354	<dbpedia:Great_Guitars>	0.9982031583786011
INEX_LD-2012354	<dbpedia:Ivan_Nikolayevich_Smirnov>	0.9938692450523376
INEX_LD-2012354	<dbpedia:Slobodan_Kovačević>	0.980645477771759
INEX_LD-2012354	<dbpedia:Paul_Kossoff>	0.9727596044540405
INEX_LD-2012354	<dbpedia:Death_of_Jimi_Hendrix>	0.9414984583854675
INEX_LD-2012354	<dbpedia:George_Lynch_(musician)>	0.9234761595726013
INEX_LD-2012354	<dbpedia:Dick_Rosmini>	0.9000015258789062
INEX_LD-2012354	<dbpedia:Jimi_Hendrix>	0.5783472061157227
INEX_LD-2012354	<dbpedia:Redd_Volkaert>	0.21854905784130096
INEX_LD-2012354	<dbpedia:Robert_Johnson_(guitars)>	0.004675010684877634
INEX_LD-2012355	<dbpedia:Gordon_Taylor_(footballer)>	0.9869288206100464
INEX_LD-2012355	<dbpedia:John_Bennetts>	0.8702772259712219
INEX_LD-2012355	<dbpedia:Tony_Kay>	0.3112909495830536
INEX_LD-2012355	<dbpedia:Jackie_Sewell>	0.19699445366859436
INEX_LD-2012355	<dbpedia:Jimmy_Greaves>	0.08384902775287628
INEX_LD-2012355	<dbpedia:Trevor_Francis>	0.05901827663183212
INEX_LD-2012355	<dbpedia:Odafa_Onyeka_Okolie>	0.05779745429754257
INEX_LD-2012355	<dbpedia:Paul_Fletcher_(footballer)>	0.009111239574849606
INEX_LD-2012355	<dbpedia:Geoff_Hurst>	0.008530329912900925
INEX_LD-2012355	<dbpedia:Gary_Talbot>	0.001069317222572863
INEX_LD-2012357	<dbpedia:Yekaterina_Geltzer>	0.9962419271469116
INEX_LD-2012357	<dbpedia:Svetlana_Zakharova_(dancer)>	0.9887844324111938
INEX_LD-2012357	<dbpedia:Sofia_Golovkina>	0.9678832292556763
INEX_LD-2012357	<dbpedia:Evgenia_Obraztsova>	0.9675272107124329
INEX_LD-2012357	<dbpedia:Natalia_Bessmertnova>	0.946715235710144
INEX_LD-2012357	<dbpedia:Marina_Semyonova>	0.21818099915981293
INEX_LD-2012357	<dbpedia:Irina_Kolpakova>	0.15436521172523499
INEX_LD-2012357	<dbpedia:Natalia_Makarova>	0.13247644901275635
INEX_LD-2012357	<dbpedia:Alla_Osipenko>	0.08690628409385681
INEX_LD-2012357	<dbpedia:Larisa_Golubkina>	0.005938456393778324
INEX_LD-2012359	<dbpedia:Bob_Ricker>	0.9932199120521545
INEX_LD-2012359	<dbpedia:Larry_Pratt>	0.34789571166038513
INEX_LD-2012359	<dbpedia:American_State_Legislators_for_Gun_Violence_Prevention>	0.17321129143238068
INEX_LD-2012359	<dbpedia:Dudley_Brown>	0.1450229287147522
INEX_LD-2012359	<dbpedia:Nick_Rathod>	0.056939415633678436
INEX_LD-2012359	<dbpedia:Robert_A._Levy>	0.03719106316566467
INEX_LD-2012359	<dbpedia:Bob_Ricks>	0.0329768992960453
INEX_LD-2012359	<dbpedia:Dan_Gross_(activist)>	0.009703976102173328
INEX_LD-2012359	<dbpedia:Wayne_LaPierre>	0.005380778573453426
INEX_LD-2012359	<dbpedia:John_C._Sigler>	0.002844666363671422
INEX_LD-2012361	<dbpedia:John_Legend>	0.27421334385871887
INEX_LD-2012361	<dbpedia:Jorge_Negrete>	0.14086954295635223
INEX_LD-2012361	<dbpedia:Lars_Lönndahl>	0.0761905238032341
INEX_LD-2012361	<dbpedia:Al_Martino>	0.049625445157289505
INEX_LD-2012361	<dbpedia:Kumar_Sanu>	0.01200785767287016
INEX_LD-2012361	<dbpedia:Yūya_Uchida_(singer/actor)>	0.011356176808476448
INEX_LD-2012361	<dbpedia:Halid_Muslimović>	0.005657141096889973
INEX_LD-2012361	<dbpedia:Karel_Gott>	0.0013970313593745232
INEX_LD-2012361	<dbpedia:Aurelian_Andreescu>	0.000760914699640125
INEX_LD-2012361	<dbpedia:Dietrich_Fischer-Dieskau>	0.00041164562571793795
INEX_LD-2012365	<dbpedia:Margaret_MacVicar>	0.6626248359680176
INEX_LD-2012365	<dbpedia:Silvio_Micali>	0.024141818284988403
INEX_LD-2012365	<dbpedia:Arvind_(computer_scientist)>	0.014832442626357079
INEX_LD-2012365	<dbpedia:Anant_Agarwal>	0.007466204930096865
INEX_LD-2012365	<dbpedia:James_(Mac)_Hyman>	0.005184605251997709
INEX_LD-2012365	<dbpedia:Tomaso_Poggio>	0.0037576088216155767
INEX_LD-2012365	<dbpedia:Salil_Vadhan>	0.0029000448994338512
INEX_LD-2012365	<dbpedia:Diane_Souvaine>	0.0014214233960956335
INEX_LD-2012365	<dbpedia:K._Mani_Chandy>	0.0004988906439393759
INEX_LD-2012365	<dbpedia:Marc_Snir>	0.0004818779125344008
INEX_LD-2012367	<dbpedia:Telescope>	0.9924677014350891
INEX_LD-2012367	<dbpedia:Juan_Roget>	0.9830952286720276
INEX_LD-2012367	<dbpedia:Newtonian_telescope>	0.9830763339996338
INEX_LD-2012367	<dbpedia:Dmitry_Dmitrievich_Maksutov>	0.9175101518630981
INEX_LD-2012367	<dbpedia:History_of_the_telescope>	0.9003550410270691
INEX_LD-2012367	<dbpedia:Zacharias_Janssen>	0.8984488844871521
INEX_LD-2012367	<dbpedia:William_Kitchiner>	0.8774479031562805
INEX_LD-2012367	<dbpedia:Newton's_reflector>	0.813148021697998
INEX_LD-2012367	<dbpedia:Gregorian_telescope>	0.5204597115516663
INEX_LD-2012367	<dbpedia:Shuckburgh_telescope>	0.12628336250782013
INEX_LD-2012369	<dbpedia:Morava_Airport>	0.7105872631072998
INEX_LD-2012369	<dbpedia:Robert_Mueller_Municipal_Airport>	0.7055040001869202
INEX_LD-2012369	<dbpedia:Cerklje_ob_Krki_Airport>	0.5240476131439209
INEX_LD-2012369	<dbpedia:Generalissimo_Francisco_de_Miranda_Air_Base>	0.3790607452392578
INEX_LD-2012369	<dbpedia:Ajdovščina_Airport>	0.12695853412151337
INEX_LD-2012369	<dbpedia:Newark_Metropolitan_Airport_Buildings>	0.042361605912446976
INEX_LD-2012369	<dbpedia:Adolfo_Suárez_Madrid–Barajas_Airport>	0.025179123505949974
INEX_LD-2012369	<dbpedia:Mayor_General_FAP_Armando_Revoredo_Iglesias_Airport>	0.009640656411647797
INEX_LD-2012369	<dbpedia:Leonardo_da_Vinci–Fiumicino_Airport>	0.009204452857375145
INEX_LD-2012369	<dbpedia:Nuremberg_Airport>	0.004458106588572264
INEX_LD-2012371	<dbpedia:Huế_Railway_Station>	0.7009528279304504
INEX_LD-2012371	<dbpedia:Leipzig_Hauptbahnhof>	0.5873701572418213
INEX_LD-2012371	<dbpedia:Tanggula_Railway_Station>	0.43603140115737915
INEX_LD-2012371	<dbpedia:Cité_du_Train>	0.18232707679271698
INEX_LD-2012371	<dbpedia:New_Delhi_railway_station>	0.09651198983192444
INEX_LD-2012371	<dbpedia:Lviv_Railway_station>	0.0646452084183693
INEX_LD-2012371	<dbpedia:Tehran_railway_station>	0.05319290608167648
INEX_LD-2012371	<dbpedia:Gare_de_Metz-Ville>	0.05205635726451874
INEX_LD-2012371	<dbpedia:Novosibirsk_Railway_station>	0.05095864459872246
INEX_LD-2012371	<dbpedia:Railway_stations_in_Milan>	0.04052557796239853
INEX_LD-2012372	<dbpedia:Historical_medieval_battles>	0.9836987257003784
INEX_LD-2012372	<dbpedia:Battlefield_(TV_series)>	0.9444253444671631
INEX_LD-2012372	<dbpedia:Battlefield_Britain>	0.944058895111084
INEX_LD-2012372	<dbpedia:History_of_Warfare_Series>	0.8952007293701172
INEX_LD-2012372	<dbpedia:Registered_Battlefields_(UK)>	0.7532432675361633
INEX_LD-2012372	<dbpedia:Battles_BC>	0.7034629583358765
INEX_LD-2012372	<dbpedia:Great_Battles>	0.6066814661026001
INEX_LD-2012372	<dbpedia:Battlefield_House_(Stoney_Creek)>	0.44996121525764465
INEX_LD-2012372	<dbpedia:Battlefield_Heritage_Park>	0.40581122040748596
INEX_LD-2012372	<dbpedia:The_Battlefield_(1985_TV_series)>	0.17498187720775604
INEX_LD-2012373	<dbpedia:Some_Birds_Can't_Fly>	0.9983371496200562
INEX_LD-2012373	<dbpedia:Flightless_bird>	0.9612377882003784
INEX_LD-2012373	<dbpedia:Bird_flight>	0.4164671301841736
INEX_LD-2012373	<dbpedia:List_of_soaring_birds>	0.3473472595214844
INEX_LD-2012373	<dbpedia:Innocent_Bird>	0.17728112637996674
INEX_LD-2012373	<dbpedia:Bird_anatomy>	0.10832497477531433
INEX_LD-2012373	<dbpedia:Bird_strike>	0.002314784796908498
INEX_LD-2012373	<dbpedia:Flying_High_Bird_Sanctuary>	0.0008894916973076761
INEX_LD-2012373	<dbpedia:Bird_control>	0.0003216539917048067
INEX_LD-2012373	<dbpedia:Bird_feet_and_legs>	0.00013961881631985307
INEX_LD-2012377	<dbpedia:Causes_of_World_War_I>	0.9826348423957825
INEX_LD-2012377	<dbpedia:List_of_Medal_of_Honor_recipients_for_World_War_I>	0.9737979173660278
INEX_LD-2012377	<dbpedia:Turpinite>	0.9442299604415894
INEX_LD-2012377	<dbpedia:Anglo-German_naval_arms_race>	0.8150964379310608
INEX_LD-2012377	<dbpedia:Fritz_Fischer>	0.8074143528938293
INEX_LD-2012377	<dbpedia:Centre_for_the_Study_of_the_Causes_of_the_War>	0.7679703831672668
INEX_LD-2012377	<dbpedia:World_War_I>	0.5596647262573242
INEX_LD-2012377	<dbpedia:Sidney_Bradshaw_Fay>	0.4784533381462097
INEX_LD-2012377	<dbpedia:World_War_I_casualties>	0.0021913843229413033
INEX_LD-2012377	<dbpedia:Falsehood_in_War-Time>	0.0013299697311595082
INEX_LD-2012381	<dbpedia:Block_Busters>	0.9983435869216919
INEX_LD-2012381	<dbpedia:Blockhead_(film)>	0.916628897190094
INEX_LD-2012381	<dbpedia:16_Blocks>	0.751055896282196
INEX_LD-2012381	<dbpedia:Block-Heads>	0.28776195645332336
INEX_LD-2012381	<dbpedia:Bad_Day_on_the_Block>	0.25023218989372253
INEX_LD-2012381	<dbpedia:Around_the_Block_(film)>	0.15055561065673828
INEX_LD-2012381	<dbpedia:Attack_the_Block>	0.09049501270055771
INEX_LD-2012381	<dbpedia:Block_Buster!>	0.07532821595668793
INEX_LD-2012381	<dbpedia:Block_Buster_(Microvision)>	0.06415855884552002
INEX_LD-2012381	<dbpedia:Doug_Block>	0.010297306813299656
INEX_LD-2012383	<dbpedia:Jim_Gray_(computer_scientist)>	0.9980985522270203
INEX_LD-2012383	<dbpedia:John_P._Craven>	0.6929316520690918
INEX_LD-2012383	<dbpedia:Disappearance_of_George_Smith>	0.6380173563957214
INEX_LD-2012383	<dbpedia:Nico_Habermann>	0.5259684920310974
INEX_LD-2012383	<dbpedia:Jon_Mathews>	0.5035367012023926
INEX_LD-2012383	<dbpedia:Edmund_Berkeley>	0.16370517015457153
INEX_LD-2012383	<dbpedia:Angus_Primrose>	0.09652404487133026
INEX_LD-2012383	<dbpedia:Bruce_Arden>	0.07807187736034393
INEX_LD-2012383	<dbpedia:Peter_Killworth>	0.0652749314904213
INEX_LD-2012383	<dbpedia:Boris_Weisfeiler>	0.03262648731470108
INEX_LD-2012385	<dbpedia:Natasja_Oerlemans>	0.9970837235450745
INEX_LD-2012385	<dbpedia:American_Vegetarian_Party>	0.9793832898139954
INEX_LD-2012385	<dbpedia:Symon_Gould>	0.9498093724250793
INEX_LD-2012385	<dbpedia:Herbert_M._Shelton>	0.9298385381698608
INEX_LD-2012385	<dbpedia:Christopher_Fettes>	0.7621350288391113
INEX_LD-2012385	<dbpedia:Bruce_Friedrich>	0.6559666395187378
INEX_LD-2012385	<dbpedia:Political_Animals_(miniseries)>	0.6146464943885803
INEX_LD-2012385	<dbpedia:Howard_Williams_(humanitarian)>	0.37976735830307007
INEX_LD-2012385	<dbpedia:Thupten_Phelgye>	0.3443925082683563
INEX_LD-2012385	<dbpedia:William_Cowherd>	0.09209967404603958
INEX_LD-2012387	<dbpedia:Lianghekou_Dam>	0.9656517505645752
INEX_LD-2012387	<dbpedia:Holtwood_Dam>	0.08923323452472687
INEX_LD-2012387	<dbpedia:Duncan_Dam>	0.06973908096551895
INEX_LD-2012387	<dbpedia:Paradise_Dam_(Montana)>	0.058670442551374435
INEX_LD-2012387	<dbpedia:Franklin_Dam_controversy>	0.042704988270998
INEX_LD-2012387	<dbpedia:Ashfork-Bainbridge_Steel_Dam>	0.03789456561207771
INEX_LD-2012387	<dbpedia:Glacier_View_Dam>	0.012360981665551662
INEX_LD-2012387	<dbpedia:Bridge_Canyon_Dam>	0.011058428324759007
INEX_LD-2012387	<dbpedia:Riverside_Diversion_Dam>	0.007402632851153612
INEX_LD-2012387	<dbpedia:Carcoar_Dam>	0.0060175745747983456
INEX_LD-2012389	<dbpedia:Albay_Gulf>	0.6013138294219971
INEX_LD-2012389	<dbpedia:Spotted_wobbegong>	0.3787132501602173
INEX_LD-2012389	<dbpedia:Hooktooth_shark>	0.33606332540512085
INEX_LD-2012389	<dbpedia:Gulf_wobbegong>	0.12326475977897644
INEX_LD-2012389	<dbpedia:List_of_sharks_and_batoids_found_from_territorial_waters_of_Sri_Lanka>	0.020718662068247795
INEX_LD-2012389	<dbpedia:Smoothtooth_blacktip_shark>	0.009629295207560062
INEX_LD-2012389	<dbpedia:Sand_tiger_shark>	0.0022246965672820807
INEX_LD-2012389	<dbpedia:Shark_(moth)>	0.0013082133373245597
INEX_LD-2012389	<dbpedia:List_of_sharks_in_the_Red_Sea>	0.0008883565897122025
INEX_LD-2012389	<dbpedia:2010_Sharm_el-Sheikh_shark_attacks>	0.00041249918285757303
INEX_LD-2012390	<dbpedia:Jeff_Kent>	0.7101694345474243
INEX_LD-2012390	<dbpedia:List_of_Major_League_Baseball_single-game_home_run_leaders>	0.14892709255218506
INEX_LD-2012390	<dbpedia:Hank_Aaron_Award>	0.12807227671146393
INEX_LD-2012390	<dbpedia:Kyle_Russell>	0.04346267133951187
INEX_LD-2012390	<dbpedia:Honus_Wagner>	0.01877308450639248
INEX_LD-2012390	<dbpedia:List_of_Major_League_Baseball_career_hits_leaders>	0.01809334009885788
INEX_LD-2012390	<dbpedia:Rickey_Henderson>	0.008489791303873062
INEX_LD-2012390	<dbpedia:List_of_Major_League_Baseball_leaders_in_RBI_in_one_inning>	0.004890721291303635
INEX_LD-2012390	<dbpedia:Homer_in_the_Gloamin'>	0.0028573283925652504
INEX_LD-2012390	<dbpedia:Southern_League_Most_Valuable_Player_Award>	0.000803660077508539
INEX_XER-106	<dbpedia:Sir_Hugh_Luttrell>	0.997266411781311
INEX_XER-106	<dbpedia:Thomas_Holland,_1st_Earl_of_Kent>	0.9970908164978027
INEX_XER-106	<dbpedia:John_FitzAlan,_14th_Earl_of_Arundel>	0.99685138463974
INEX_XER-106	<dbpedia:Ralph_de_Stafford,_1st_Earl_of_Stafford>	0.9965832829475403
INEX_XER-106	<dbpedia:Robert_Knolles>	0.989280641078949
INEX_XER-106	<dbpedia:Robert_Willoughby,_6th_Baron_Willoughby_de_Eresby>	0.9875828623771667
INEX_XER-106	<dbpedia:Thomas_de_Scales,_7th_Baron_Scales>	0.9828528761863708
INEX_XER-106	<dbpedia:John_Darras>	0.9794536232948303
INEX_XER-106	<dbpedia:Paon_de_Roet>	0.9527842402458191
INEX_XER-106	<dbpedia:Jean_de_Wavrin>	0.7435218691825867
INEX_XER-108	<dbpedia:List_of_capitals_in_the_United_States>	0.6408858299255371
INEX_XER-108	<dbpedia:Washington,_D.C.>	0.5300682783126831
INEX_XER-108	<dbpedia:List_of_state_capitols_in_the_United_States>	0.41859960556030273
INEX_XER-108	<dbpedia:United_States>	0.21262511610984802
INEX_XER-108	<dbpedia:List_of_states_and_territories_of_the_United_States>	0.07594941556453705
INEX_XER-108	<dbpedia:Outline_of_Washington,_D.C.>	0.053620725870132446
INEX_XER-108	<dbpedia:American_Capital_of_Culture>	0.004699975252151489
INEX_XER-108	<dbpedia:List_of_capitals_of_states_of_Mexico>	0.00273345154710114
INEX_XER-108	<dbpedia:List_of_cities_in_the_United_States>	0.000434036657679826
INEX_XER-108	<dbpedia:Geography_of_the_United_States>	0.0004245794261805713
INEX_XER-109	<dbpedia:Ngerulmud>	0.5072284936904907
INEX_XER-109	<dbpedia:List_of_national_capitals_in_alphabetical_order>	0.09283169358968735
INEX_XER-109	<dbpedia:National_Heroes_Square>	0.07128763198852539
INEX_XER-109	<dbpedia:List_of_national_capitals_by_latitude>	0.05875025689601898
INEX_XER-109	<dbpedia:Hundred_Islands_National_Park>	0.046044908463954926
INEX_XER-109	<dbpedia:Glénan_Islands>	0.003266728948801756
INEX_XER-109	<dbpedia:Atlantic_Islands_of_Galicia_National_Park>	0.0027522011660039425
INEX_XER-109	<dbpedia:Geography_of_the_British_Virgin_Islands>	0.002114972798153758
INEX_XER-109	<dbpedia:Family_Islands_National_Park>	0.0019410256063565612
INEX_XER-109	<dbpedia:Marquesas_Islands>	0.0009020476136356592
INEX_XER-110	<dbpedia:Poet-diplomat>	0.9754095673561096
INEX_XER-110	<dbpedia:Karl_Adolph_Gjellerup>	0.931072473526001
INEX_XER-110	<dbpedia:Erik_Axel_Karlfeldt>	0.887451708316803
INEX_XER-110	<dbpedia:Seamus_Heaney>	0.8702349662780762
INEX_XER-110	<dbpedia:List_of_Nobel_laureates_in_Literature>	0.8618497848510742
INEX_XER-110	<dbpedia:António_Correia_de_Oliveira>	0.8613559603691101
INEX_XER-110	<dbpedia:Vicente_Aleixandre>	0.8576577305793762
INEX_XER-110	<dbpedia:Nobel_Prize_in_Literature>	0.8209962248802185
INEX_XER-110	<dbpedia:Knut_Hamsun>	0.7430588006973267
INEX_XER-110	<dbpedia:José_Saramago>	0.46547046303749084
INEX_XER-113	<dbpedia:2009_Monaco_Grand_Prix>	0.998831570148468
INEX_XER-113	<dbpedia:1983_Monaco_Grand_Prix>	0.9986588954925537
INEX_XER-113	<dbpedia:2008_Monaco_Grand_Prix>	0.9986020922660828
INEX_XER-113	<dbpedia:2011_Monaco_Grand_Prix>	0.998582124710083
INEX_XER-113	<dbpedia:1998_Monaco_Grand_Prix>	0.9985034465789795
INEX_XER-113	<dbpedia:1973_Monaco_Grand_Prix>	0.9984999895095825
INEX_XER-113	<dbpedia:1979_Monaco_Grand_Prix>	0.998137354850769
INEX_XER-113	<dbpedia:1978_Monaco_Grand_Prix>	0.9980548620223999
INEX_XER-113	<dbpedia:1966_Monaco_Grand_Prix>	0.997808039188385
INEX_XER-113	<dbpedia:2006_Monaco_Grand_Prix>	0.9966832995414734
INEX_XER-114	<dbpedia:2012_European_Grand_Prix>	0.998292863368988
INEX_XER-114	<dbpedia:2007_European_Grand_Prix>	0.998023509979248
INEX_XER-114	<dbpedia:2011_European_Grand_Prix>	0.9979935884475708
INEX_XER-114	<dbpedia:2009_European_Grand_Prix>	0.9979435801506042
INEX_XER-114	<dbpedia:2008_European_Grand_Prix>	0.9979075193405151
INEX_XER-114	<dbpedia:1999_European_Grand_Prix>	0.9978440999984741
INEX_XER-114	<dbpedia:1995_European_Grand_Prix>	0.9977756142616272
INEX_XER-114	<dbpedia:2001_European_Grand_Prix>	0.9977171421051025
INEX_XER-114	<dbpedia:1997_European_Grand_Prix>	0.9970159530639648
INEX_XER-114	<dbpedia:European_Formula_Two_Championship>	0.9947658777236938
INEX_XER-115	<dbpedia:List_of_Formula_One_World_Constructors'_Champions>	0.9981096982955933
INEX_XER-115	<dbpedia:Formula_One_Constructors'_Association>	0.9938126802444458
INEX_XER-115	<dbpedia:List_of_Formula_One_constructors>	0.9830352067947388
INEX_XER-115	<dbpedia:2005_Formula_One_season>	0.972304105758667
INEX_XER-115	<dbpedia:List_of_Formula_One_World_Constructors'_Championship_runners-up>	0.9681689739227295
INEX_XER-115	<dbpedia:List_of_Formula_One_World_Drivers'_Champions>	0.9238763451576233
INEX_XER-115	<dbpedia:Hesketh_Racing>	0.91972416639328
INEX_XER-115	<dbpedia:Formula_One_drivers_from_Brazil>	0.6369314789772034
INEX_XER-115	<dbpedia:List_of_Formula_One_Grand_Prix_winners_(constructors)>	0.24068710207939148
INEX_XER-115	<dbpedia:List_of_Formula_One_World_Drivers'_Championship_runners-up>	0.22354555130004883
INEX_XER-116	<dbpedia:Giulio_Natta>	0.984045147895813
INEX_XER-116	<dbpedia:Renato_Dulbecco>	0.9822764992713928
INEX_XER-116	<dbpedia:Grazia_Deledda>	0.9759051203727722
INEX_XER-116	<dbpedia:Salvatore_Quasimodo>	0.975131094455719
INEX_XER-116	<dbpedia:Mario_Capecchi>	0.9717346429824829
INEX_XER-116	<dbpedia:Salvador_Luria>	0.9681728482246399
INEX_XER-116	<dbpedia:Franco_Modigliani>	0.9661749005317688
INEX_XER-116	<dbpedia:Rita_Levi-Montalcini>	0.965948760509491
INEX_XER-116	<dbpedia:Eugenio_Montale>	0.963715672492981
INEX_XER-116	<dbpedia:Alfredo_di_Braccio_Award>	0.4494411051273346
INEX_XER-117	<dbpedia:The_Blues_Brothers_(film)>	0.9963672161102295
INEX_XER-117	<dbpedia:Blues_Brothers_2000>	0.9739537239074707
INEX_XER-117	<dbpedia:Blues_Brothers_2000_(soundtrack)>	0.916491687297821
INEX_XER-117	<dbpedia:The_Blues_Brothers>	0.8772111535072327
INEX_XER-117	<dbpedia:List_of_films_about_blues_music>	0.6949900984764099
INEX_XER-117	<dbpedia:Jammin'_the_Blues>	0.518347978591919
INEX_XER-117	<dbpedia:Mo'_Better_Blues>	0.05634487047791481
INEX_XER-117	<dbpedia:Blues_Brothers:_Private>	0.05011363700032234
INEX_XER-117	<dbpedia:The_Blues_Brothers_(novel)>	0.0354827418923378
INEX_XER-117	<dbpedia:The_Blues_Brothers_(video_game)>	0.02156132645905018
INEX_XER-118	<dbpedia:Peugeot_203>	0.9939693212509155
INEX_XER-118	<dbpedia:Citroën_Ami>	0.9782431125640869
INEX_XER-118	<dbpedia:Renault_Caravelle>	0.966659665107727
INEX_XER-118	<dbpedia:Peugeot_204>	0.47711825370788574
INEX_XER-118	<dbpedia:Peugeot_604>	0.46213704347610474
INEX_XER-118	<dbpedia:RAMI_by_J.M.K.>	0.36818739771842957
INEX_XER-118	<dbpedia:Wolseley_15/60>	0.11905956268310547
INEX_XER-118	<dbpedia:Renault_20/30>	0.0289952103048563
INEX_XER-118	<dbpedia:Anglo-French_(automobile)>	0.01886054500937462
INEX_XER-118	<dbpedia:List_of_French_films_of_1961>	0.01796213537454605
INEX_XER-119	<dbpedia:German-speaking_Switzerland>	0.9967701435089111
INEX_XER-119	<dbpedia:Canton_of_Glarus>	0.9943095445632935
INEX_XER-119	<dbpedia:Canton_of_Zürich>	0.9941079616546631
INEX_XER-119	<dbpedia:Zurich_German>	0.9912166595458984
INEX_XER-119	<dbpedia:Stans>	0.9771086573600769
INEX_XER-119	<dbpedia:Bernese_German>	0.9686296582221985
INEX_XER-119	<dbpedia:Swiss_German>	0.9227902293205261
INEX_XER-119	<dbpedia:Swiss_Standard_German>	0.8199099898338318
INEX_XER-119	<dbpedia:Swiss_people>	0.6492869257926941
INEX_XER-119	<dbpedia:Languages_of_Switzerland>	0.2462327480316162
INEX_XER-121	<dbpedia:United_States_presidential_election,_1960>	0.9209172129631042
INEX_XER-121	<dbpedia:United_States_elections,_1960>	0.9180631041526794
INEX_XER-121	<dbpedia:1960:_The_Making_of_the_President>	0.8535048961639404
INEX_XER-121	<dbpedia:1960_State_of_the_Union_Address>	0.6733097434043884
INEX_XER-121	<dbpedia:List_of_state_leaders_in_1960>	0.4452294707298279
INEX_XER-121	<dbpedia:United_States_presidential_election_in_New_York,_1960>	0.40675896406173706
INEX_XER-121	<dbpedia:United_States_presidential_election_in_New_Mexico,_1960>	0.15977607667446136
INEX_XER-121	<dbpedia:1960_Republican_National_Convention>	0.08976602554321289
INEX_XER-121	<dbpedia:Presidency_of_Richard_Nixon>	0.009450466372072697
INEX_XER-121	<dbpedia:History_of_the_United_States_(1980–91)>	0.006627869326621294
INEX_XER-122	<dbpedia:List_of_films_with_the_most_Oscars_per_ceremony>	0.5793310403823853
INEX_XER-122	<dbpedia:List_of_Big_Five_Academy_Award_winners_and_nominees>	0.5334123373031616
INEX_XER-122	<dbpedia:List_of_Academy_Award-winning_films>	0.09329933673143387
INEX_XER-122	<dbpedia:85th_Academy_Awards>	0.06280648708343506
INEX_XER-122	<dbpedia:80th_Academy_Awards>	0.044396985322237015
INEX_XER-122	<dbpedia:79th_Academy_Awards>	0.028370961546897888
INEX_XER-122	<dbpedia:9th_Academy_Awards>	0.02227581851184368
INEX_XER-122	<dbpedia:23rd_Academy_Awards>	0.013812750577926636
INEX_XER-122	<dbpedia:12th_Academy_Awards>	0.013078971765935421
INEX_XER-122	<dbpedia:32nd_Academy_Awards>	0.0045807333663105965
INEX_XER-123	<dbpedia:Brazil_at_the_1974_FIFA_World_Cup>	0.9860771894454956
INEX_XER-123	<dbpedia:1974_FIFA_World_Cup>	0.9756455421447754
INEX_XER-123	<dbpedia:1974_FIFA_World_Cup_Final>	0.9735137224197388
INEX_XER-123	<dbpedia:1974_FIFA_World_Cup_squads>	0.7247270345687866
INEX_XER-123	<dbpedia:1978_FIFA_World_Cup_Final>	0.5833895802497864
INEX_XER-123	<dbpedia:List_of_FIFA_World_Cup_winners>	0.24541105329990387
INEX_XER-123	<dbpedia:Ballon_d'Or_1974>	0.0197413619607687
INEX_XER-123	<dbpedia:FIFA_World_Cup_Dream_Team>	0.01793016493320465
INEX_XER-123	<dbpedia:List_of_players_who_have_won_multiple_FIFA_World_Cups>	0.009106796234846115
INEX_XER-123	<dbpedia:1999_FIFA_World_Player_of_the_Year>	0.000559352629352361
INEX_XER-124	<dbpedia:The_Best_of_the_Booker>	0.9831829071044922
INEX_XER-124	<dbpedia:List_of_winners_and_shortlisted_authors_of_the_Booker_Prize_for_Fiction>	0.9790447354316711
INEX_XER-124	<dbpedia:Man_Booker_Prize>	0.971555233001709
INEX_XER-124	<dbpedia:2013_Man_Booker_Prize>	0.9688416719436646
INEX_XER-124	<dbpedia:Something_to_Answer_For>	0.9594914317131042
INEX_XER-124	<dbpedia:Lost_Man_Booker_Prize>	0.9026338458061218
INEX_XER-124	<dbpedia:Peter_Carey_(novelist)>	0.8677904009819031
INEX_XER-124	<dbpedia:2014_Man_Booker_Prize>	0.8648034930229187
INEX_XER-124	<dbpedia:2012_Man_Booker_Prize>	0.8517557978630066
INEX_XER-124	<dbpedia:2015_Man_Booker_Prize>	0.6584762930870056
INEX_XER-127	<dbpedia:Hannelore_Kraft>	0.9957412481307983
INEX_XER-127	<dbpedia:Doris_Pack>	0.9955951571464539
INEX_XER-127	<dbpedia:Lissy_Gröner>	0.9947521686553955
INEX_XER-127	<dbpedia:Manuela_Schwesig>	0.9943528175354004
INEX_XER-127	<dbpedia:Hiltrud_Breyer>	0.9937763214111328
INEX_XER-127	<dbpedia:Sabine_Lösing>	0.9928901195526123
INEX_XER-127	<dbpedia:Rita_Süssmuth>	0.9908877611160278
INEX_XER-127	<dbpedia:Annemarie_Renger>	0.9881561994552612
INEX_XER-127	<dbpedia:Katja_Suding>	0.9869757890701294
INEX_XER-127	<dbpedia:Birgit_Sippel>	0.986910879611969
