INEX_LD-2009022	<dbpedia:Zhal>	0.9951637387275696
INEX_LD-2009022	<dbpedia:Cambodian_cuisine>	0.9380014538764954
INEX_LD-2009022	<dbpedia:Pitsi-pitsî>	0.9298802614212036
INEX_LD-2009022	<dbpedia:Dalkttongjip>	0.9288370013237
INEX_LD-2009022	<dbpedia:Khorovats>	0.9154646992683411
INEX_LD-2009022	<dbpedia:Puerto_Rican_Chinese_cuisine>	0.8900340795516968
INEX_LD-2009022	<dbpedia:Tacacho>	0.8740614056587219
INEX_LD-2009022	<dbpedia:Jalea>	0.8647567629814148
INEX_LD-2009022	<dbpedia:Gras_double>	0.864742636680603
INEX_LD-2009022	<dbpedia:Picada>	0.8157305717468262
INEX_LD-2009039	<dbpedia:Medieval_architecture>	1.8088802099227905
INEX_LD-2009039	<dbpedia:Italian_Baroque_architecture>	1.7195377349853516
INEX_LD-2009039	<dbpedia:Roman_type>	1.5722582340240479
INEX_LD-2009039	<dbpedia:Semantic_architecture>	1.290277123451233
INEX_LD-2009039	<dbpedia:Sentimentalny_roman>	1.2375915050506592
INEX_LD-2009039	<dbpedia:HP_roman8>	1.1820663213729858
INEX_LD-2009039	<dbpedia:Roman_du_terroir>	1.023535966873169
INEX_LD-2009039	<dbpedia:La_reprise>	0.9517690539360046
INEX_LD-2009039	<dbpedia:Le_Retour>	0.8422621488571167
INEX_LD-2009039	<dbpedia:Gelse>	0.6125991940498352
INEX_LD-2009053	<dbpedia:Lamborghini_Jalpa>	0.732134997844696
INEX_LD-2009053	<dbpedia:Opel_Kapitän>	0.7204682230949402
INEX_LD-2009053	<dbpedia:Lada>	0.7182509899139404
INEX_LD-2009053	<dbpedia:Sisu_production>	0.7111384868621826
INEX_LD-2009053	<dbpedia:Lancia_Beta>	0.7047502994537354
INEX_LD-2009053	<dbpedia:Praga_R1>	0.6874698400497437
INEX_LD-2009053	<dbpedia:D&S_Car_Wash>	0.6867469549179077
INEX_LD-2009053	<dbpedia:Nissan_Townpod>	0.6816680431365967
INEX_LD-2009053	<dbpedia:Delaugère_et_Clayette>	0.6417524814605713
INEX_LD-2009053	<dbpedia:Delage_D4>	0.5369521379470825
INEX_LD-2009061	<dbpedia:41st_Army_Corps_(France)>	1.3317066431045532
INEX_LD-2009061	<dbpedia:16th_Army_Corps_(France)>	1.3248094320297241
INEX_LD-2009061	<dbpedia:Georges_Altman>	1.1667258739471436
INEX_LD-2009061	<dbpedia:No._293_Squadron_RAF>	1.0015029907226562
INEX_LD-2009061	<dbpedia:No._195_Squadron_RAF>	0.9314830303192139
INEX_LD-2009061	<dbpedia:No._199_Squadron_RAF>	0.8872426748275757
INEX_LD-2009061	<dbpedia:1939_All_England_Badminton_Championships>	0.8153029680252075
INEX_LD-2009061	<dbpedia:Iain_Paul>	0.7954026460647583
INEX_LD-2009061	<dbpedia:Vincenzo_Carabetta>	0.7042204141616821
INEX_LD-2009061	<dbpedia:World_war>	0.6999797821044922
INEX_LD-2009062	<dbpedia:MCOP>	1.220933198928833
INEX_LD-2009062	<dbpedia:International_Network_for_Social_Network_Analysis>	1.187914490699768
INEX_LD-2009062	<dbpedia:Collective_network>	1.1556974649429321
INEX_LD-2009062	<dbpedia:Social_network_advertising>	1.1249611377716064
INEX_LD-2009062	<dbpedia:Distributed_social_network>	1.0882568359375
INEX_LD-2009062	<dbpedia:OpenSocialNetwork>	1.0263863801956177
INEX_LD-2009062	<dbpedia:Social_invisibility>	0.9741654992103577
INEX_LD-2009062	<dbpedia:Communities.com>	0.9583414793014526
INEX_LD-2009062	<dbpedia:Mentez>	0.9213650822639465
INEX_LD-2009062	<dbpedia:Semantic_social_network>	0.8881430625915527
INEX_LD-2009063	<dbpedia:D-Day_(game)>	1.5420573949813843
INEX_LD-2009063	<dbpedia:Mission_Hackensack>	1.4871234893798828
INEX_LD-2009063	<dbpedia:Overlord_embroidery>	1.4377412796020508
INEX_LD-2009063	<dbpedia:Robert_G._Cole>	1.42064368724823
INEX_LD-2009063	<dbpedia:Axis_&_Allies:_D-Day>	1.3395991325378418
INEX_LD-2009063	<dbpedia:V_for_Victory:_D-Day_Utah_Beach>	1.3167338371276855
INEX_LD-2009063	<dbpedia:John_G._Burkhalter>	1.3049962520599365
INEX_LD-2009063	<dbpedia:Lionel_Shapiro>	1.2776343822479248
INEX_LD-2009063	<dbpedia:Index_of_World_War_II_articles_(D)>	1.168350338935852
INEX_LD-2009063	<dbpedia:National_D-Day_Memorial>	1.1294443607330322
INEX_LD-2009074	<dbpedia:Topic-Sensitive_PageRank>	1.599948525428772
INEX_LD-2009074	<dbpedia:Rank_SIFT>	1.4239226579666138
INEX_LD-2009074	<dbpedia:Scoring_algorithm>	1.3310879468917847
INEX_LD-2009074	<dbpedia:Flipora>	1.3310343027114868
INEX_LD-2009074	<dbpedia:LIRS_caching_algorithm>	1.3281135559082031
INEX_LD-2009074	<dbpedia:Manhattan_address_algorithm>	1.1358915567398071
INEX_LD-2009074	<dbpedia:2345.com>	1.020219087600708
INEX_LD-2009074	<dbpedia:SitePoint>	0.9649783968925476
INEX_LD-2009074	<dbpedia:Archery_at_the_2014_Summer_Youth_Olympics_–_Girls'_individual>	0.7387349009513855
INEX_LD-2009074	<dbpedia:Archery_at_the_2014_Summer_Youth_Olympics_–_Boys'_individual>	0.7205678820610046
INEX_LD-2009115	<dbpedia:Virtual_Museum_of_Canada>	2.239891767501831
INEX_LD-2009115	<dbpedia:List_of_museums_in_the_Texas_Panhandle>	1.9245669841766357
INEX_LD-2009115	<dbpedia:List_of_museums_in_Texas>	1.9207041263580322
INEX_LD-2009115	<dbpedia:List_of_museums_in_Oregon>	1.9053137302398682
INEX_LD-2009115	<dbpedia:List_of_museums_in_the_Texas_Gulf_Coast>	1.9044746160507202
INEX_LD-2009115	<dbpedia:List_of_museums_in_East_Texas>	1.9040632247924805
INEX_LD-2009115	<dbpedia:List_of_museums_in_West_Texas>	1.8941646814346313
INEX_LD-2009115	<dbpedia:List_of_museums_in_South_Texas>	1.8774420022964478
INEX_LD-2009115	<dbpedia:List_of_museums_in_Montreal>	1.8282359838485718
INEX_LD-2009115	<dbpedia:List_of_museums_on_Long_Island>	1.7843658924102783
INEX_LD-2010004	<dbpedia:Indian_Singaporean_cuisine>	2.076760768890381
INEX_LD-2010004	<dbpedia:Indian_bread>	1.9961118698120117
INEX_LD-2010004	<dbpedia:Ragda_pattice>	1.9742062091827393
INEX_LD-2010004	<dbpedia:List_of_Indian_breads>	1.909055471420288
INEX_LD-2010004	<dbpedia:Chinese_bhel>	1.8762871026992798
INEX_LD-2010004	<dbpedia:K._T._Achaya>	1.8493080139160156
INEX_LD-2010004	<dbpedia:Anjum_Anand>	1.7886453866958618
INEX_LD-2010004	<dbpedia:Haggis_pakora>	1.711703896522522
INEX_LD-2010004	<dbpedia:Food_Distribution_Program_on_Indian_Reservations>	1.4316555261611938
INEX_LD-2010004	<dbpedia:Bhang>	1.3536944389343262
INEX_LD-2010014	<dbpedia:Antonín_Dvořák_Museum>	2.095651865005493
INEX_LD-2010014	<dbpedia:Fryderyk_Chopin_Museum>	2.014064073562622
INEX_LD-2010014	<dbpedia:Tchaikovsky_Museum_(Votkinsk)>	1.9935243129730225
INEX_LD-2010014	<dbpedia:Musée-Placard_d'Erik_Satie>	1.9728775024414062
INEX_LD-2010014	<dbpedia:Elgar_Birthplace_Museum>	1.890698790550232
INEX_LD-2010014	<dbpedia:Lin_Hsin_Hsin_Art_Museum>	1.8390815258026123
INEX_LD-2010014	<dbpedia:Lin_Hsin_Hsin>	1.7393579483032227
INEX_LD-2010014	<dbpedia:Ivanovka_estate>	1.508301019668579
INEX_LD-2010014	<dbpedia:Jodle_Birge>	1.4935307502746582
INEX_LD-2010014	<dbpedia:List_of_museums_in_Andorra>	1.3783613443374634
INEX_LD-2010019	<dbpedia:Orthogonius_paris>	0.8979703187942505
INEX_LD-2010019	<dbpedia:La_reprise>	0.8777551651000977
INEX_LD-2010019	<dbpedia:Franck_Tchiloemba>	0.8468863368034363
INEX_LD-2010019	<dbpedia:Crambus_paris>	0.7981128096580505
INEX_LD-2010019	<dbpedia:Papilio_paris_tamilana>	0.6958699226379395
INEX_LD-2010019	<dbpedia:5th_century_in_architecture>	0.5933663249015808
INEX_LD-2010019	<dbpedia:4th_century_in_architecture>	0.5841594934463501
INEX_LD-2010019	<dbpedia:3rd_century_in_architecture>	0.5802401900291443
INEX_LD-2010019	<dbpedia:8th_century_in_architecture>	0.5789852142333984
INEX_LD-2010019	<dbpedia:10th_century_in_architecture>	0.5664278864860535
INEX_LD-2010020	<dbpedia:Electricity_sector_in_France>	1.8539875745773315
INEX_LD-2010020	<dbpedia:Wind_power_in_France>	1.7796636819839478
INEX_LD-2010020	<dbpedia:Energy_in_France>	1.7023708820343018
INEX_LD-2010020	<dbpedia:Electricity_sector_in_Belgium>	1.5531530380249023
INEX_LD-2010020	<dbpedia:Hydroelectricity_in_Romania>	1.4085772037506104
INEX_LD-2010020	<dbpedia:Electricity_sector_in_Spain>	1.4026153087615967
INEX_LD-2010020	<dbpedia:Guarantee_of_origin>	1.3298190832138062
INEX_LD-2010020	<dbpedia:Energy_in_Victoria_(Australia)>	1.230997085571289
INEX_LD-2010020	<dbpedia:Nuclear_power_in_India>	1.205269455909729
INEX_LD-2010020	<dbpedia:Mandatory_renewable_energy_target>	1.0534157752990723
INEX_LD-2010037	<dbpedia:Open_Collaboration_Services>	1.7988287210464478
INEX_LD-2010037	<dbpedia:Samepoint>	1.681355595588684
INEX_LD-2010037	<dbpedia:Gnip>	1.6367603540420532
INEX_LD-2010037	<dbpedia:Winsock>	1.3959039449691772
INEX_LD-2010037	<dbpedia:International_Network_for_Social_Network_Analysis>	1.3776187896728516
INEX_LD-2010037	<dbpedia:Distributed_social_network>	1.3553123474121094
INEX_LD-2010037	<dbpedia:JSLEE>	1.307413101196289
INEX_LD-2010037	<dbpedia:Communities.com>	1.27336847782135
INEX_LD-2010037	<dbpedia:OpenSocialNetwork>	1.256975769996643
INEX_LD-2010037	<dbpedia:Mentez>	1.1196948289871216
INEX_LD-2010043	<dbpedia:List_of_horror_films_of_the_1980s>	0.785770833492279
INEX_LD-2010043	<dbpedia:List_of_horror_films_of_the_1960s>	0.7776947021484375
INEX_LD-2010043	<dbpedia:List_of_horror_films_of_the_1970s>	0.7764075994491577
INEX_LD-2010043	<dbpedia:List_of_Iranian_films>	0.7595465183258057
INEX_LD-2010043	<dbpedia:List_of_horror_films_of_the_2000s>	0.7531416416168213
INEX_LD-2010043	<dbpedia:List_of_horror_films_of_the_1990s>	0.747982382774353
INEX_LD-2010043	<dbpedia:List_of_Assamese_films>	0.732732355594635
INEX_LD-2010043	<dbpedia:List_of_horror_films_of_the_2010s>	0.7057314515113831
INEX_LD-2010043	<dbpedia:List_of_Turkish_films_of_the_1970s>	0.694887101650238
INEX_LD-2010043	<dbpedia:List_of_Telugu_films_of_the_2010s>	0.6286479830741882
INEX_LD-2010057	<dbpedia:History_of_loop_quantum_gravity>	1.9802154302597046
INEX_LD-2010057	<dbpedia:The_Einstein_Theory_of_Relativity>	1.934694766998291
INEX_LD-2010057	<dbpedia:Relativity_priority_dispute>	1.8248300552368164
INEX_LD-2010057	<dbpedia:Higher-dimensional_Einstein_gravity>	1.7232640981674194
INEX_LD-2010057	<dbpedia:Lovelock_theory_of_gravity>	1.7222375869750977
INEX_LD-2010057	<dbpedia:Criticism_of_the_theory_of_relativity>	1.6930814981460571
INEX_LD-2010057	<dbpedia:Einstein_Telescope>	1.6473751068115234
INEX_LD-2010057	<dbpedia:Beyond_Einstein_program>	1.599495530128479
INEX_LD-2010057	<dbpedia:Abraham_Zelmanov>	1.4035253524780273
INEX_LD-2010057	<dbpedia:Reinventing_Gravity>	1.3589591979980469
INEX_LD-2010069	<dbpedia:Kallstroemia_grandiflora>	1.811751127243042
INEX_LD-2010069	<dbpedia:Paris_polyphylla>	1.7743135690689087
INEX_LD-2010069	<dbpedia:Agalinis_tenuifolia>	1.6619551181793213
INEX_LD-2010069	<dbpedia:Agalinis_purpurea>	1.6249679327011108
INEX_LD-2010069	<dbpedia:Aulax>	1.5701113939285278
INEX_LD-2010069	<dbpedia:Chamaecrista_fasciculata>	1.5523676872253418
INEX_LD-2010069	<dbpedia:Oenothera_odorata>	1.542258381843567
INEX_LD-2010069	<dbpedia:Cheilosia_bergenstammi>	1.4429482221603394
INEX_LD-2010069	<dbpedia:Centaurea_nigrescens>	1.3612924814224243
INEX_LD-2010069	<dbpedia:Guldborgsund_Zoo>	1.088382601737976
INEX_LD-2010100	<dbpedia:Bromley-Mills-Treece_House>	1.557860016822815
INEX_LD-2010100	<dbpedia:Reeves_House_(Siloam_Springs,_Arkansas)>	1.5476317405700684
INEX_LD-2010100	<dbpedia:US_Coast_Guard_and_Geodetic_Survey_Seismological_and_Geomagnetic_House>	1.5284343957901
INEX_LD-2010100	<dbpedia:Luther_Elliott_House>	1.4819146394729614
INEX_LD-2010100	<dbpedia:Fairbanks_Exploration_Company_Manager's_House>	1.4572229385375977
INEX_LD-2010100	<dbpedia:Attwood-Hopson_House>	1.4320640563964844
INEX_LD-2010100	<dbpedia:Hubert_&_Ionia_Furr_House>	1.3713927268981934
INEX_LD-2010100	<dbpedia:McClelland-Grimes_Farm>	1.2506499290466309
INEX_LD-2010100	<dbpedia:Courthouse_of_American_Samoa>	1.1088438034057617
INEX_LD-2010100	<dbpedia:Sunol_Water_Temple>	0.8029261231422424
INEX_LD-2010106	<dbpedia:Organic_product>	1.0067672729492188
INEX_LD-2010106	<dbpedia:Organic_beef>	0.9614081382751465
INEX_LD-2010106	<dbpedia:Eden_Foods_Inc.>	0.9275931119918823
INEX_LD-2010106	<dbpedia:Organic_certification>	0.921595573425293
INEX_LD-2010106	<dbpedia:Vegan_organic_gardening>	0.8990464210510254
INEX_LD-2010106	<dbpedia:Propyl_benzoate>	0.7622702717781067
INEX_LD-2010106	<dbpedia:Transesophageal_echocardiogram>	0.7176859378814697
INEX_LD-2010106	<dbpedia:Structural_inequality_in_education>	0.6942450404167175
INEX_LD-2010106	<dbpedia:Dogs_101>	0.6837080121040344
INEX_LD-2010106	<dbpedia:Visual_privacy>	0.6262423396110535
INEX_LD-20120111	<dbpedia:Attack_and_Retreat>	1.4379338026046753
INEX_LD-20120111	<dbpedia:Trench_143>	1.4260698556900024
INEX_LD-20120111	<dbpedia:Hindustan_Ki_Kasam>	1.4014283418655396
INEX_LD-20120111	<dbpedia:Carter's_Army>	1.3857942819595337
INEX_LD-20120111	<dbpedia:Eagles_(1984_film)>	1.3635387420654297
INEX_LD-20120111	<dbpedia:Surface_to_Air_(film)>	1.333253026008606
INEX_LD-20120111	<dbpedia:Fragments_of_War:_The_Story_of_Damien_Parer>	1.332113265991211
INEX_LD-20120111	<dbpedia:Khan_Kluay_2>	1.3296257257461548
INEX_LD-20120111	<dbpedia:Ogniomistrz_Kaleń>	1.3110382556915283
INEX_LD-20120111	<dbpedia:Jocelyn_Brando>	1.1694681644439697
INEX_LD-20120121	<dbpedia:The_Redwall_Cookbook>	1.1909935474395752
INEX_LD-20120121	<dbpedia:Michelle_Tam>	1.1658191680908203
INEX_LD-20120121	<dbpedia:The_F_Word>	1.132731318473816
INEX_LD-20120121	<dbpedia:John_Mitzewich>	1.1210832595825195
INEX_LD-20120121	<dbpedia:Mehboob_Alam_Khan>	1.1133688688278198
INEX_LD-20120121	<dbpedia:Sue_Lawrence>	1.0907071828842163
INEX_LD-20120121	<dbpedia:The_Ultimate_Beer_Lover's_Cookbook>	1.0752545595169067
INEX_LD-20120121	<dbpedia:Cooking_Light>	1.016261339187622
INEX_LD-20120121	<dbpedia:Connie_Ruel>	0.9593830108642578
INEX_LD-20120121	<dbpedia:Coddling>	0.8955193161964417
INEX_LD-20120122	<dbpedia:Clotilde_Dusoulier>	1.3672691583633423
INEX_LD-20120122	<dbpedia:Danielle_Walker>	1.3355892896652222
INEX_LD-20120122	<dbpedia:Pastanjauhantaa>	1.2922706604003906
INEX_LD-20120122	<dbpedia:Serious_Eats>	1.2407443523406982
INEX_LD-20120122	<dbpedia:BrooklynVegan>	1.1933857202529907
INEX_LD-20120122	<dbpedia:VG247>	1.131757378578186
INEX_LD-20120122	<dbpedia:BlogCN>	1.110134482383728
INEX_LD-20120122	<dbpedia:Weblogs,_Inc.>	1.099750280380249
INEX_LD-20120122	<dbpedia:Sarah_Wu>	1.0996379852294922
INEX_LD-20120122	<dbpedia:DesiPundit>	1.0325380563735962
INEX_LD-20120131	<dbpedia:Warrumbungle_National_Park>	1.1914538145065308
INEX_LD-20120131	<dbpedia:Campo_Ma'an_National_Park>	1.1034337282180786
INEX_LD-20120131	<dbpedia:Boukornine_National_Park>	1.0764626264572144
INEX_LD-20120131	<dbpedia:Mont-Tremblant_National_Park>	1.0456806421279907
INEX_LD-20120131	<dbpedia:Katavi_National_Park>	1.0455843210220337
INEX_LD-20120131	<dbpedia:Bandai-Asahi_National_Park>	1.0407377481460571
INEX_LD-20120131	<dbpedia:Jebil_National_Park>	1.0269899368286133
INEX_LD-20120131	<dbpedia:Grasslands_National_Park>	1.0039761066436768
INEX_LD-20120131	<dbpedia:Epping_Forest_National_Park>	0.9982653856277466
INEX_LD-20120131	<dbpedia:Mole_Creek_Karst_National_Park>	0.9771768450737
INEX_LD-20120211	<dbpedia:B♭_tuning>	2.0265214443206787
INEX_LD-20120211	<dbpedia:E♭_tuning>	2.026162624359131
INEX_LD-20120211	<dbpedia:Open_C_tuning>	2.02066707611084
INEX_LD-20120211	<dbpedia:Open_D_tuning>	1.9900168180465698
INEX_LD-20120211	<dbpedia:Open_B_tuning>	1.9835262298583984
INEX_LD-20120211	<dbpedia:DADGAD>	1.9534705877304077
INEX_LD-20120211	<dbpedia:E9_tuning>	1.9386383295059204
INEX_LD-20120211	<dbpedia:Drop_B_tuning>	1.8671175241470337
INEX_LD-20120211	<dbpedia:Le_Igi>	1.6396726369857788
INEX_LD-20120211	<dbpedia:Insen_scale>	1.475029468536377
INEX_LD-20120221	<dbpedia:Flamenco_guitar>	1.8322675228118896
INEX_LD-20120221	<dbpedia:Picados>	1.703826904296875
INEX_LD-20120221	<dbpedia:Rasgueado>	1.6348826885223389
INEX_LD-20120221	<dbpedia:Lester_DeVoe>	1.6310746669769287
INEX_LD-20120221	<dbpedia:Ramírez_Guitars>	1.6249791383743286
INEX_LD-20120221	<dbpedia:Hermanos_Conde>	1.6037909984588623
INEX_LD-20120221	<dbpedia:Grisha_Goryachev>	1.5988502502441406
INEX_LD-20120221	<dbpedia:Juan_Martín>	1.5898551940917969
INEX_LD-20120221	<dbpedia:New_Flamenco>	1.5461081266403198
INEX_LD-20120221	<dbpedia:Paco_de_Lucena>	1.518576741218567
INEX_LD-20120231	<dbpedia:Anastasia_Bardina>	1.7183294296264648
INEX_LD-20120231	<dbpedia:Sasha_Kolpakov>	1.694126009941101
INEX_LD-20120231	<dbpedia:Mr_Russia>	1.4735292196273804
INEX_LD-20120231	<dbpedia:Lenar_Gilmullin>	1.2333568334579468
INEX_LD-20120231	<dbpedia:Polish_I_Corps_in_Russia>	1.1921504735946655
INEX_LD-20120231	<dbpedia:Nicholas_Tolstoy>	1.0790929794311523
INEX_LD-20120231	<dbpedia:Vladimir_Mikhailovich_Yashvil>	1.073805570602417
INEX_LD-20120231	<dbpedia:Emmanuel_Rashba>	1.053286075592041
INEX_LD-20120231	<dbpedia:Russky_Newsweek>	1.024347186088562
INEX_LD-20120231	<dbpedia:Indians_in_Russia>	1.0223842859268188
INEX_LD-20120232	<dbpedia:West_Coast_blues>	1.6784507036209106
INEX_LD-20120232	<dbpedia:Texas_blues>	1.6551152467727661
INEX_LD-20120232	<dbpedia:List_of_Texas_blues_musicians>	1.6190794706344604
INEX_LD-20120232	<dbpedia:Bentonia_School>	1.6186577081680298
INEX_LD-20120232	<dbpedia:Rick_Fowler>	1.5884989500045776
INEX_LD-20120232	<dbpedia:Gospel_blues>	1.5750693082809448
INEX_LD-20120232	<dbpedia:Willie_Brown_(musician)>	1.5702060461044312
INEX_LD-20120232	<dbpedia:Blues_Bureau_International>	1.550080418586731
INEX_LD-20120232	<dbpedia:Frank_Hutchison>	1.4992531538009644
INEX_LD-20120232	<dbpedia:Long_Gone_(album)>	1.4899201393127441
INEX_LD-20120311	<dbpedia:Buenas_noches,_Buenos_Aires>	1.9086085557937622
INEX_LD-20120311	<dbpedia:El_tango_vuelve_a_París>	1.8161344528198242
INEX_LD-20120311	<dbpedia:Tango>	1.207418441772461
INEX_LD-20120311	<dbpedia:Milonguero>	1.1993807554244995
INEX_LD-20120311	<dbpedia:Juan_Carlos_Copes>	1.1843503713607788
INEX_LD-20120311	<dbpedia:Roberto_Firpo>	1.179050087928772
INEX_LD-20120311	<dbpedia:Homer_Ladas>	1.1234058141708374
INEX_LD-20120311	<dbpedia:Thrill_of_the_Surf>	1.1101032495498657
INEX_LD-20120311	<dbpedia:List_of_tango_singers>	1.108325481414795
INEX_LD-20120311	<dbpedia:Bloody_Mary_folklore_in_popular_culture>	0.9016736149787903
INEX_LD-20120312	<dbpedia:Tango>	1.6336685419082642
INEX_LD-20120312	<dbpedia:Buenas_noches,_Buenos_Aires>	1.405144214630127
INEX_LD-20120312	<dbpedia:Milonguero>	1.3572131395339966
INEX_LD-20120312	<dbpedia:El_tango_vuelve_a_París>	1.3424005508422852
INEX_LD-20120312	<dbpedia:Homer_Ladas>	1.329657793045044
INEX_LD-20120312	<dbpedia:Roberto_Firpo>	1.323399305343628
INEX_LD-20120312	<dbpedia:List_of_tango_singers>	1.2105218172073364
INEX_LD-20120312	<dbpedia:Juan_Carlos_Copes>	1.2069951295852661
INEX_LD-20120312	<dbpedia:Cátulo_Castillo>	1.1847777366638184
INEX_LD-20120312	<dbpedia:Subdivisions_of_the_Nordic_countries>	1.0921746492385864
INEX_LD-20120321	<dbpedia:Juan_Carlos_Cobián>	1.935956597328186
INEX_LD-20120321	<dbpedia:Roberto_Firpo>	1.9172106981277466
INEX_LD-20120321	<dbpedia:Buenos_Aires_8>	1.7192487716674805
INEX_LD-20120321	<dbpedia:Mi_Buenos_Aires_querido>	1.6053930521011353
INEX_LD-20120321	<dbpedia:Finnish_tango>	1.4803943634033203
INEX_LD-20120321	<dbpedia:Homer_Ladas>	1.3878599405288696
INEX_LD-20120321	<dbpedia:London_Concertante>	1.3451660871505737
INEX_LD-20120321	<dbpedia:List_of_classical_music_composers_by_era>	1.1424953937530518
INEX_LD-20120321	<dbpedia:List_of_symphony_composers>	1.1007722616195679
INEX_LD-20120321	<dbpedia:List_of_classical_composers_in_the_German_Democratic_Republic>	1.094272494316101
INEX_LD-20120331	<dbpedia:Neotango>	1.7127857208251953
INEX_LD-20120331	<dbpedia:Osvaldo_Pugliese>	1.7098373174667358
INEX_LD-20120331	<dbpedia:Homer_Ladas>	1.6828197240829468
INEX_LD-20120331	<dbpedia:Tango>	1.6812318563461304
INEX_LD-20120331	<dbpedia:Milonguero>	1.6789594888687134
INEX_LD-20120331	<dbpedia:Queer_Tango>	1.5843377113342285
INEX_LD-20120331	<dbpedia:Hip-hop_dance>	1.5083675384521484
INEX_LD-20120331	<dbpedia:Juan_Carlos_Copes>	1.4373575448989868
INEX_LD-20120331	<dbpedia:Juan_Carlos_Cobián>	1.3894028663635254
INEX_LD-20120331	<dbpedia:Enrique_Saborido>	1.2265006303787231
INEX_LD-20120332	<dbpedia:Tango>	1.8655551671981812
INEX_LD-20120332	<dbpedia:Tango_on_intohimoni>	1.6941908597946167
INEX_LD-20120332	<dbpedia:Milonguero>	1.624000072479248
INEX_LD-20120332	<dbpedia:Osvaldo_Pugliese>	1.5554338693618774
INEX_LD-20120332	<dbpedia:Juan_Carlos_Copes>	1.5312608480453491
INEX_LD-20120332	<dbpedia:Homer_Ladas>	1.5125045776367188
INEX_LD-20120332	<dbpedia:Neotango>	1.487648606300354
INEX_LD-20120332	<dbpedia:Juan_Carlos_Cobián>	1.4551630020141602
INEX_LD-20120332	<dbpedia:Queer_Tango>	1.4459792375564575
INEX_LD-20120332	<dbpedia:Enrique_Saborido>	1.3515654802322388
INEX_LD-20120411	<dbpedia:Brussels_Cycling_Classic>	1.811561107635498
INEX_LD-20120411	<dbpedia:Elimination_races>	1.8043566942214966
INEX_LD-20120411	<dbpedia:Giro_dell'Emilia>	1.7910147905349731
INEX_LD-20120411	<dbpedia:2015_in_men's_road_cycling>	1.7705031633377075
INEX_LD-20120411	<dbpedia:Golan_(cycling_race)>	1.7541627883911133
INEX_LD-20120411	<dbpedia:Tour_of_Somerville>	1.75080144405365
INEX_LD-20120411	<dbpedia:Tour_de_Berne>	1.7288047075271606
INEX_LD-20120411	<dbpedia:2015_in_women's_road_cycling>	1.690335750579834
INEX_LD-20120411	<dbpedia:2014_in_women's_road_cycling>	1.6727243661880493
INEX_LD-20120411	<dbpedia:BMX_bike>	1.6113778352737427
INEX_LD-20120412	<dbpedia:Cycling_at_the_2000_Summer_Olympics>	1.9444031715393066
INEX_LD-20120412	<dbpedia:Cycling_at_the_2015_European_Games>	1.8656305074691772
INEX_LD-20120412	<dbpedia:Motorcycle_sport>	1.7687410116195679
INEX_LD-20120412	<dbpedia:Mathieu_van_der_Poel>	1.6910547018051147
INEX_LD-20120412	<dbpedia:BMX_bike>	1.4223867654800415
INEX_LD-20120412	<dbpedia:Figure_skating>	1.3547859191894531
INEX_LD-20120412	<dbpedia:Ski-orienteering>	1.2530792951583862
INEX_LD-20120412	<dbpedia:Trampette>	1.2092338800430298
INEX_LD-20120412	<dbpedia:American_Warmblood>	1.1966323852539062
INEX_LD-20120412	<dbpedia:Archery_at_the_Summer_Universiade>	1.1606390476226807
INEX_LD-20120421	<dbpedia:Tour_de_Donut>	1.6160887479782104
INEX_LD-20120421	<dbpedia:Bicycle_tools>	1.1245008707046509
INEX_LD-20120421	<dbpedia:Balgowan,_South_Australia>	1.0390375852584839
INEX_LD-20120421	<dbpedia:Kelling_Heath_Holiday_Park>	1.0229495763778687
INEX_LD-20120421	<dbpedia:Yarmouth–Lowestoft_Line>	1.0216796398162842
INEX_LD-20120421	<dbpedia:Sa_Riera>	0.9037048816680908
INEX_LD-20120421	<dbpedia:South_Lakeland_Parks>	0.8845297694206238
INEX_LD-20120421	<dbpedia:List_of_bicycle_part_manufacturing_companies>	0.8447368741035461
INEX_LD-20120421	<dbpedia:Newspaper_holiday>	0.808436393737793
INEX_LD-20120421	<dbpedia:Substitute_holiday>	0.7339276671409607
INEX_LD-20120422	<dbpedia:Bicycle_cooperative>	1.2475124597549438
INEX_LD-20120422	<dbpedia:Bicycle_Accident_Reconstruction_and_Litigation>	1.2118924856185913
INEX_LD-20120422	<dbpedia:Single-speed_bicycle>	1.1167515516281128
INEX_LD-20120422	<dbpedia:Greenery_Day>	1.103065848350525
INEX_LD-20120422	<dbpedia:Bicycle_tools>	1.0144997835159302
INEX_LD-20120422	<dbpedia:List_of_bicycle_part_manufacturing_companies>	0.8627462983131409
INEX_LD-20120422	<dbpedia:Newspaper_holiday>	0.8213228583335876
INEX_LD-20120422	<dbpedia:South_Lakeland_Parks>	0.7590546607971191
INEX_LD-20120422	<dbpedia:Garifuna_Settlement_Day>	0.7030878663063049
INEX_LD-20120422	<dbpedia:Substitute_holiday>	0.6507740020751953
INEX_LD-20120431	<dbpedia:Cardboard_bicycle>	1.5475726127624512
INEX_LD-20120431	<dbpedia:BenMAP>	1.231592059135437
INEX_LD-20120431	<dbpedia:Honeygar>	1.0485721826553345
INEX_LD-20120431	<dbpedia:Integrity_Health>	1.042683720588684
INEX_LD-20120431	<dbpedia:Grain_crimping>	1.0049141645431519
INEX_LD-20120431	<dbpedia:Superfood>	0.986445426940918
INEX_LD-20120431	<dbpedia:Universal_health_care>	0.9434471130371094
INEX_LD-20120431	<dbpedia:Behavior_change_(public_health)>	0.9132130742073059
INEX_LD-20120431	<dbpedia:Mental_Health_Parity_Act>	0.8800227046012878
INEX_LD-20120431	<dbpedia:Oklahoma_Health_Care_Authority>	0.8036580085754395
INEX_LD-20120511	<dbpedia:List_of_female_rock_singers>	1.9706687927246094
INEX_LD-20120511	<dbpedia:List_of_female_heavy_metal_singers>	1.8278675079345703
INEX_LD-20120511	<dbpedia:Fariha_Pervez>	1.807202935218811
INEX_LD-20120511	<dbpedia:Qamar_Gula>	1.7825456857681274
INEX_LD-20120511	<dbpedia:Bangladesh_National_Film_Award_for_Best_Female_Playback_Singer>	1.7172213792800903
INEX_LD-20120511	<dbpedia:Panty_Raid_(album)>	1.6482013463974
INEX_LD-20120511	<dbpedia:Krosswindz>	1.4659150838851929
INEX_LD-20120511	<dbpedia:Revista_H>	1.3703678846359253
INEX_LD-20120511	<dbpedia:Egyptian_(band)>	1.2796192169189453
INEX_LD-20120511	<dbpedia:Larry_Parnes>	1.065696358680725
INEX_LD-20120512	<dbpedia:Blady>	1.7507489919662476
INEX_LD-20120512	<dbpedia:List_of_South_Korean_idol_groups>	1.646272897720337
INEX_LD-20120512	<dbpedia:Starship_Entertainment>	1.564208984375
INEX_LD-20120512	<dbpedia:Korea_Janggi_Association>	1.2712345123291016
INEX_LD-20120512	<dbpedia:List_of_girl_groups>	1.1763995885849
INEX_LD-20120512	<dbpedia:Kim_Kuk-hyang_(weightlifter)>	1.114108920097351
INEX_LD-20120512	<dbpedia:List_of_songs_recorded_by_Beyoncé>	1.0810480117797852
INEX_LD-20120512	<dbpedia:Kim_Du-han>	1.0743674039840698
INEX_LD-20120512	<dbpedia:Piece_(album)>	1.0408341884613037
INEX_LD-20120512	<dbpedia:Kiely_Williams>	1.0033972263336182
INEX_LD-20120521	<dbpedia:List_of_electronic_music_genres>	2.0855653285980225
INEX_LD-20120521	<dbpedia:List_of_electronic_music_festivals>	1.917752742767334
INEX_LD-20120521	<dbpedia:Timeline_of_electronic_music_genres>	1.8605610132217407
INEX_LD-20120521	<dbpedia:German_electronic_music>	1.8204008340835571
INEX_LD-20120521	<dbpedia:The_One-T_ODC>	1.7497988939285278
INEX_LD-20120521	<dbpedia:Bloc_Festival>	1.7301546335220337
INEX_LD-20120521	<dbpedia:Michael_William_Gilbert>	1.7253755331039429
INEX_LD-20120521	<dbpedia:Vert_(music)>	1.7013664245605469
INEX_LD-20120521	<dbpedia:Charlie_Atom>	1.6269458532333374
INEX_LD-20120521	<dbpedia:Sunny_Viswanath>	1.4815243482589722
INEX_LD-20120522	<dbpedia:MOD_and_TOD>	1.4895375967025757
INEX_LD-20120522	<dbpedia:HDtracks>	1.4403375387191772
INEX_LD-20120522	<dbpedia:Netlabel>	1.4175599813461304
INEX_LD-20120522	<dbpedia:REX2>	1.401124119758606
INEX_LD-20120522	<dbpedia:List_of_Online_Digital_Musical_Document_Libraries>	1.386233925819397
INEX_LD-20120522	<dbpedia:Linear_(film)>	1.1906534433364868
INEX_LD-20120522	<dbpedia:Scorewriter>	1.1369707584381104
INEX_LD-20120522	<dbpedia:Musical_notation>	1.0227993726730347
INEX_LD-20120522	<dbpedia:Graphic_notation>	1.0220671892166138
INEX_LD-20120522	<dbpedia:Comparison_of_scorewriters>	0.8949056267738342
INEX_LD-20120531	<dbpedia:Sébastien_Nasra>	1.795911192893982
INEX_LD-20120531	<dbpedia:Gordon_Research_Conferences>	1.7545082569122314
INEX_LD-20120531	<dbpedia:European_Joint_Conferences_on_Theory_and_Practice_of_Software>	1.7067177295684814
INEX_LD-20120531	<dbpedia:List_of_conferences_in_London>	1.5855144262313843
INEX_LD-20120531	<dbpedia:Power_Five_conferences>	1.558952808380127
INEX_LD-20120531	<dbpedia:Associations_of_the_United_Church_of_Christ>	1.5156590938568115
INEX_LD-20120531	<dbpedia:List_of_computer_science_conferences>	1.5123212337493896
INEX_LD-20120531	<dbpedia:Environmental_mega_conferences>	1.509829044342041
INEX_LD-20120531	<dbpedia:YoungStartup_Ventures>	1.4784631729125977
INEX_LD-20120531	<dbpedia:California_Democratic_Council>	1.3282588720321655
INEX_LD-20120532	<dbpedia:All_Party_Parliamentary_Intellectual_Property_Group>	1.3612967729568481
INEX_LD-20120532	<dbpedia:Enforcement_Directive>	1.3266534805297852
INEX_LD-20120532	<dbpedia:Banner_&_Witcoff>	1.2856491804122925
INEX_LD-20120532	<dbpedia:Anti-Counterfeiting_Trade_Agreement>	1.2389696836471558
INEX_LD-20120532	<dbpedia:Intellectual_property_infringement>	1.2331346273422241
INEX_LD-20120532	<dbpedia:Proposed_directive_on_criminal_measures_aimed_at_ensuring_the_enforcement_of_intellectual_property_rights>	1.200019121170044
INEX_LD-20120532	<dbpedia:Celebrity_bond>	1.1869138479232788
INEX_LD-20120532	<dbpedia:Cross-licensing>	1.0956703424453735
INEX_LD-20120532	<dbpedia:Timothy_Swanson>	1.025502324104309
INEX_LD-20120532	<dbpedia:Public_domain_in_the_United_States>	0.9489337205886841
INEX_LD-2012301	<dbpedia:Niagara_Lake>	1.5811504125595093
INEX_LD-2012301	<dbpedia:T_Lake_Falls>	1.5092343091964722
INEX_LD-2012301	<dbpedia:Sixteen_Mile_Creek_(Niagara_Region)>	1.3206281661987305
INEX_LD-2012301	<dbpedia:Horseshoe_Falls>	1.2916594743728638
INEX_LD-2012301	<dbpedia:American_Falls>	1.2800674438476562
INEX_LD-2012301	<dbpedia:Albion_Falls>	1.2116384506225586
INEX_LD-2012301	<dbpedia:Pocono_Peak_Lake>	1.2012778520584106
INEX_LD-2012301	<dbpedia:Goat_Island_(New_York)>	1.155537724494934
INEX_LD-2012301	<dbpedia:List_of_objects_that_have_gone_over_Niagara_Falls>	1.1528756618499756
INEX_LD-2012301	<dbpedia:Karel_Soucek>	1.069133996963501
INEX_LD-2012303	<dbpedia:Arthroconidium>	1.2202709913253784
INEX_LD-2012303	<dbpedia:San_Joaquin_antelope_squirrel>	0.9677624106407166
INEX_LD-2012303	<dbpedia:California_Valley_coyote>	0.9308475852012634
INEX_LD-2012303	<dbpedia:San_Joaquin_Valley_League>	0.9048625230789185
INEX_LD-2012303	<dbpedia:San_Joaquin_Formation>	0.9036245346069336
INEX_LD-2012303	<dbpedia:San_Joaquin_Valley>	0.8961512446403503
INEX_LD-2012303	<dbpedia:San_Joaquin_Valley_Library_System>	0.8506301641464233
INEX_LD-2012303	<dbpedia:San_Joaquin_Light_and_Power_Corporation>	0.8402389287948608
INEX_LD-2012303	<dbpedia:Little_Salado_Creek>	0.7945229411125183
INEX_LD-2012303	<dbpedia:Ingram_Creek>	0.7862744331359863
INEX_LD-2012305	<dbpedia:North_Dakota's_3rd_congressional_district>	0.5320613384246826
INEX_LD-2012305	<dbpedia:North_Dakota's_1st_congressional_district>	0.5288016200065613
INEX_LD-2012305	<dbpedia:United_States_House_of_Representatives_election_in_North_Dakota,_2004>	0.5068575739860535
INEX_LD-2012305	<dbpedia:North_Dakota_HB_1572>	0.4985162019729614
INEX_LD-2012305	<dbpedia:Edward_L._Garden>	0.47205808758735657
INEX_LD-2012305	<dbpedia:Aslag_Benson>	0.46728935837745667
INEX_LD-2012305	<dbpedia:North_Dakota_Governor's_Residence>	0.466077595949173
INEX_LD-2012305	<dbpedia:James_H._Sinclair>	0.4632820785045624
INEX_LD-2012305	<dbpedia:Charles_Wachter>	0.4482957422733307
INEX_LD-2012305	<dbpedia:Overprinting>	0.4340348243713379
INEX_LD-2012309	<dbpedia:Kuala_Sawah>	0.8286415934562683
INEX_LD-2012309	<dbpedia:List_of_Singapore-related_topics>	0.6565459370613098
INEX_LD-2012309	<dbpedia:Sungai_Rokam>	0.6085522770881653
INEX_LD-2012309	<dbpedia:Harbour_Breton>	0.5199337601661682
INEX_LD-2012309	<dbpedia:Urak_Lawoi’_language>	0.5138626098632812
INEX_LD-2012309	<dbpedia:Oreichthys_parvus>	0.48839008808135986
INEX_LD-2012309	<dbpedia:Bjelkarøy>	0.4870760440826416
INEX_LD-2012309	<dbpedia:Lerøyna>	0.4820549190044403
INEX_LD-2012309	<dbpedia:Spanner_barb>	0.47769448161125183
INEX_LD-2012309	<dbpedia:Brevibora>	0.44847965240478516
INEX_LD-2012311	<dbpedia:John_Lennon/Plastic_Ono_Band>	1.033442735671997
INEX_LD-2012311	<dbpedia:Milk_and_Honey_(album)>	1.0176336765289307
INEX_LD-2012311	<dbpedia:I_Found_Out>	0.9698587656021118
INEX_LD-2012311	<dbpedia:Oh_My_Love>	0.9508983492851257
INEX_LD-2012311	<dbpedia:Yoko_Ono/Plastic_Ono_Band>	0.936578631401062
INEX_LD-2012311	<dbpedia:Between_My_Head_and_the_Sky>	0.924010157585144
INEX_LD-2012311	<dbpedia:Born_in_a_Prison>	0.9145773649215698
INEX_LD-2012311	<dbpedia:Take_Me_to_the_Land_of_Hell>	0.8881719708442688
INEX_LD-2012311	<dbpedia:Sean_Lennon>	0.8235343098640442
INEX_LD-2012311	<dbpedia:Elephant's_Memory>	0.8180572390556335
INEX_LD-2012313	<dbpedia:Barton_Fink>	0.9958679676055908
INEX_LD-2012313	<dbpedia:Illuminata_(film)>	0.7582969665527344
INEX_LD-2012313	<dbpedia:Exterminator_2>	0.749033510684967
INEX_LD-2012313	<dbpedia:Coen_brothers>	0.7125643491744995
INEX_LD-2012313	<dbpedia:Intolerable_Cruelty>	0.6995112299919128
INEX_LD-2012313	<dbpedia:John_Blake_(makeup_artist)>	0.6449636220932007
INEX_LD-2012313	<dbpedia:The_Fighting_Brothers>	0.6192702054977417
INEX_LD-2012313	<dbpedia:Born_to_Ride_(film)>	0.617211639881134
INEX_LD-2012313	<dbpedia:Night_of_the_Quarter_Moon>	0.6025009751319885
INEX_LD-2012313	<dbpedia:Jess_Gonchor>	0.5606821775436401
INEX_LD-2012315	<dbpedia:Bernardo_Vergara>	0.7010176181793213
INEX_LD-2012315	<dbpedia:DZRR-TV>	0.6150433421134949
INEX_LD-2012315	<dbpedia:Dagupan_Bus_Company>	0.6115591526031494
INEX_LD-2012315	<dbpedia:Blue_Eagle_Gym>	0.580939531326294
INEX_LD-2012315	<dbpedia:Quezon_Avenue>	0.579551637172699
INEX_LD-2012315	<dbpedia:Baguio_Cemetery>	0.5771686434745789
INEX_LD-2012315	<dbpedia:Ateneo_F.C.>	0.5455163717269897
INEX_LD-2012315	<dbpedia:Quezon_Avenue_MRT_Station>	0.5252397656440735
INEX_LD-2012315	<dbpedia:Blumentritt_Road>	0.5016187429428101
INEX_LD-2012315	<dbpedia:Tullahan_River>	0.4874550998210907
INEX_LD-2012317	<dbpedia:Sons_and_Lovers>	0.6583122611045837
INEX_LD-2012317	<dbpedia:Sons_and_Lovers_(1981_TV_serial)>	0.6157780885696411
INEX_LD-2012317	<dbpedia:Rome_Adventure>	0.5370787978172302
INEX_LD-2012317	<dbpedia:Saints_and_Lovers>	0.5283878445625305
INEX_LD-2012317	<dbpedia:All-In_Fighting>	0.520889937877655
INEX_LD-2012317	<dbpedia:Edward_Garnett>	0.47949862480163574
INEX_LD-2012317	<dbpedia:The_Persistent_Lovers>	0.47147053480148315
INEX_LD-2012317	<dbpedia:Swiss_dagger>	0.46925321221351624
INEX_LD-2012317	<dbpedia:Acronicta_hasta>	0.44451776146888733
INEX_LD-2012317	<dbpedia:USS_F._Mansfield_and_Sons_Co._(SP-691)>	0.26981133222579956
INEX_LD-2012318	<dbpedia:William_C._Thompson>	0.7479581236839294
INEX_LD-2012318	<dbpedia:The_Atomic_Space_Bug>	0.6969224214553833
INEX_LD-2012318	<dbpedia:Plan_10_from_Outer_Space>	0.6967653036117554
INEX_LD-2012318	<dbpedia:Bloodsuckers_from_Outer_Space>	0.675082266330719
INEX_LD-2012318	<dbpedia:I_Married_a_Monster_from_Outer_Space>	0.6653924584388733
INEX_LD-2012318	<dbpedia:Plan_9_from_Outer_Space>	0.6565720438957214
INEX_LD-2012318	<dbpedia:TCM_Underground>	0.6563382744789124
INEX_LD-2012318	<dbpedia:Paul_Marco>	0.6442437171936035
INEX_LD-2012318	<dbpedia:Plan_9_from_Outer_Space_(video_game)>	0.5754265189170837
INEX_LD-2012318	<dbpedia:Gregory_Walcott>	0.5311858654022217
INEX_LD-2012319	<dbpedia:Open_Secrets>	1.1509164571762085
INEX_LD-2012319	<dbpedia:The_Open_Doors>	0.8680062890052795
INEX_LD-2012319	<dbpedia:Vintage_Munro>	0.7796106934547424
INEX_LD-2012319	<dbpedia:Alice_(Hermann_book)>	0.7480196356773376
INEX_LD-2012319	<dbpedia:Into_the_Widening_World>	0.7258213758468628
INEX_LD-2012319	<dbpedia:Too_Much_Happiness>	0.720189094543457
INEX_LD-2012319	<dbpedia:Free_Radicals_(short_story)>	0.6365222930908203
INEX_LD-2012319	<dbpedia:How_I_Met_My_Husband>	0.6192920207977295
INEX_LD-2012319	<dbpedia:Alice_Mattison>	0.5478696227073669
INEX_LD-2012319	<dbpedia:The_Originist>	0.5324904918670654
INEX_LD-2012321	<dbpedia:Raffles'_Landing_Site>	0.853603184223175
INEX_LD-2012321	<dbpedia:Fairmont_Singapore>	0.8114297986030579
INEX_LD-2012321	<dbpedia:Founding_of_modern_Singapore>	0.8069594502449036
INEX_LD-2012321	<dbpedia:Lee_Kong_Chian_Natural_History_Museum>	0.806663990020752
INEX_LD-2012321	<dbpedia:Swissôtel_The_Stamford>	0.8036401867866516
INEX_LD-2012321	<dbpedia:Raffles_Institution_(Junior_College)>	0.7514920234680176
INEX_LD-2012321	<dbpedia:History_of_Singapore>	0.7278229594230652
INEX_LD-2012321	<dbpedia:Calyptomena>	0.6955416202545166
INEX_LD-2012321	<dbpedia:Tupaia_(genus)>	0.5788618922233582
INEX_LD-2012321	<dbpedia:The_Doings_of_Raffles_Haw>	0.5436897873878479
INEX_LD-2012323	<dbpedia:Thordarhyrna>	0.7037474513053894
INEX_LD-2012323	<dbpedia:Nibok_District>	0.3823472857475281
INEX_LD-2012323	<dbpedia:Aoba_Island>	0.3772309124469757
INEX_LD-2012323	<dbpedia:Anibare_District>	0.3421406149864197
INEX_LD-2012323	<dbpedia:Christianity_in_Malta>	0.3172474205493927
INEX_LD-2012323	<dbpedia:Public_holidays_in_Nauru>	0.31030774116516113
INEX_LD-2012323	<dbpedia:Anetan_District>	0.2970077693462372
INEX_LD-2012323	<dbpedia:List_of_libraries_in_Sri_Lanka>	0.2836441695690155
INEX_LD-2012323	<dbpedia:Football_in_Mali>	0.25558459758758545
INEX_LD-2012323	<dbpedia:Economy_of_Mauritius>	0.24267305433750153
INEX_LD-2012325	<dbpedia:William_G._Rose>	0.765789806842804
INEX_LD-2012325	<dbpedia:Ephraim_Blaine>	0.7521299719810486
INEX_LD-2012325	<dbpedia:James_G._Blaine_Society>	0.6444913744926453
INEX_LD-2012325	<dbpedia:Brenton_G._Yorgason>	0.6420897245407104
INEX_LD-2012325	<dbpedia:Blaine,_Maine>	0.5980385541915894
INEX_LD-2012325	<dbpedia:Blaine_County,_Montana>	0.5687385201454163
INEX_LD-2012325	<dbpedia:The_Blaine_House>	0.5578600764274597
INEX_LD-2012325	<dbpedia:James_G._Blaine_Mansion>	0.5262208580970764
INEX_LD-2012325	<dbpedia:Blaine,_California>	0.49196499586105347
INEX_LD-2012325	<dbpedia:Little_Rock_and_Fort_Smith_Railroad>	0.4720410406589508
INEX_LD-2012327	<dbpedia:Paradise_(novel)>	0.9267177581787109
INEX_LD-2012327	<dbpedia:Heinrich_Böll>	0.7844054698944092
INEX_LD-2012327	<dbpedia:The_Fish_Can_Sing>	0.7715355157852173
INEX_LD-2012327	<dbpedia:Growth_of_the_Soil>	0.769432008266449
INEX_LD-2012327	<dbpedia:António_Correia_de_Oliveira>	0.767559289932251
INEX_LD-2012327	<dbpedia:Jean-Christophe>	0.7618194818496704
INEX_LD-2012327	<dbpedia:The_Atom_Station>	0.7577129602432251
INEX_LD-2012327	<dbpedia:Humboldt's_Gift>	0.7569970488548279
INEX_LD-2012327	<dbpedia:List_of_short_stories_by_Ivan_Bunin>	0.7557821273803711
INEX_LD-2012327	<dbpedia:The_Haw_Lantern>	0.7349565625190735
INEX_LD-2012329	<dbpedia:Swedish_krona>	1.879465103149414
INEX_LD-2012329	<dbpedia:Monetary_policy_of_Sweden>	1.636203408241272
INEX_LD-2012329	<dbpedia:Norwegian_rigsdaler>	1.5777955055236816
INEX_LD-2012329	<dbpedia:Internet_in_Sweden>	1.186702847480774
INEX_LD-2012329	<dbpedia:Björg>	1.116626262664795
INEX_LD-2012329	<dbpedia:圓>	1.0917104482650757
INEX_LD-2012329	<dbpedia:Sagina_subulata>	0.925907552242279
INEX_LD-2012329	<dbpedia:Currency_pair>	0.9155870079994202
INEX_LD-2012329	<dbpedia:A_Couple_of_Days_in_Larsville>	0.9143722057342529
INEX_LD-2012329	<dbpedia:Minister_of_Statistics_Iceland>	0.8146512508392334
INEX_LD-2012331	<dbpedia:UNIQ_discography>	0.8611632585525513
INEX_LD-2012331	<dbpedia:Lahu_people>	0.856053352355957
INEX_LD-2012331	<dbpedia:Miao_people>	0.8169032335281372
INEX_LD-2012331	<dbpedia:Namtaeryeong_Station>	0.7958824038505554
INEX_LD-2012331	<dbpedia:National_Assembly_Station>	0.7605217099189758
INEX_LD-2012331	<dbpedia:Seoul_Convention_Bureau>	0.7544738054275513
INEX_LD-2012331	<dbpedia:1954_FIFA_World_Cup_qualification_(AFC_–_Group_13)>	0.6876443028450012
INEX_LD-2012331	<dbpedia:Seoul_Open>	0.6818333864212036
INEX_LD-2012331	<dbpedia:Ethnonym>	0.6603053212165833
INEX_LD-2012331	<dbpedia:List_of_Jewish_ethnonyms>	0.6467311978340149
INEX_LD-2012333	<dbpedia:Romuald-Charlemagne_Laurier>	0.8150879740715027
INEX_LD-2012333	<dbpedia:Laurier_House>	0.8120917677879333
INEX_LD-2012333	<dbpedia:Laurier_Avenue>	0.8081989884376526
INEX_LD-2012333	<dbpedia:Wilfrid_Laurier_University>	0.7658859491348267
INEX_LD-2012333	<dbpedia:William_McMahon>	0.7631968259811401
INEX_LD-2012333	<dbpedia:Sir_Wilfrid_Laurier_Collegiate_Institute>	0.7545021772384644
INEX_LD-2012333	<dbpedia:John_Turner>	0.746242880821228
INEX_LD-2012333	<dbpedia:Premiership_of_Stephen_Harper>	0.7179561853408813
INEX_LD-2012333	<dbpedia:Amir-Abbas_Hoveyda>	0.6444960832595825
INEX_LD-2012333	<dbpedia:Laurier_Heights,_Edmonton>	0.5625753998756409
INEX_LD-2012335	<dbpedia:Gold_Codes>	0.6830083131790161
INEX_LD-2012335	<dbpedia:Operation_Ivy>	0.4684638977050781
INEX_LD-2012335	<dbpedia:Enduring_Stockpile>	0.4271450638771057
INEX_LD-2012335	<dbpedia:Stockpile_stewardship>	0.4215099513530731
INEX_LD-2012335	<dbpedia:Taiwan_and_weapons_of_mass_destruction>	0.4183943569660187
INEX_LD-2012335	<dbpedia:Nuclear_sharing>	0.3856865465641022
INEX_LD-2012335	<dbpedia:Tactical_nuclear_weapon>	0.3824174702167511
INEX_LD-2012335	<dbpedia:De-alerting>	0.3590673506259918
INEX_LD-2012335	<dbpedia:Netherlands_and_weapons_of_mass_destruction>	0.3363305628299713
INEX_LD-2012335	<dbpedia:Nuclear_weapons_testing>	0.3310838043689728
INEX_LD-2012337	<dbpedia:1953_Waco_tornado_outbreak>	1.1646325588226318
INEX_LD-2012337	<dbpedia:1953_Worcester_tornado>	1.0079751014709473
INEX_LD-2012337	<dbpedia:Samuel_D._Johnson,_Jr.>	0.9736368656158447
INEX_LD-2012337	<dbpedia:Charles_Barrow>	0.9713221788406372
INEX_LD-2012337	<dbpedia:Helen_Baylor>	0.8988869190216064
INEX_LD-2012337	<dbpedia:Baylor_University_Medical_Center_(DART_station)>	0.8628160953521729
INEX_LD-2012337	<dbpedia:Young_Conservatives_of_Texas>	0.8613379597663879
INEX_LD-2012337	<dbpedia:1902_Goliad,_Texas_tornado>	0.8593336939811707
INEX_LD-2012337	<dbpedia:The_Texas_Collection>	0.843521237373352
INEX_LD-2012337	<dbpedia:1987_Saragosa,_Texas_tornado>	0.8293047547340393
INEX_LD-2012339	<dbpedia:Ohlange_High_School>	1.4049785137176514
INEX_LD-2012339	<dbpedia:Mandela_(1987_film)>	1.1865845918655396
INEX_LD-2012339	<dbpedia:Mandela_Day>	1.149733066558838
INEX_LD-2012339	<dbpedia:Mandela_House>	1.1464580297470093
INEX_LD-2012339	<dbpedia:Statue_of_Nelson_Mandela,_Johannesburg>	1.1359033584594727
INEX_LD-2012339	<dbpedia:Nelson_Mandela_90th_Birthday_Tribute>	1.0829654932022095
INEX_LD-2012339	<dbpedia:Palm_World_Voices:_Mandela>	1.0384219884872437
INEX_LD-2012339	<dbpedia:Nelson_Mandela_70th_Birthday_Tribute>	1.0349841117858887
INEX_LD-2012339	<dbpedia:Nelson_Mandela_Metropolitan_Art_Museum>	1.028207540512085
INEX_LD-2012339	<dbpedia:Nelson_Mandela_Challenge>	1.0176066160202026
INEX_LD-2012341	<dbpedia:USS_Sam_Houston_(SSBN-609)>	1.1373146772384644
INEX_LD-2012341	<dbpedia:Temple_Lea_Houston>	1.1168497800827026
INEX_LD-2012341	<dbpedia:Kris_Banks>	1.036147952079773
INEX_LD-2012341	<dbpedia:1997_Houston_Astros_season>	1.0099111795425415
INEX_LD-2012341	<dbpedia:Joshua_Starnes>	0.9668517112731934
INEX_LD-2012341	<dbpedia:1997_WNBA_Playoffs>	0.906570315361023
INEX_LD-2012341	<dbpedia:Houston_Municipal_Airport>	0.8502498269081116
INEX_LD-2012341	<dbpedia:Houston_International_Airport>	0.8158840537071228
INEX_LD-2012341	<dbpedia:Houston_County_Airport_(Texas)>	0.7926693558692932
INEX_LD-2012341	<dbpedia:Houston_County_Airport_(Tennessee)>	0.7367324233055115
INEX_LD-2012345	<dbpedia:Charles_Brehm>	1.0433993339538574
INEX_LD-2012345	<dbpedia:Lee_Bowers>	1.0385305881500244
INEX_LD-2012345	<dbpedia:Phillip_Willis>	0.9937185049057007
INEX_LD-2012345	<dbpedia:John_F._Kennedy_assassination_Dictabelt_recording>	0.9253236651420593
INEX_LD-2012345	<dbpedia:Attempted_assassination_of_Bernardo_Leighton>	0.9142254590988159
INEX_LD-2012345	<dbpedia:Michael_Paine>	0.8967646360397339
INEX_LD-2012345	<dbpedia:Earle_Cabell>	0.8879703283309937
INEX_LD-2012345	<dbpedia:Assassination_of_John_F._Kennedy_in_popular_culture>	0.8349609375
INEX_LD-2012345	<dbpedia:Dale_K._Myers>	0.7791120409965515
INEX_LD-2012345	<dbpedia:Casualty_notification>	0.6347419023513794
INEX_LD-2012349	<dbpedia:Alexander_Nevsky_Cathedral,_Yalta>	0.8974557518959045
INEX_LD-2012349	<dbpedia:Alexander_Nevsky_Cathedral,_Novosibirsk>	0.8768523931503296
INEX_LD-2012349	<dbpedia:Alexander_Nevsky_Cathedral,_Belgrade>	0.8761644959449768
INEX_LD-2012349	<dbpedia:Cathedral_of_Saint_Vissarion_of_Smolyan>	0.837626039981842
INEX_LD-2012349	<dbpedia:Alexander_Nevsky_Cathedral,_Izhevsk>	0.8287025690078735
INEX_LD-2012349	<dbpedia:Grand_Hotel_Sofia>	0.8092318177223206
INEX_LD-2012349	<dbpedia:Alexander_Nevsky_Cathedral,_Moscow>	0.7882714867591858
INEX_LD-2012349	<dbpedia:Alexander_Nevsky_Cathedral,_Tallinn>	0.7857233285903931
INEX_LD-2012349	<dbpedia:Alexander_Nevsky_Cathedral,_Howell>	0.769656777381897
INEX_LD-2012349	<dbpedia:Alexander_Nevsky_Cathedral,_Łódź>	0.7525396943092346
INEX_LD-2012353	<dbpedia:Languages_of_Germany>	1.8855253458023071
INEX_LD-2012353	<dbpedia:German_language_in_Namibia>	1.6947482824325562
INEX_LD-2012353	<dbpedia:Amtsbezirk>	1.6899398565292358
INEX_LD-2012353	<dbpedia:Oxford_Intensive_School_of_English>	1.4717687368392944
INEX_LD-2012353	<dbpedia:Mutamadiyah>	1.3806105852127075
INEX_LD-2012353	<dbpedia:Language_Council>	1.3255401849746704
INEX_LD-2012353	<dbpedia:Der_Ostasiatische_Lloyd>	1.3103002309799194
INEX_LD-2012353	<dbpedia:List_of_Portuguese-language_authors>	1.2881546020507812
INEX_LD-2012353	<dbpedia:German_toponymy>	1.2809523344039917
INEX_LD-2012353	<dbpedia:German_studies>	1.2498955726623535
INEX_LD-2012354	<dbpedia:Kim_Thayil>	2.1358590126037598
INEX_LD-2012354	<dbpedia:Glen_Buxton>	2.1098289489746094
INEX_LD-2012354	<dbpedia:Ida_Presti>	2.0603785514831543
INEX_LD-2012354	<dbpedia:Joe_Pass>	2.043245792388916
INEX_LD-2012354	<dbpedia:Bernard_Butler>	2.0300989151000977
INEX_LD-2012354	<dbpedia:Fredrik_Thordendal>	2.018228769302368
INEX_LD-2012354	<dbpedia:Re-Inventions:_Best_of_the_Vanguard_Years>	1.8571230173110962
INEX_LD-2012354	<dbpedia:Aerial_Boundaries>	1.8436291217803955
INEX_LD-2012354	<dbpedia:Vanguard_Visionaries_(Sandy_Bull_album)>	1.825652837753296
INEX_LD-2012354	<dbpedia:Marco_Masini>	1.6882957220077515
INEX_LD-2012355	<dbpedia:Odafa_Onyeka_Okolie>	1.2676740884780884
INEX_LD-2012355	<dbpedia:Attila_Kuttor>	1.2217637300491333
INEX_LD-2012355	<dbpedia:Owen_Williams_(footballer)>	1.124819278717041
INEX_LD-2012355	<dbpedia:Rohit_Chand>	1.1227881908416748
INEX_LD-2012355	<dbpedia:William_Heffelfinger>	1.071519374847412
INEX_LD-2012355	<dbpedia:Paulo_Rink>	1.0460916757583618
INEX_LD-2012355	<dbpedia:Military_Pay>	0.9807322025299072
INEX_LD-2012355	<dbpedia:Ezra_Kendall>	0.9200423955917358
INEX_LD-2012355	<dbpedia:List_of_most_expensive_sculptures>	0.6548642516136169
INEX_LD-2012355	<dbpedia:List_of_most_expensive_books>	0.6528849601745605
INEX_LD-2012357	<dbpedia:Yekaterina_Shipulina>	0.8070531487464905
INEX_LD-2012357	<dbpedia:Altynai_Asylmuratova>	0.8065049648284912
INEX_LD-2012357	<dbpedia:Natalia_Bessmertnova>	0.7955226898193359
INEX_LD-2012357	<dbpedia:Svetlana_Zakharova_(dancer)>	0.7929533123970032
INEX_LD-2012357	<dbpedia:Nina_Kaptsova>	0.756645917892456
INEX_LD-2012357	<dbpedia:Mia_Slavenska>	0.6478671431541443
INEX_LD-2012357	<dbpedia:Alessandra_Ferri>	0.6181899309158325
INEX_LD-2012357	<dbpedia:Gilda_Gelati>	0.5683393478393555
INEX_LD-2012357	<dbpedia:Valda_Valkyrien>	0.5626910328865051
INEX_LD-2012357	<dbpedia:List_of_prima_ballerinas>	0.4245946407318115
INEX_LD-2012359	<dbpedia:Bob_Ricker>	0.9250727891921997
INEX_LD-2012359	<dbpedia:Bob_Hall_(American_political_journalist)>	0.6366056799888611
INEX_LD-2012359	<dbpedia:Dorothy_Ehrlich>	0.6362740993499756
INEX_LD-2012359	<dbpedia:Land_Tawney>	0.6199470162391663
INEX_LD-2012359	<dbpedia:Filiz_Odabas-Geldiay>	0.5916163921356201
INEX_LD-2012359	<dbpedia:Bob_Agee>	0.5834315419197083
INEX_LD-2012359	<dbpedia:John_Currie_(athletic_director)>	0.5673812627792358
INEX_LD-2012359	<dbpedia:Danny_Evron>	0.5619666576385498
INEX_LD-2012359	<dbpedia:Malik_Muhammad_Asif>	0.5397781729698181
INEX_LD-2012359	<dbpedia:United_Nations_Office_of_Administration_of_Justice_(OAJ)>	0.5184929370880127
INEX_LD-2012361	<dbpedia:Roshan_Pilapitiya>	1.3448327779769897
INEX_LD-2012361	<dbpedia:James_Millar_(Australian_actor)>	1.1635907888412476
INEX_LD-2012361	<dbpedia:Anmol_Malik>	1.144538164138794
INEX_LD-2012361	<dbpedia:Bruce_Greer>	1.0747023820877075
INEX_LD-2012361	<dbpedia:Levi_Kreis>	1.0238994359970093
INEX_LD-2012361	<dbpedia:Juan_Escobedo>	1.0171195268630981
INEX_LD-2012361	<dbpedia:Karnail_Singh_Paras>	1.0119690895080566
INEX_LD-2012361	<dbpedia:Nathaniel_Dean>	1.0092626810073853
INEX_LD-2012361	<dbpedia:Dos_Historias>	1.0034160614013672
INEX_LD-2012361	<dbpedia:Bill_Wynne>	0.928282618522644
INEX_LD-2012365	<dbpedia:Margaret_MacVicar>	0.824141800403595
INEX_LD-2012365	<dbpedia:Silvio_Micali>	0.677079439163208
INEX_LD-2012365	<dbpedia:Jit_Bose>	0.6316555142402649
INEX_LD-2012365	<dbpedia:Peter_Ružička>	0.6022513508796692
INEX_LD-2012365	<dbpedia:Ian_Cullimore>	0.5625644326210022
INEX_LD-2012365	<dbpedia:János_Pach>	0.5517632961273193
INEX_LD-2012365	<dbpedia:Toniann_Pitassi>	0.550317108631134
INEX_LD-2012365	<dbpedia:David_Hedgley>	0.5482397079467773
INEX_LD-2012365	<dbpedia:Takao_Nishizeki>	0.5420106053352356
INEX_LD-2012365	<dbpedia:Matthew_Cook>	0.5356059074401855
INEX_LD-2012367	<dbpedia:Newtonian_telescope>	2.320322275161743
INEX_LD-2012367	<dbpedia:Telescope>	2.2474353313446045
INEX_LD-2012367	<dbpedia:Graphic_telescope>	2.1736245155334473
INEX_LD-2012367	<dbpedia:Ritchey–Chrétien_telescope>	2.1000938415527344
INEX_LD-2012367	<dbpedia:Wootton,_Kent>	2.0135397911071777
INEX_LD-2012367	<dbpedia:Reflecting_telescope>	2.008033037185669
INEX_LD-2012367	<dbpedia:Celatone>	1.9147484302520752
INEX_LD-2012367	<dbpedia:Schmidt–Newton_telescope>	1.561050295829773
INEX_LD-2012367	<dbpedia:Hexapod-Telescope>	1.465421438217163
INEX_LD-2012367	<dbpedia:Achromatic_telescope>	1.4523862600326538
INEX_LD-2012369	<dbpedia:List_of_airports_in_Virginia>	1.0640685558319092
INEX_LD-2012369	<dbpedia:List_of_airports_in_China_(disambiguation)>	0.9076462984085083
INEX_LD-2012369	<dbpedia:Stray_animals_at_Indian_airports>	0.8939048051834106
INEX_LD-2012369	<dbpedia:List_of_airports_in_the_Caribbean>	0.8569269776344299
INEX_LD-2012369	<dbpedia:List_of_airports_in_Congo>	0.8164928555488586
INEX_LD-2012369	<dbpedia:List_of_airports_in_Michigan's_Upper_Peninsula>	0.8023644089698792
INEX_LD-2012369	<dbpedia:List_of_airports_in_Canada>	0.7388288378715515
INEX_LD-2012369	<dbpedia:List_of_airports_in_Georgia>	0.7268205881118774
INEX_LD-2012369	<dbpedia:Uruguayan_general_election,_1984>	0.5175433158874512
INEX_LD-2012369	<dbpedia:Civic-military_dictatorship_of_Uruguay>	0.4988422393798828
INEX_LD-2012371	<dbpedia:Huế_Railway_Station>	1.052985429763794
INEX_LD-2012371	<dbpedia:Białystok_railway_station>	0.9541229009628296
INEX_LD-2012371	<dbpedia:Kharkiv_Railway_station>	0.82542884349823
INEX_LD-2012371	<dbpedia:Hazrat_Nizamuddin_railway_station>	0.7812080383300781
INEX_LD-2012371	<dbpedia:Tel_Aviv_HaShalom_Railway_Station>	0.7588980793952942
INEX_LD-2012371	<dbpedia:Thomas_Arboe>	0.7438704967498779
INEX_LD-2012371	<dbpedia:List_of_closed_railway_stations_in_the_West_Midlands>	0.7006809115409851
INEX_LD-2012371	<dbpedia:List_of_railway_stations_in_North_Rhine-Westphalia>	0.6893763542175293
INEX_LD-2012371	<dbpedia:List_of_cities_with_the_most_skyscrapers>	0.6366044878959656
INEX_LD-2012371	<dbpedia:UK_railway_stations>	0.5575196146965027
INEX_LD-2012372	<dbpedia:Battle_of_Doberdò>	1.0907238721847534
INEX_LD-2012372	<dbpedia:Line_of_Fire_(2002_TV_series)>	1.0393418073654175
INEX_LD-2012372	<dbpedia:James_Sewall_Reed>	1.0289342403411865
INEX_LD-2012372	<dbpedia:Diaoyu_Fortress>	0.9965271353721619
INEX_LD-2012372	<dbpedia:U.S._Route_140>	0.904124915599823
INEX_LD-2012372	<dbpedia:Ecuadorian_Civil_War>	0.8279685974121094
INEX_LD-2012372	<dbpedia:Nandanar_(author)>	0.7891806364059448
INEX_LD-2012372	<dbpedia:Fazliddin_Gaibnazarov>	0.708634614944458
INEX_LD-2012372	<dbpedia:List_of_historical_period_drama_films>	0.6996223330497742
INEX_LD-2012372	<dbpedia:Historical_period_drama_films_set_in_Asia>	0.6841266751289368
INEX_LD-2012373	<dbpedia:List_of_North_American_hummingbirds>	1.7120599746704102
INEX_LD-2012373	<dbpedia:Tropical_Birdland,_Leicestershire>	1.4516664743423462
INEX_LD-2012373	<dbpedia:Bat-fowling>	1.4032845497131348
INEX_LD-2012373	<dbpedia:South_Island_giant_moa>	1.338089942932129
INEX_LD-2012373	<dbpedia:Alsophila_(moth)>	1.2996954917907715
INEX_LD-2012373	<dbpedia:Fly_honeysuckle>	0.9848623275756836
INEX_LD-2012373	<dbpedia:Fly_captain>	0.9692299365997314
INEX_LD-2012373	<dbpedia:Muddler_Minnow>	0.8778882026672363
INEX_LD-2012373	<dbpedia:Scientific_Anglers>	0.7874153256416321
INEX_LD-2012373	<dbpedia:Structural_abuse>	0.625632643699646
INEX_LD-2012377	<dbpedia:The_Will_of_Peter_the_Great>	1.0214029550552368
INEX_LD-2012377	<dbpedia:World_War_I_reenactment>	0.8972378969192505
INEX_LD-2012377	<dbpedia:Russia_in_World_War_one>	0.8176491856575012
INEX_LD-2012377	<dbpedia:The_Great_Murder>	0.8176491856575012
INEX_LD-2012377	<dbpedia:The_Role_of_Geography_in_World_War_I>	0.8176491856575012
INEX_LD-2012377	<dbpedia:Role_of_Geography_in_World_War_I>	0.8176491856575012
INEX_LD-2012377	<dbpedia:Lists_of_World_War_I_topics>	0.8108452558517456
INEX_LD-2012377	<dbpedia:Indian_Army_during_World_War_I_order_of_battle>	0.6887419819831848
INEX_LD-2012377	<dbpedia:Polish_I_Corps>	0.5835089683532715
INEX_LD-2012377	<dbpedia:Polish_1st_Corps_in_the_East>	0.4742479920387268
INEX_LD-2012381	<dbpedia:Vijaya_Bapineedu>	1.3861579895019531
INEX_LD-2012381	<dbpedia:CBI_(film_series)>	1.332289695739746
INEX_LD-2012381	<dbpedia:Kaneez_(1965_film)>	1.3182803392410278
INEX_LD-2012381	<dbpedia:Kaakki_Sattai>	1.3112740516662598
INEX_LD-2012381	<dbpedia:Yejamana>	1.2706313133239746
INEX_LD-2012381	<dbpedia:Welcome_to_the_Quiet_Room>	1.00728178024292
INEX_LD-2012381	<dbpedia:Yaara_Dildara>	0.98323655128479
INEX_LD-2012381	<dbpedia:Kasam_(1993_film)>	0.8997213840484619
INEX_LD-2012381	<dbpedia:Seyyed_Hossein_Jafari>	0.7776231169700623
INEX_LD-2012381	<dbpedia:Mostafa_Zamani>	0.7700240612030029
INEX_LD-2012383	<dbpedia:Li_Huatian>	0.9338529109954834
INEX_LD-2012383	<dbpedia:List_of_New_Zealand_scientists>	0.886128842830658
INEX_LD-2012383	<dbpedia:Computer_scientist>	0.7770626544952393
INEX_LD-2012383	<dbpedia:Timothy_C._Lethbridge>	0.7679213285446167
INEX_LD-2012383	<dbpedia:Sarah_Gordon>	0.7479469776153564
INEX_LD-2012383	<dbpedia:List_of_Russian_IT_developers>	0.7320591807365417
INEX_LD-2012383	<dbpedia:Academic_genealogy_of_computer_scientists>	0.6523582339286804
INEX_LD-2012383	<dbpedia:List_of_soil_scientists>	0.6467219591140747
INEX_LD-2012383	<dbpedia:Cepstral_(company)>	0.6439018845558167
INEX_LD-2012383	<dbpedia:Google_CodeF>	0.5711809992790222
INEX_LD-2012385	<dbpedia:List_of_Conservative_Party_politicians>	1.223388433456421
INEX_LD-2012385	<dbpedia:List_of_centenarians_(politicians_and_government_servants)>	1.1709396839141846
INEX_LD-2012385	<dbpedia:Guy_Bedos>	1.1236680746078491
INEX_LD-2012385	<dbpedia:List_of_Italian_Christian_Democracy_politicians>	1.1155601739883423
INEX_LD-2012385	<dbpedia:List_of_Italian_politicians>	0.998580813407898
INEX_LD-2012385	<dbpedia:List_of_Jews_in_politics>	0.9979516267776489
INEX_LD-2012385	<dbpedia:List_of_American_federal_politicians_convicted_of_crimes>	0.9284534454345703
INEX_LD-2012385	<dbpedia:World_Esperantist_Vegetarian_Association>	0.8730015158653259
INEX_LD-2012385	<dbpedia:Franz-Neumann-Platz_(Berlin_U-Bahn)>	0.8665029406547546
INEX_LD-2012385	<dbpedia:Vegetarian_Creek>	0.7086912989616394
INEX_LD-2012387	<dbpedia:Boondooma_Dam>	1.3436412811279297
INEX_LD-2012387	<dbpedia:Çetin_Dam>	1.3171931505203247
INEX_LD-2012387	<dbpedia:Hasdeo_Bango_Dam>	1.2723857164382935
INEX_LD-2012387	<dbpedia:Longkaikou_Dam>	1.2649338245391846
INEX_LD-2012387	<dbpedia:Salma_Dam>	1.242561936378479
INEX_LD-2012387	<dbpedia:Sondur_Dam>	1.20840322971344
INEX_LD-2012387	<dbpedia:Kamthikhairy_Dam>	1.205448031425476
INEX_LD-2012387	<dbpedia:Kadra_Dam>	1.2051126956939697
INEX_LD-2012387	<dbpedia:Três_Irmãos_Dam>	1.191555380821228
INEX_LD-2012387	<dbpedia:Gumti_River_(Tripura)>	1.1664652824401855
INEX_LD-2012389	<dbpedia:Prickly_shark>	1.0173615217208862
INEX_LD-2012389	<dbpedia:Wobbegong>	1.0095114707946777
INEX_LD-2012389	<dbpedia:Orectolobus>	0.9647095799446106
INEX_LD-2012389	<dbpedia:Gujjula_Ravindra_Reddy>	0.9021627902984619
INEX_LD-2012389	<dbpedia:Admiralty_Gulf>	0.8224069476127625
INEX_LD-2012389	<dbpedia:2010_North_Indian_Ocean_cyclone_season>	0.7923391461372375
INEX_LD-2012389	<dbpedia:Gringo_Trail>	0.7740117311477661
INEX_LD-2012389	<dbpedia:Indian_Ocean_Research_Group>	0.7622520923614502
INEX_LD-2012389	<dbpedia:Gulf_of_the_Farallones>	0.7088339328765869
INEX_LD-2012389	<dbpedia:Gulf_of_Santa_Catalina>	0.6631405353546143
INEX_LD-2012390	<dbpedia:Kirt_Ojala>	0.8766272068023682
INEX_LD-2012390	<dbpedia:Avelino_Asprilla>	0.8231572508811951
INEX_LD-2012390	<dbpedia:Don_Bacon>	0.8039522767066956
INEX_LD-2012390	<dbpedia:Arquimedes_Nieto>	0.7668949365615845
INEX_LD-2012390	<dbpedia:Manuel_Ramírez_(baseball)>	0.7518216967582703
INEX_LD-2012390	<dbpedia:Philip_Dale>	0.750823438167572
INEX_LD-2012390	<dbpedia:Pablo_Ortega>	0.7393864989280701
INEX_LD-2012390	<dbpedia:Donna_Mills_(baseball)>	0.6841626763343811
INEX_LD-2012390	<dbpedia:Jonatan_Isenia>	0.6796191930770874
INEX_LD-2012390	<dbpedia:Frank_Cacciatore>	0.6692728996276855
INEX_XER-106	<dbpedia:Sir_Thomas_Kyriell>	0.8808925151824951
INEX_XER-106	<dbpedia:Andrew_Trollope>	0.8500431180000305
INEX_XER-106	<dbpedia:John_Beaumont,_4th_Baron_Beaumont>	0.8003930449485779
INEX_XER-106	<dbpedia:Pierre_d'Orgemont>	0.7938917279243469
INEX_XER-106	<dbpedia:Timeline_of_the_Hundred_Years'_War>	0.7237493395805359
INEX_XER-106	<dbpedia:Armagnac_(party)>	0.722687304019928
INEX_XER-106	<dbpedia:Bladestorm:_The_Hundred_Years'_War>	0.6775556206703186
INEX_XER-106	<dbpedia:Battle_of_Arnemuiden>	0.6577743887901306
INEX_XER-106	<dbpedia:Battle_of_Formigny>	0.611777663230896
INEX_XER-106	<dbpedia:1339_in_Italy>	0.5645145773887634
INEX_XER-108	<dbpedia:List_of_U.S._states'_largest_cities_by_population>	0.876797616481781
INEX_XER-108	<dbpedia:Embassy_of_the_United_States,_Beijing>	0.7599499225616455
INEX_XER-108	<dbpedia:United_States_Ambassador_to_Japan>	0.7248270511627197
INEX_XER-108	<dbpedia:Embassy_of_the_United_States,_Tel_Aviv>	0.7210264205932617
INEX_XER-108	<dbpedia:Embassy_of_the_United_States,_Ottawa>	0.7042057514190674
INEX_XER-108	<dbpedia:Representative_of_the_United_States_to_the_European_Office_of_the_United_Nations>	0.6879110932350159
INEX_XER-108	<dbpedia:Embassy_of_the_United_States,_Tehran>	0.6772807240486145
INEX_XER-108	<dbpedia:United_States–European_Union_relations>	0.6291559338569641
INEX_XER-108	<dbpedia:List_of_Bowling_Green_State_University_alumni>	0.6001226305961609
INEX_XER-108	<dbpedia:United_States_Special_Envoy_to_the_Organisation_of_Islamic_Cooperation>	0.5561160445213318
INEX_XER-109	<dbpedia:Japan_National_Route_7>	1.1775825023651123
INEX_XER-109	<dbpedia:Capricorn_and_Bunker_Group>	1.0653716325759888
INEX_XER-109	<dbpedia:List_of_capitals_of_Myanmar>	0.9825750589370728
INEX_XER-109	<dbpedia:List_of_capitals_in_Thailand>	0.9825702905654907
INEX_XER-109	<dbpedia:Indo-Corinthian_capital>	0.9461697340011597
INEX_XER-109	<dbpedia:Geography_of_Stockholm>	0.9367052912712097
INEX_XER-109	<dbpedia:List_of_capital_cities_in_the_history_of_Vojvodina>	0.9061789512634277
INEX_XER-109	<dbpedia:List_of_capitals_in_Malaysia>	0.8957487344741821
INEX_XER-109	<dbpedia:List_of_Antarctic_and_subantarctic_islands>	0.8684862852096558
INEX_XER-109	<dbpedia:List_of_purpose-built_capitals_of_country_subdivisions>	0.7366784811019897
INEX_XER-110	<dbpedia:List_of_Polish-language_poets>	1.055972695350647
INEX_XER-110	<dbpedia:Polish_poetry>	1.0003834962844849
INEX_XER-110	<dbpedia:António_Correia_de_Oliveira>	0.97856205701828
INEX_XER-110	<dbpedia:The_Haw_Lantern>	0.900458812713623
INEX_XER-110	<dbpedia:Growth_of_the_Soil>	0.7446508407592773
INEX_XER-110	<dbpedia:Jean-Christophe>	0.7445167899131775
INEX_XER-110	<dbpedia:The_Fish_Can_Sing>	0.7276797890663147
INEX_XER-110	<dbpedia:List_of_Nordic_Council's_Literature_Prize_winners_and_nominees>	0.6837112307548523
INEX_XER-110	<dbpedia:Humboldt's_Gift>	0.6814048290252686
INEX_XER-110	<dbpedia:Disgrace>	0.6772170066833496
INEX_XER-113	<dbpedia:2000_Monaco_Grand_Prix>	1.1015232801437378
INEX_XER-113	<dbpedia:1976_Monaco_Grand_Prix>	1.097701907157898
INEX_XER-113	<dbpedia:2005_Monaco_Grand_Prix>	1.0932945013046265
INEX_XER-113	<dbpedia:2010_Monaco_Grand_Prix>	1.0792700052261353
INEX_XER-113	<dbpedia:2012_Monaco_Grand_Prix>	0.986567497253418
INEX_XER-113	<dbpedia:1960_Monaco_Grand_Prix>	0.9539267420768738
INEX_XER-113	<dbpedia:1962_Monaco_Grand_Prix>	0.9521244168281555
INEX_XER-113	<dbpedia:1993_Monaco_Grand_Prix>	0.9458326697349548
INEX_XER-113	<dbpedia:Monaco_Grand_Prix_(video_game)>	0.9320585131645203
INEX_XER-113	<dbpedia:1989_Monaco_Grand_Prix>	0.9247139096260071
INEX_XER-114	<dbpedia:2009_Formula_BMW_Europe_season>	1.5862629413604736
INEX_XER-114	<dbpedia:Italian_Formula_Renault_Championship>	1.460047721862793
INEX_XER-114	<dbpedia:2009_Porsche_Supercup_season>	1.4467854499816895
INEX_XER-114	<dbpedia:2007_Porsche_Supercup_season>	1.4153807163238525
INEX_XER-114	<dbpedia:2002_Porsche_Supercup_season>	1.4137605428695679
INEX_XER-114	<dbpedia:2003_Porsche_Supercup_season>	1.4118314981460571
INEX_XER-114	<dbpedia:2008_Porsche_Supercup_season>	1.4115654230117798
INEX_XER-114	<dbpedia:Cornwall_MRC_Formula_1_Race>	1.3883651494979858
INEX_XER-114	<dbpedia:SCCA_Formula_Super_Vee>	1.1959519386291504
INEX_XER-114	<dbpedia:Bernhard_Auinger>	1.1533231735229492
INEX_XER-115	<dbpedia:List_of_Formula_One_World_Constructors'_Champions>	1.291881799697876
INEX_XER-115	<dbpedia:2010_Formula_One_season>	1.1820354461669922
INEX_XER-115	<dbpedia:2017_Formula_One_season>	1.1724865436553955
INEX_XER-115	<dbpedia:List_of_Formula_One_World_Constructors'_Championship_runners-up>	1.1591569185256958
INEX_XER-115	<dbpedia:1992_Formula_One_season>	1.15883469581604
INEX_XER-115	<dbpedia:Mercedes_MGP_W02>	1.1366060972213745
INEX_XER-115	<dbpedia:2001_Formula_One_season>	1.1199209690093994
INEX_XER-115	<dbpedia:List_of_Formula_One_World_Championship_points_scoring_systems>	1.0546936988830566
INEX_XER-115	<dbpedia:Onyx_Grand_Prix>	1.0357390642166138
INEX_XER-115	<dbpedia:Brabham>	1.0168933868408203
INEX_XER-116	<dbpedia:ENI_award>	1.7024732828140259
INEX_XER-116	<dbpedia:Davide_Monteleone>	1.6158705949783325
INEX_XER-116	<dbpedia:Italian_Online_Movie_Awards_2004>	1.496104121208191
INEX_XER-116	<dbpedia:Italian_Online_Movie_Awards_2005>	1.4937622547149658
INEX_XER-116	<dbpedia:Telegatto>	1.4719804525375366
INEX_XER-116	<dbpedia:Best_Swedish_Crime_Novel_Award>	1.0463069677352905
INEX_XER-116	<dbpedia:List_of_Nordic_Council's_Literature_Prize_winners_and_nominees>	0.985630452632904
INEX_XER-116	<dbpedia:O'Duffy_Cup>	0.9506192803382874
INEX_XER-116	<dbpedia:Prix_Godecharle>	0.9275479912757874
INEX_XER-116	<dbpedia:Clemens_Kuby>	0.9142733812332153
INEX_XER-117	<dbpedia:Murphy_Dunne>	1.0600450038909912
INEX_XER-117	<dbpedia:Red,_White_&_Blues>	0.8505849838256836
INEX_XER-117	<dbpedia:P.F._Pithawala>	0.8341022729873657
INEX_XER-117	<dbpedia:Charles_Levin_(actor)>	0.8137679696083069
INEX_XER-117	<dbpedia:Blues_Brothers_and_Friends:_Live_from_Chicago's_House_of_Blues>	0.768903911113739
INEX_XER-117	<dbpedia:Randy_Mixer>	0.7637415528297424
INEX_XER-117	<dbpedia:Los_Trotamúsicos>	0.7456788420677185
INEX_XER-117	<dbpedia:Jason_Ross_(actor)>	0.7310188412666321
INEX_XER-117	<dbpedia:The_Blues_Brothers_Band_Live_in_Montreux>	0.7185178399085999
INEX_XER-117	<dbpedia:Best_of_The_Blues_Brothers>	0.6926289200782776
INEX_XER-118	<dbpedia:Hotchkiss_Anjou>	1.1094833612442017
INEX_XER-118	<dbpedia:Minialuxe>	1.103271245956421
INEX_XER-118	<dbpedia:Peugeot_208>	1.0523632764816284
INEX_XER-118	<dbpedia:Citroën_concept_cars>	1.0304195880889893
INEX_XER-118	<dbpedia:Renault_Eolab>	0.9407986402511597
INEX_XER-118	<dbpedia:Renault_Laguna>	0.9340219497680664
INEX_XER-118	<dbpedia:James_Bond_Car_Collection>	0.8780739903450012
INEX_XER-118	<dbpedia:Egy-Tech_Engineering>	0.7257075309753418
INEX_XER-118	<dbpedia:Pragoti>	0.6255267262458801
INEX_XER-118	<dbpedia:List_of_car_models_commercialized_in_Argentina>	0.62096107006073
INEX_XER-119	<dbpedia:Cantons_of_Switzerland>	1.1371322870254517
INEX_XER-119	<dbpedia:Fédération_des_Entreprises_Romandes_Genève>	1.0934655666351318
INEX_XER-119	<dbpedia:Herzbaracke>	1.0785475969314575
INEX_XER-119	<dbpedia:Büsingen_am_Hochrhein>	0.9535438418388367
INEX_XER-119	<dbpedia:Jona_(river)>	0.892039954662323
INEX_XER-119	<dbpedia:Buechberg>	0.8749141693115234
INEX_XER-119	<dbpedia:Subdivisions_of_Switzerland>	0.847034752368927
INEX_XER-119	<dbpedia:Schiberg>	0.8245111703872681
INEX_XER-119	<dbpedia:Melchior_Lussy>	0.796177864074707
INEX_XER-119	<dbpedia:Swiss_University_Conference>	0.7738956212997437
INEX_XER-121	<dbpedia:Capital_Press_Club>	1.0497634410858154
INEX_XER-121	<dbpedia:List_of_Northwestern_University_presidents>	0.9313833117485046
INEX_XER-121	<dbpedia:List_of_presidents_of_the_Constitutional_Court_of_Turkey>	0.9177983999252319
INEX_XER-121	<dbpedia:Pam_Marshall>	0.8905779719352722
INEX_XER-121	<dbpedia:List_of_heads_of_state_of_Panama>	0.8366062045097351
INEX_XER-121	<dbpedia:List_of_University_of_New_Mexico_presidents>	0.8125224709510803
INEX_XER-121	<dbpedia:List_of_presidents_of_Virginia_Commonwealth_University>	0.7119418382644653
INEX_XER-121	<dbpedia:Board_of_Fortifications>	0.66411292552948
INEX_XER-121	<dbpedia:List_of_Cambridge_Union_Society_presidents>	0.6579275727272034
INEX_XER-121	<dbpedia:Hungarian_Sportspeople_of_the_Year>	0.5587381720542908
INEX_XER-122	<dbpedia:American_Film_Institute_Awards_2000>	1.017918586730957
INEX_XER-122	<dbpedia:List_of_African_film_awards>	1.0046342611312866
INEX_XER-122	<dbpedia:American_Film_Institute_Awards_2002>	0.9861115217208862
INEX_XER-122	<dbpedia:American_Film_Institute_Awards_2004>	0.9860333204269409
INEX_XER-122	<dbpedia:American_Film_Institute_Awards_2003>	0.9824957847595215
INEX_XER-122	<dbpedia:American_Film_Institute_Awards_2006>	0.9669855833053589
INEX_XER-122	<dbpedia:List_of_Polish_Academy_Award_winners_and_nominees>	0.9374883770942688
INEX_XER-122	<dbpedia:Mildred_Okwo>	0.8665587306022644
INEX_XER-122	<dbpedia:2014_Nollywood_Movies_Awards>	0.8417884111404419
INEX_XER-122	<dbpedia:Michael_Semanick>	0.8327020406723022
INEX_XER-123	<dbpedia:1974_FIFA_World_Cup_Final>	1.035858392715454
INEX_XER-123	<dbpedia:2002_FIFA_World_Cup_qualification_(CONMEBOL–OFC_play-off)>	0.9016038775444031
INEX_XER-123	<dbpedia:1986_FIFA_World_Cup_qualification_(UEFA–OFC_play-off)>	0.8940377831459045
INEX_XER-123	<dbpedia:1994_FIFA_World_Cup_qualification_(CONCACAF–OFC_play-off)>	0.8866096138954163
INEX_XER-123	<dbpedia:Israeli_25th_Anniversary_Cup>	0.8723037242889404
INEX_XER-123	<dbpedia:Björn_Nordqvist>	0.7962620258331299
INEX_XER-123	<dbpedia:Drew_Neilson>	0.7037830948829651
INEX_XER-123	<dbpedia:Futsal_Confederations_Cup>	0.6723628044128418
INEX_XER-123	<dbpedia:France_women's_national_under-17_football_team>	0.6718068718910217
INEX_XER-123	<dbpedia:Iceland_women's_national_football_team>	0.44837895035743713
INEX_XER-124	<dbpedia:Heat_and_Dust>	1.3889117240905762
INEX_XER-124	<dbpedia:The_Sea,_the_Sea>	1.383507251739502
INEX_XER-124	<dbpedia:Flaubert's_Parrot>	1.366255521774292
INEX_XER-124	<dbpedia:Keri_Hulme>	1.3346877098083496
INEX_XER-124	<dbpedia:Peter_Carey_(novelist)>	1.3128002882003784
INEX_XER-124	<dbpedia:Man_Booker_Prize>	1.3089754581451416
INEX_XER-124	<dbpedia:James_Kelman>	1.3038862943649292
INEX_XER-124	<dbpedia:The_Big_Chapel>	1.2927583456039429
INEX_XER-124	<dbpedia:Lost_Man_Booker_Prize>	1.265267252922058
INEX_XER-124	<dbpedia:A_Month_in_the_Country_(novel)>	1.2559629678726196
INEX_XER-127	<dbpedia:Carola_Veit>	1.806435465812683
INEX_XER-127	<dbpedia:Mola_Adebisi>	1.3603144884109497
INEX_XER-127	<dbpedia:Wolfgang_Burandt>	1.1871598958969116
INEX_XER-127	<dbpedia:List_of_Italian_politicians>	1.1353391408920288
INEX_XER-127	<dbpedia:Familie_Dr._Kleist>	1.0937601327896118
INEX_XER-127	<dbpedia:Peter_Roehr>	1.047716736793518
INEX_XER-127	<dbpedia:List_of_female_lieutenant_governors_in_the_United_States>	1.028851866722107
INEX_XER-127	<dbpedia:Kasper_Kisum>	0.9996774792671204
INEX_XER-127	<dbpedia:Apollo_3_(band)>	0.8973752856254578
INEX_XER-127	<dbpedia:Valea_Agrișului_River>	0.6901666522026062
