INEX_LD-2009022	<dbpedia:Sichuan_cuisine>	1.6162145137786865
INEX_LD-2009022	<dbpedia:Szałot>	1.4732215404510498
INEX_LD-2009022	<dbpedia:Peter_Chang_(chef)>	1.4059118032455444
INEX_LD-2009022	<dbpedia:Bryndzové_halušky>	1.3658983707427979
INEX_LD-2009022	<dbpedia:Hungarian_cuisine>	1.3613954782485962
INEX_LD-2009022	<dbpedia:Wodzionka>	1.351022481918335
INEX_LD-2009022	<dbpedia:Wazwan>	1.3475346565246582
INEX_LD-2009022	<dbpedia:Tekwan>	1.3430380821228027
INEX_LD-2009022	<dbpedia:Funšterc>	1.3364529609680176
INEX_LD-2009022	<dbpedia:Goulash>	1.3364202976226807
INEX_LD-2009039	<dbpedia:Ancient_Roman_architecture>	1.6397745609283447
INEX_LD-2009039	<dbpedia:Architecture_of_Rome>	1.5737078189849854
INEX_LD-2009039	<dbpedia:Roman_temple>	1.5072710514068604
INEX_LD-2009039	<dbpedia:Roman_theatre_(structure)>	1.44622004032135
INEX_LD-2009039	<dbpedia:Domvs_Romana>	1.4388213157653809
INEX_LD-2009039	<dbpedia:Porticus_Octaviae>	1.4376680850982666
INEX_LD-2009039	<dbpedia:De_architectura>	1.4327781200408936
INEX_LD-2009039	<dbpedia:Roman_Architectural_Revolution>	1.4280481338500977
INEX_LD-2009039	<dbpedia:Roman_engineering>	1.4203156232833862
INEX_LD-2009039	<dbpedia:Outline_of_classical_architecture>	1.4183104038238525
INEX_LD-2009053	<dbpedia:Saab_Automobile>	1.7355819940567017
INEX_LD-2009053	<dbpedia:Sisu_Auto>	1.7345454692840576
INEX_LD-2009053	<dbpedia:Valmet_Automotive>	1.727969765663147
INEX_LD-2009053	<dbpedia:Saab_90>	1.6988698244094849
INEX_LD-2009053	<dbpedia:Saab_9000>	1.6962084770202637
INEX_LD-2009053	<dbpedia:Sisu_SA-240>	1.6769156455993652
INEX_LD-2009053	<dbpedia:Sisu_KB-45>	1.6696288585662842
INEX_LD-2009053	<dbpedia:Saab_9-3>	1.667216420173645
INEX_LD-2009053	<dbpedia:Sisu_S-21>	1.6598185300827026
INEX_LD-2009053	<dbpedia:Saab_Group>	1.6597023010253906
INEX_LD-2009061	<dbpedia:Battle_of_Villers-Bocage>	1.5775376558303833
INEX_LD-2009061	<dbpedia:Falaise_pocket>	1.5756862163543701
INEX_LD-2009061	<dbpedia:Normandy_American_Cemetery_and_Memorial>	1.5655544996261597
INEX_LD-2009061	<dbpedia:Battle_for_Caen>	1.562971830368042
INEX_LD-2009061	<dbpedia:Écouché_in_the_Second_World_War>	1.5615521669387817
INEX_LD-2009061	<dbpedia:Normandy_Campaign>	1.5588867664337158
INEX_LD-2009061	<dbpedia:Normandy_(French_region)>	1.555960774421692
INEX_LD-2009061	<dbpedia:Battle_of_Carentan>	1.5498886108398438
INEX_LD-2009061	<dbpedia:Norman_Cota>	1.5414190292358398
INEX_LD-2009061	<dbpedia:List_of_Allied_forces_in_the_Normandy_Campaign>	1.5384935140609741
INEX_LD-2009062	<dbpedia:Group_(online_social_networking)>	1.4981175661087036
INEX_LD-2009062	<dbpedia:Social_purchasing_network>	1.4397716522216797
INEX_LD-2009062	<dbpedia:Social_circle>	1.4113328456878662
INEX_LD-2009062	<dbpedia:Grouper_social_club>	1.3874393701553345
INEX_LD-2009062	<dbpedia:Social_network_aggregation>	1.3787782192230225
INEX_LD-2009062	<dbpedia:Social_seating>	1.3680505752563477
INEX_LD-2009062	<dbpedia:Cultural_group_selection>	1.3456017971038818
INEX_LD-2009062	<dbpedia:Peer_group>	1.3433630466461182
INEX_LD-2009062	<dbpedia:Social_network_automation>	1.337937355041504
INEX_LD-2009062	<dbpedia:Group_Selection_(book)>	1.3357211351394653
INEX_LD-2009063	<dbpedia:Invasion_of_Normandy>	1.7669864892959595
INEX_LD-2009063	<dbpedia:Normandy_landings>	1.6756997108459473
INEX_LD-2009063	<dbpedia:Operation_Overlord>	1.670090913772583
INEX_LD-2009063	<dbpedia:D-Day_(military_term)>	1.6492173671722412
INEX_LD-2009063	<dbpedia:The_Longest_Day_(book)>	1.6228657960891724
INEX_LD-2009063	<dbpedia:American_airborne_landings_in_Normandy>	1.6095991134643555
INEX_LD-2009063	<dbpedia:H-hour_(D-day)>	1.6082035303115845
INEX_LD-2009063	<dbpedia:D-Day_-1>	1.6050646305084229
INEX_LD-2009063	<dbpedia:Normandy_Campaign>	1.5911537408828735
INEX_LD-2009063	<dbpedia:D-Day:_The_Great_Crusade>	1.5866870880126953
INEX_LD-2009074	<dbpedia:Scoring_algorithm>	1.3895585536956787
INEX_LD-2009074	<dbpedia:Quality_Score>	1.376958966255188
INEX_LD-2009074	<dbpedia:PageRank>	1.3416907787322998
INEX_LD-2009074	<dbpedia:Ranker>	1.3340110778808594
INEX_LD-2009074	<dbpedia:HITS_algorithm>	1.3336241245269775
INEX_LD-2009074	<dbpedia:Visibility_Scorecard>	1.3182227611541748
INEX_LD-2009074	<dbpedia:FAROO>	1.297332525253296
INEX_LD-2009074	<dbpedia:Google_Panda>	1.2908921241760254
INEX_LD-2009074	<dbpedia:Rank_SIFT>	1.283341646194458
INEX_LD-2009074	<dbpedia:TrueSkill>	1.2800407409667969
INEX_LD-2009115	<dbpedia:Virtual_Library_museums_pages>	1.7373707294464111
INEX_LD-2009115	<dbpedia:Virtual_museum>	1.732276201248169
INEX_LD-2009115	<dbpedia:Virtual_Museum_of_Canada>	1.7045435905456543
INEX_LD-2009115	<dbpedia:Virtual_Collection_of_Masterpieces>	1.6956545114517212
INEX_LD-2009115	<dbpedia:Virtual_Globes_Museum>	1.6361079216003418
INEX_LD-2009115	<dbpedia:Virtual_Museum_of_Protestantism>	1.631424069404602
INEX_LD-2009115	<dbpedia:Virtual_Museum_of_New_France>	1.6192800998687744
INEX_LD-2009115	<dbpedia:Virtual_Teaching_Collection>	1.6139960289001465
INEX_LD-2009115	<dbpedia:Virtual_Museum_of_Modern_Nigerian_Art>	1.5970323085784912
INEX_LD-2009115	<dbpedia:Virtual_Museum_of_Computing>	1.5743250846862793
INEX_LD-2010004	<dbpedia:List_of_Indian_dishes>	1.4390790462493896
INEX_LD-2010004	<dbpedia:Indian_cuisine>	1.4291017055511475
INEX_LD-2010004	<dbpedia:Anglo-Indian_cuisine>	1.4005484580993652
INEX_LD-2010004	<dbpedia:Indian_Chinese_cuisine>	1.3894853591918945
INEX_LD-2010004	<dbpedia:North_Indian_cuisine>	1.3889707326889038
INEX_LD-2010004	<dbpedia:Indian_Singaporean_cuisine>	1.3830275535583496
INEX_LD-2010004	<dbpedia:Indian_omelette>	1.3826615810394287
INEX_LD-2010004	<dbpedia:Indian_dairy_products>	1.3784241676330566
INEX_LD-2010004	<dbpedia:Pure_Indian_Foods>	1.377506971359253
INEX_LD-2010004	<dbpedia:Indian_bread>	1.3628206253051758
INEX_LD-2010014	<dbpedia:Carl_Nielsen_Museum>	1.5372949838638306
INEX_LD-2010014	<dbpedia:Musical_Museum,_Brentford>	1.5205190181732178
INEX_LD-2010014	<dbpedia:Antonín_Dvořák_Museum>	1.5137232542037964
INEX_LD-2010014	<dbpedia:House-Museum_of_Aram_Khachaturian>	1.51065993309021
INEX_LD-2010014	<dbpedia:Museu_da_Música>	1.5030736923217773
INEX_LD-2010014	<dbpedia:International_Museum_and_Library_of_Music_of_Bologna>	1.4764615297317505
INEX_LD-2010014	<dbpedia:Museum_of_Making_Music>	1.4626779556274414
INEX_LD-2010014	<dbpedia:Virginia_Musical_Museum>	1.4515036344528198
INEX_LD-2010014	<dbpedia:National_Music_Museum>	1.4383294582366943
INEX_LD-2010014	<dbpedia:Music_Museum_of_Macedonia>	1.4351361989974976
INEX_LD-2010019	<dbpedia:Gallo-Roman_Museum,_Lyon>	1.596684455871582
INEX_LD-2010019	<dbpedia:Maison_Carrée>	1.4676240682601929
INEX_LD-2010019	<dbpedia:Vesunna_Gallo-Roman_Museum>	1.4458446502685547
INEX_LD-2010019	<dbpedia:Gallo-Roman_Museum,_Tongeren>	1.4450483322143555
INEX_LD-2010019	<dbpedia:Roman-Gaul_Baths_of_Entrammes>	1.4431124925613403
INEX_LD-2010019	<dbpedia:Arènes_de_Lutèce>	1.4300553798675537
INEX_LD-2010019	<dbpedia:Le_Marais>	1.4022879600524902
INEX_LD-2010019	<dbpedia:Notre-Dame_de_la_Daurade>	1.389162540435791
INEX_LD-2010019	<dbpedia:Jean-Pierre_Adam>	1.3859325647354126
INEX_LD-2010019	<dbpedia:Carré_d'Art>	1.3847659826278687
INEX_LD-2010020	<dbpedia:Wind_power_in_France>	1.6706418991088867
INEX_LD-2010020	<dbpedia:Electricity_sector_in_France>	1.6479123830795288
INEX_LD-2010020	<dbpedia:Nuclear_power_in_France>	1.6427768468856812
INEX_LD-2010020	<dbpedia:Électricité_de_France>	1.6422027349472046
INEX_LD-2010020	<dbpedia:Energy_in_France>	1.6069278717041016
INEX_LD-2010020	<dbpedia:Cordemais_Power_Station>	1.4726066589355469
INEX_LD-2010020	<dbpedia:Solar_power_in_France>	1.4690182209014893
INEX_LD-2010020	<dbpedia:La_Coche_Power_Station>	1.4664196968078613
INEX_LD-2010020	<dbpedia:List_of_French_electric_utilities>	1.4659690856933594
INEX_LD-2010020	<dbpedia:Energy_in_Senegal>	1.445180892944336
INEX_LD-2010037	<dbpedia:GNU_social>	1.3523200750350952
INEX_LD-2010037	<dbpedia:Social_network_aggregation>	1.346086025238037
INEX_LD-2010037	<dbpedia:Socialwok>	1.3334051370620728
INEX_LD-2010037	<dbpedia:Gnip>	1.3311290740966797
INEX_LD-2010037	<dbpedia:Social_network_automation>	1.3261195421218872
INEX_LD-2010037	<dbpedia:The_Social_Network_(soundtrack)>	1.3201169967651367
INEX_LD-2010037	<dbpedia:Social_mobile_application>	1.3131409883499146
INEX_LD-2010037	<dbpedia:Pump.io>	1.311712384223938
INEX_LD-2010037	<dbpedia:New_API>	1.3084946870803833
INEX_LD-2010037	<dbpedia:Social_VPN>	1.3036540746688843
INEX_LD-2010043	<dbpedia:Surrealist_cinema>	1.5737497806549072
INEX_LD-2010043	<dbpedia:List_of_films_influenced_by_the_Surrealist_movement>	1.54299795627594
INEX_LD-2010043	<dbpedia:Top_lista_nadrealista>	1.3769662380218506
INEX_LD-2010043	<dbpedia:List_of_avant-garde_films>	1.3455389738082886
INEX_LD-2010043	<dbpedia:Impressions_de_la_Haute_Mongolie>	1.341484546661377
INEX_LD-2010043	<dbpedia:List_of_Surrealist_poets>	1.3300981521606445
INEX_LD-2010043	<dbpedia:List_of_avant-garde_films_of_the_1960s:_1960–1964>	1.328993320465088
INEX_LD-2010043	<dbpedia:Absurda>	1.3240275382995605
INEX_LD-2010043	<dbpedia:List_of_films_featuring_hallucinogens>	1.3211541175842285
INEX_LD-2010043	<dbpedia:Anemic_Cinema>	1.3201618194580078
INEX_LD-2010057	<dbpedia:Theory_of_relativity>	1.5874229669570923
INEX_LD-2010057	<dbpedia:Einstein_aether_theory>	1.5643260478973389
INEX_LD-2010057	<dbpedia:Einstein–Cartan_theory>	1.5403920412063599
INEX_LD-2010057	<dbpedia:Einstein–Cartan–Evans_theory>	1.5315653085708618
INEX_LD-2010057	<dbpedia:History_of_loop_quantum_gravity>	1.5235050916671753
INEX_LD-2010057	<dbpedia:Weyl_curvature_hypothesis>	1.522530436515808
INEX_LD-2010057	<dbpedia:The_Einstein_Theory_of_Relativity>	1.5041998624801636
INEX_LD-2010057	<dbpedia:Special_relativity_(alternative_formulations)>	1.5004611015319824
INEX_LD-2010057	<dbpedia:Criticism_of_the_theory_of_relativity>	1.498741865158081
INEX_LD-2010057	<dbpedia:Relativity_priority_dispute>	1.4945051670074463
INEX_LD-2010069	<dbpedia:List_of_early_summer_flowers>	1.5836224555969238
INEX_LD-2010069	<dbpedia:Summerhayesia>	1.5734554529190063
INEX_LD-2010069	<dbpedia:Buddleja_'Summer_Rose'>	1.5042897462844849
INEX_LD-2010069	<dbpedia:Buddleja_'Summer_Beauty'>	1.5013171434402466
INEX_LD-2010069	<dbpedia:Flowers_(Ace_of_Base_album)>	1.4938578605651855
INEX_LD-2010069	<dbpedia:Spiranthes_aestivalis>	1.4799609184265137
INEX_LD-2010069	<dbpedia:Corymbia_'Summer_Red'>	1.4237921237945557
INEX_LD-2010069	<dbpedia:Silene_stellata>	1.423276424407959
INEX_LD-2010069	<dbpedia:Aechmea_'Summerland'>	1.3987281322479248
INEX_LD-2010069	<dbpedia:Buddleja_'Summer_Frost'>	1.3977020978927612
INEX_LD-2010100	<dbpedia:J._A._Wood_House>	1.463937759399414
INEX_LD-2010100	<dbpedia:Charles_Macdonald_Concrete_House_Museum>	1.4407095909118652
INEX_LD-2010100	<dbpedia:House_at_712_N._Mill_Street>	1.3994593620300293
INEX_LD-2010100	<dbpedia:Concrete_furniture>	1.392869472503662
INEX_LD-2010100	<dbpedia:House_at_130_Mohegan_Avenue>	1.3859515190124512
INEX_LD-2010100	<dbpedia:Wood_Freeman_House_No._2>	1.385548710823059
INEX_LD-2010100	<dbpedia:Mesa_House>	1.379274845123291
INEX_LD-2010100	<dbpedia:Airey_house>	1.3727219104766846
INEX_LD-2010100	<dbpedia:Wood_Freeman_House_No._1>	1.3611856698989868
INEX_LD-2010100	<dbpedia:Wood-Harrison_House>	1.3507026433944702
INEX_LD-2010106	<dbpedia:Organic_food>	1.4298638105392456
INEX_LD-2010106	<dbpedia:Organic_farming_and_biodiversity>	1.3752073049545288
INEX_LD-2010106	<dbpedia:Index_of_organic_food_articles>	1.3362950086593628
INEX_LD-2010106	<dbpedia:Organic_farming>	1.3325296640396118
INEX_LD-2010106	<dbpedia:History_of_organic_farming>	1.2860348224639893
INEX_LD-2010106	<dbpedia:Metabolic_advantage>	1.2558146715164185
INEX_LD-2010106	<dbpedia:Organic_beef>	1.2150691747665405
INEX_LD-2010106	<dbpedia:Korean_natural_farming>	1.208082675933838
INEX_LD-2010106	<dbpedia:Organic_product>	1.204493522644043
INEX_LD-2010106	<dbpedia:Organic_farming_by_country>	1.1898502111434937
INEX_LD-20120111	<dbpedia:Vietnam_War_Story_II>	1.680940866470337
INEX_LD-20120111	<dbpedia:Vietnam_War_in_film>	1.6424208879470825
INEX_LD-20120111	<dbpedia:Vietnam!_Vietnam!>	1.6404539346694946
INEX_LD-20120111	<dbpedia:A_Face_of_War>	1.6010396480560303
INEX_LD-20120111	<dbpedia:Good_Morning,_Vietnam>	1.5752930641174316
INEX_LD-20120111	<dbpedia:Vietnam:_The_Camera_At_War>	1.5613157749176025
INEX_LD-20120111	<dbpedia:Operation_Warzone>	1.5569531917572021
INEX_LD-20120111	<dbpedia:17th_Parallel:_Vietnam_in_War>	1.5535385608673096
INEX_LD-20120111	<dbpedia:Vietnam_(miniseries)>	1.5513548851013184
INEX_LD-20120111	<dbpedia:The_Boys_in_Company_C>	1.550127387046814
INEX_LD-20120121	<dbpedia:List_of_Vietnamese_dishes>	1.658280849456787
INEX_LD-20120121	<dbpedia:Vietnamese_cuisine>	1.6467056274414062
INEX_LD-20120121	<dbpedia:Vietnamese_noodles>	1.5898430347442627
INEX_LD-20120121	<dbpedia:List_of_Vietnamese_ingredients>	1.583133578300476
INEX_LD-20120121	<dbpedia:Gỏi_cuốn>	1.5715423822402954
INEX_LD-20120121	<dbpedia:Bánh_bột_chiên>	1.5619232654571533
INEX_LD-20120121	<dbpedia:Bánh_hỏi>	1.538981318473816
INEX_LD-20120121	<dbpedia:Canh_chua>	1.5271828174591064
INEX_LD-20120121	<dbpedia:Bánh>	1.523997187614441
INEX_LD-20120121	<dbpedia:Bánh_cốm>	1.5138180255889893
INEX_LD-20120122	<dbpedia:List_of_Vietnamese_dishes>	1.5279637575149536
INEX_LD-20120122	<dbpedia:Vietnamese_cuisine>	1.4998457431793213
INEX_LD-20120122	<dbpedia:Bánh_cốm>	1.4661774635314941
INEX_LD-20120122	<dbpedia:Vietnamese_eggplant>	1.4502278566360474
INEX_LD-20120122	<dbpedia:Luke_Nguyen's_Vietnam>	1.4486942291259766
INEX_LD-20120122	<dbpedia:Vietnamese_noodles>	1.4481920003890991
INEX_LD-20120122	<dbpedia:List_of_Vietnamese_ingredients>	1.4381264448165894
INEX_LD-20120122	<dbpedia:Bánh>	1.4360133409500122
INEX_LD-20120122	<dbpedia:Gỏi_cuốn>	1.431218147277832
INEX_LD-20120122	<dbpedia:Cốm>	1.4311586618423462
INEX_LD-20120131	<dbpedia:Cúc_Phương_National_Park>	1.6818546056747437
INEX_LD-20120131	<dbpedia:Phong_Nha-Kẻ_Bàng_National_Park>	1.6781654357910156
INEX_LD-20120131	<dbpedia:List_of_national_parks_of_Vietnam>	1.6662096977233887
INEX_LD-20120131	<dbpedia:Bidoup_Núi_Bà_National_Park>	1.6555255651474
INEX_LD-20120131	<dbpedia:Lower_U_Minh_National_Park>	1.6434036493301392
INEX_LD-20120131	<dbpedia:Bù_Gia_Mập_National_Park>	1.6407926082611084
INEX_LD-20120131	<dbpedia:Lò_Gò-Xa_Mát_National_Park>	1.6404205560684204
INEX_LD-20120131	<dbpedia:Bạch_Mã_National_Park>	1.634342908859253
INEX_LD-20120131	<dbpedia:Xuân_Thủy_National_Park>	1.6328716278076172
INEX_LD-20120131	<dbpedia:Xuân_Sơn_National_Park>	1.6317248344421387
INEX_LD-20120211	<dbpedia:C_tuning_(guitar)>	1.6716312170028687
INEX_LD-20120211	<dbpedia:Open_C_tuning>	1.6564079523086548
INEX_LD-20120211	<dbpedia:Guitar_tunings>	1.6163902282714844
INEX_LD-20120211	<dbpedia:Universal_tuning>	1.61077082157135
INEX_LD-20120211	<dbpedia:E♭_tuning>	1.6034440994262695
INEX_LD-20120211	<dbpedia:B_tuning>	1.6023716926574707
INEX_LD-20120211	<dbpedia:Guitar_chord>	1.5946755409240723
INEX_LD-20120211	<dbpedia:D♭_tuning>	1.5927616357803345
INEX_LD-20120211	<dbpedia:Open_B_tuning>	1.590944766998291
INEX_LD-20120211	<dbpedia:B♭_tuning>	1.5820856094360352
INEX_LD-20120221	<dbpedia:Bibliography_of_classical_guitar>	1.6851743459701538
INEX_LD-20120221	<dbpedia:Flamenco_guitar>	1.6741191148757935
INEX_LD-20120221	<dbpedia:Classical_guitar>	1.6283668279647827
INEX_LD-20120221	<dbpedia:Spanish_guitar>	1.5587096214294434
INEX_LD-20120221	<dbpedia:Ronald_Radford>	1.545076847076416
INEX_LD-20120221	<dbpedia:Dos_guitarras_flamencas>	1.5446741580963135
INEX_LD-20120221	<dbpedia:New_Flamenco>	1.5440130233764648
INEX_LD-20120221	<dbpedia:Ten-string_classical_guitar_of_Yepes>	1.539567232131958
INEX_LD-20120221	<dbpedia:Lester_DeVoe>	1.530388355255127
INEX_LD-20120221	<dbpedia:Juan_Miguel_Carmona>	1.5154914855957031
INEX_LD-20120231	<dbpedia:Russian_guitar>	1.8510074615478516
INEX_LD-20120231	<dbpedia:Poyushchiye_Gitary>	1.7536532878875732
INEX_LD-20120231	<dbpedia:Ivan_Nikolayevich_Smirnov>	1.7119688987731934
INEX_LD-20120231	<dbpedia:Gusli>	1.6327223777770996
INEX_LD-20120231	<dbpedia:Oleg_Timofeyev>	1.6312845945358276
INEX_LD-20120231	<dbpedia:Sasha_Kolpakov>	1.627693772315979
INEX_LD-20120231	<dbpedia:Anastasia_Bardina>	1.605661153793335
INEX_LD-20120231	<dbpedia:Mashina_Vremeni>	1.603043556213379
INEX_LD-20120231	<dbpedia:Andrei_Sychra>	1.5541784763336182
INEX_LD-20120231	<dbpedia:Kalinov_Most>	1.5519980192184448
INEX_LD-20120232	<dbpedia:Electric_blues>	1.631807804107666
INEX_LD-20120232	<dbpedia:British_blues>	1.6142984628677368
INEX_LD-20120232	<dbpedia:Delta_blues>	1.557694435119629
INEX_LD-20120232	<dbpedia:Blues>	1.5562183856964111
INEX_LD-20120232	<dbpedia:Origins_of_the_blues>	1.5520246028900146
INEX_LD-20120232	<dbpedia:Green_Guitar_Blues>	1.5420589447021484
INEX_LD-20120232	<dbpedia:Saint_Blues_Guitar_Workshop>	1.534876823425293
INEX_LD-20120232	<dbpedia:List_of_Chicago_blues_musicians>	1.5274889469146729
INEX_LD-20120232	<dbpedia:Peavey_Delta_Blues_115>	1.526255488395691
INEX_LD-20120232	<dbpedia:Fender_Blues_Junior>	1.5260635614395142
INEX_LD-20120311	<dbpedia:Tango_(1998_film)>	1.604217290878296
INEX_LD-20120311	<dbpedia:The_Tango_Lesson>	1.6035912036895752
INEX_LD-20120311	<dbpedia:Tango_Feroz>	1.5799843072891235
INEX_LD-20120311	<dbpedia:Tango_(1993_film)>	1.5622291564941406
INEX_LD-20120311	<dbpedia:Tango_Bar>	1.5557234287261963
INEX_LD-20120311	<dbpedia:12_Tangos>	1.5556107759475708
INEX_LD-20120311	<dbpedia:The_Soul_of_a_Tango>	1.5503554344177246
INEX_LD-20120311	<dbpedia:Tango_&_Cash>	1.5370252132415771
INEX_LD-20120311	<dbpedia:Academia_El_Tango_Argentino>	1.5269848108291626
INEX_LD-20120311	<dbpedia:Una_Historia_de_tango>	1.5256884098052979
INEX_LD-20120312	<dbpedia:Tango>	1.580994725227356
INEX_LD-20120312	<dbpedia:History_of_the_tango>	1.5375468730926514
INEX_LD-20120312	<dbpedia:Tango_music>	1.523392677307129
INEX_LD-20120312	<dbpedia:Academia_Nacional_del_Tango_de_la_República_Argentina>	1.5017526149749756
INEX_LD-20120312	<dbpedia:Finnish_tango>	1.5010781288146973
INEX_LD-20120312	<dbpedia:Tango-Amanohashidate-Ōeyama_Quasi-National_Park>	1.4813817739486694
INEX_LD-20120312	<dbpedia:Argentine_tango>	1.4806106090545654
INEX_LD-20120312	<dbpedia:Turkish_tango_music>	1.479645848274231
INEX_LD-20120312	<dbpedia:Uruguayan_tango>	1.478721261024475
INEX_LD-20120312	<dbpedia:Tango_(mythology)>	1.4770973920822144
INEX_LD-20120321	<dbpedia:Mariano_Mores>	1.6544392108917236
INEX_LD-20120321	<dbpedia:Tango_(Stravinsky)>	1.643646478652954
INEX_LD-20120321	<dbpedia:Mario_Maurano>	1.626875400543213
INEX_LD-20120321	<dbpedia:Carlos_Acuña>	1.6221873760223389
INEX_LD-20120321	<dbpedia:Pablo_Ziegler>	1.6025311946868896
INEX_LD-20120321	<dbpedia:Enrique_Santos_Discépolo>	1.5972191095352173
INEX_LD-20120321	<dbpedia:Manuel_Campoamor>	1.5959458351135254
INEX_LD-20120321	<dbpedia:Carlos_Libedinsky>	1.5952844619750977
INEX_LD-20120321	<dbpedia:Francisco_Lomuto>	1.5885393619537354
INEX_LD-20120321	<dbpedia:Histoire_du_Tango>	1.58676278591156
INEX_LD-20120331	<dbpedia:Ballroom_tango>	1.659974217414856
INEX_LD-20120331	<dbpedia:History_of_the_tango>	1.6027889251708984
INEX_LD-20120331	<dbpedia:Milonguero_style>	1.6026191711425781
INEX_LD-20120331	<dbpedia:Argentine_tango>	1.5973248481750488
INEX_LD-20120331	<dbpedia:Tango_music>	1.594384789466858
INEX_LD-20120331	<dbpedia:Tangolates>	1.592776894569397
INEX_LD-20120331	<dbpedia:Tango>	1.589493751525879
INEX_LD-20120331	<dbpedia:Milonga_(dance)>	1.5817880630493164
INEX_LD-20120331	<dbpedia:Finnish_tango>	1.5665476322174072
INEX_LD-20120331	<dbpedia:Tango_(flamenco)>	1.5597267150878906
INEX_LD-20120332	<dbpedia:History_of_the_tango>	1.7054325342178345
INEX_LD-20120332	<dbpedia:Tango>	1.6457867622375488
INEX_LD-20120332	<dbpedia:Tango_(Balanchine)>	1.5833585262298584
INEX_LD-20120332	<dbpedia:Una_Historia_de_tango>	1.5768013000488281
INEX_LD-20120332	<dbpedia:Histoire_du_Tango>	1.5658221244812012
INEX_LD-20120332	<dbpedia:Antón_Gazenbeek>	1.5259329080581665
INEX_LD-20120332	<dbpedia:Historia_del_tango>	1.5180654525756836
INEX_LD-20120332	<dbpedia:Ballroom_tango>	1.5153192281723022
INEX_LD-20120332	<dbpedia:Argentine_tango>	1.512579083442688
INEX_LD-20120332	<dbpedia:Turkish_tango_music>	1.501499056816101
INEX_LD-20120411	<dbpedia:Cycle_sport>	1.4989169836044312
INEX_LD-20120411	<dbpedia:Road_bicycle_racing>	1.4846923351287842
INEX_LD-20120411	<dbpedia:Rolling_Thunder_Cyclocross_Race>	1.474534034729004
INEX_LD-20120411	<dbpedia:Cycling_at_the_Summer_Olympics>	1.4484341144561768
INEX_LD-20120411	<dbpedia:Cycling_at_the_2000_Summer_Olympics>	1.4365392923355103
INEX_LD-20120411	<dbpedia:Bicycle_Race>	1.4302089214324951
INEX_LD-20120411	<dbpedia:Racing_bicycle>	1.4268555641174316
INEX_LD-20120411	<dbpedia:6_Day_Race>	1.424259901046753
INEX_LD-20120411	<dbpedia:Mountain_bike_racing>	1.4240778684616089
INEX_LD-20120411	<dbpedia:Race_Horizon_Park>	1.41929030418396
INEX_LD-20120412	<dbpedia:Cycle_sport>	1.638733148574829
INEX_LD-20120412	<dbpedia:Cycling_at_the_2000_Summer_Olympics>	1.5697253942489624
INEX_LD-20120412	<dbpedia:Cross-country_cycling>	1.566802978515625
INEX_LD-20120412	<dbpedia:Artistic_cycling>	1.5101900100708008
INEX_LD-20120412	<dbpedia:Cycling_at_the_Summer_Universiade>	1.5013422966003418
INEX_LD-20120412	<dbpedia:Cycling_Sport>	1.4865107536315918
INEX_LD-20120412	<dbpedia:Bicycle_transportation_planning_and_engineering>	1.4800196886062622
INEX_LD-20120412	<dbpedia:Road_cycling>	1.47818922996521
INEX_LD-20120412	<dbpedia:Cycle_ball>	1.46879243850708
INEX_LD-20120412	<dbpedia:Cycling_at_the_2016_Summer_Paralympics>	1.4607021808624268
INEX_LD-20120421	<dbpedia:Cycling_demonstration_towns>	1.560110092163086
INEX_LD-20120421	<dbpedia:Holiday_Park,_Germany>	1.3736300468444824
INEX_LD-20120421	<dbpedia:Cycling_in_Munich>	1.3563765287399292
INEX_LD-20120421	<dbpedia:Cape_Town_Cycle_Tour>	1.3254626989364624
INEX_LD-20120421	<dbpedia:Landal_Greenparks>	1.3188142776489258
INEX_LD-20120421	<dbpedia:Les_Bois-Francs>	1.317531943321228
INEX_LD-20120421	<dbpedia:Holiday_Villages_of_Landal_Greenparks>	1.315467119216919
INEX_LD-20120421	<dbpedia:Bikecentennial>	1.312696099281311
INEX_LD-20120421	<dbpedia:Eleven_Cities_Cycling_Tour>	1.3113763332366943
INEX_LD-20120421	<dbpedia:BikeTown_Africa>	1.3032640218734741
INEX_LD-20120422	<dbpedia:Clorophilla>	1.4165682792663574
INEX_LD-20120422	<dbpedia:Bikecentennial>	1.3705763816833496
INEX_LD-20120422	<dbpedia:Bike_Friday>	1.3568365573883057
INEX_LD-20120422	<dbpedia:BEE_Japan>	1.3567609786987305
INEX_LD-20120422	<dbpedia:Cross_Country_Cycling_Classic>	1.3301388025283813
INEX_LD-20120422	<dbpedia:Bike_Week_(Bicycle_Week)>	1.3269736766815186
INEX_LD-20120422	<dbpedia:LOTOJA>	1.324099063873291
INEX_LD-20120422	<dbpedia:Fietsvierdaagse>	1.3156943321228027
INEX_LD-20120422	<dbpedia:Tour_of_Nilgiris>	1.3150968551635742
INEX_LD-20120422	<dbpedia:North_Star_Bicycle_Festival>	1.3128292560577393
INEX_LD-20120431	<dbpedia:Bicycle_poverty_reduction>	1.5200296640396118
INEX_LD-20120431	<dbpedia:Bicycle-friendly>	1.4265393018722534
INEX_LD-20120431	<dbpedia:Utility_cycling>	1.3715131282806396
INEX_LD-20120431	<dbpedia:Utility_bicycle>	1.3616126775741577
INEX_LD-20120431	<dbpedia:Bicycling_and_feminism>	1.3281667232513428
INEX_LD-20120431	<dbpedia:Bicycle_commuting>	1.3214973211288452
INEX_LD-20120431	<dbpedia:Atlanta_Bicycle_Coalition>	1.3041517734527588
INEX_LD-20120431	<dbpedia:Cycling_in_Illinois>	1.2991483211517334
INEX_LD-20120431	<dbpedia:World_Bicycle_Relief>	1.298720121383667
INEX_LD-20120431	<dbpedia:Cycle_to_Work_scheme>	1.2958016395568848
INEX_LD-20120511	<dbpedia:List_of_female_rock_singers>	1.5922495126724243
INEX_LD-20120511	<dbpedia:Rock_Goddess>	1.4736614227294922
INEX_LD-20120511	<dbpedia:Wanda_Jackson>	1.4659504890441895
INEX_LD-20120511	<dbpedia:ROCKRGRL>	1.461692452430725
INEX_LD-20120511	<dbpedia:Magali_Luyten>	1.4607349634170532
INEX_LD-20120511	<dbpedia:List_of_female_heavy_metal_singers>	1.4549362659454346
INEX_LD-20120511	<dbpedia:Ann_Wilson>	1.4481573104858398
INEX_LD-20120511	<dbpedia:Grammy_Award_for_Best_Female_Rock_Vocal_Performance>	1.429025411605835
INEX_LD-20120511	<dbpedia:Suzi_Quatro>	1.4224979877471924
INEX_LD-20120511	<dbpedia:Tishma>	1.4221912622451782
INEX_LD-20120512	<dbpedia:Apink>	1.7672783136367798
INEX_LD-20120512	<dbpedia:Girls'_Generation>	1.7080836296081543
INEX_LD-20120512	<dbpedia:Brave_Girls>	1.7023988962173462
INEX_LD-20120512	<dbpedia:Wonder_Girls>	1.688412070274353
INEX_LD-20120512	<dbpedia:LPG_(South_Korean_band)>	1.673021674156189
INEX_LD-20120512	<dbpedia:List_of_South_Korean_idol_groups>	1.663137674331665
INEX_LD-20120512	<dbpedia:Bob_Girls>	1.6609519720077515
INEX_LD-20120512	<dbpedia:Korea_Girl>	1.660614013671875
INEX_LD-20120512	<dbpedia:Red_Velvet_(band)>	1.6545497179031372
INEX_LD-20120512	<dbpedia:Girls'_Generation-TTS>	1.6480365991592407
INEX_LD-20120521	<dbpedia:List_of_electronic_music_genres>	1.653241753578186
INEX_LD-20120521	<dbpedia:Electronica>	1.6260344982147217
INEX_LD-20120521	<dbpedia:Alternative_electronic>	1.6193516254425049
INEX_LD-20120521	<dbpedia:German_electronic_music>	1.5950586795806885
INEX_LD-20120521	<dbpedia:Electronicore>	1.5944652557373047
INEX_LD-20120521	<dbpedia:List_of_Christian_dance,_electronic,_and_techno_artists>	1.5439069271087646
INEX_LD-20120521	<dbpedia:Electronic_music>	1.5419877767562866
INEX_LD-20120521	<dbpedia:Electro_(music)>	1.5258673429489136
INEX_LD-20120521	<dbpedia:Electronic_dance_music>	1.5179839134216309
INEX_LD-20120521	<dbpedia:Christian_electronic_dance_music>	1.5160646438598633
INEX_LD-20120522	<dbpedia:MusicXML>	1.6441582441329956
INEX_LD-20120522	<dbpedia:GUIDO_music_notation>	1.6397655010223389
INEX_LD-20120522	<dbpedia:Common_Music_Notation>	1.6332862377166748
INEX_LD-20120522	<dbpedia:List_of_Online_Digital_Musical_Document_Libraries>	1.6068342924118042
INEX_LD-20120522	<dbpedia:Simplified_music_notation>	1.5978518724441528
INEX_LD-20120522	<dbpedia:Digital_sheet_music>	1.5758754014968872
INEX_LD-20120522	<dbpedia:Daseian_notation>	1.557437777519226
INEX_LD-20120522	<dbpedia:DLS_format>	1.5569705963134766
INEX_LD-20120522	<dbpedia:Musical_notation>	1.544746994972229
INEX_LD-20120522	<dbpedia:Music_Works>	1.542182207107544
INEX_LD-20120531	<dbpedia:The_International_Music_Conference>	1.8289228677749634
INEX_LD-20120531	<dbpedia:Millennium_Music_Conference>	1.7718874216079712
INEX_LD-20120531	<dbpedia:Midwest_Clinic>	1.7701482772827148
INEX_LD-20120531	<dbpedia:Winter_Music_Conference>	1.73818039894104
INEX_LD-20120531	<dbpedia:International_Computer_Music_Conference>	1.6610575914382935
INEX_LD-20120531	<dbpedia:Americana_Music_Festival_&_Conference>	1.6602704524993896
INEX_LD-20120531	<dbpedia:Atlantis_Music_Conference>	1.6448436975479126
INEX_LD-20120531	<dbpedia:Musical_Arts_Conference>	1.6425589323043823
INEX_LD-20120531	<dbpedia:International_Music_Summit>	1.624833583831787
INEX_LD-20120531	<dbpedia:MusicLearningLive>	1.6174100637435913
INEX_LD-20120532	<dbpedia:International_Intellectual_Property_Alliance>	1.6146129369735718
INEX_LD-20120532	<dbpedia:Intellectual_Property_Committee>	1.5877931118011475
INEX_LD-20120532	<dbpedia:The_Intellectual_Property_Lawyers'_Organisation>	1.570295810699463
INEX_LD-20120532	<dbpedia:All_Party_Parliamentary_Intellectual_Property_Group>	1.5620832443237305
INEX_LD-20120532	<dbpedia:Intellectual_property_organization>	1.5536922216415405
INEX_LD-20120532	<dbpedia:Japan_Intellectual_Property_Association>	1.5459949970245361
INEX_LD-20120532	<dbpedia:Intellectual_Property_Watch>	1.522945523262024
INEX_LD-20120532	<dbpedia:International_Association_for_the_Protection_of_Intellectual_Property>	1.5195426940917969
INEX_LD-20120532	<dbpedia:Intellectual_Property_Law_Association_of_Chicago>	1.515138030052185
INEX_LD-20120532	<dbpedia:Chicago_Intellectual_Property_Alliance>	1.5079091787338257
INEX_LD-2012301	<dbpedia:Niagara_Falls>	1.5375430583953857
INEX_LD-2012301	<dbpedia:T_Lake_Falls>	1.5022201538085938
INEX_LD-2012301	<dbpedia:Niagara_Falls,_Ontario>	1.4550390243530273
INEX_LD-2012301	<dbpedia:Niagara_Falls_State_Park>	1.4549962282180786
INEX_LD-2012301	<dbpedia:Niagara_Falls,_from_the_American_Side>	1.4424896240234375
INEX_LD-2012301	<dbpedia:Niagara_River>	1.433599591255188
INEX_LD-2012301	<dbpedia:Table_Rock,_Niagara_Falls>	1.4306904077529907
INEX_LD-2012301	<dbpedia:Niagara_Whirlpool>	1.4305015802383423
INEX_LD-2012301	<dbpedia:Horseshoe_Falls>	1.429180383682251
INEX_LD-2012301	<dbpedia:Niagara_Falls_City_Hall>	1.4282047748565674
INEX_LD-2012303	<dbpedia:Coccidioidomycosis>	1.8966310024261475
INEX_LD-2012303	<dbpedia:Coccidioides>	1.7174005508422852
INEX_LD-2012303	<dbpedia:Rift_Valley_fever>	1.5099397897720337
INEX_LD-2012303	<dbpedia:Coccidioides_posadasii>	1.4861119985580444
INEX_LD-2012303	<dbpedia:Tularemia>	1.4469003677368164
INEX_LD-2012303	<dbpedia:Arthroconidium>	1.4176626205444336
INEX_LD-2012303	<dbpedia:Yersinia_pseudotuberculosis>	1.3931779861450195
INEX_LD-2012303	<dbpedia:Bayou_virus>	1.3806746006011963
INEX_LD-2012303	<dbpedia:Campylocarpon_pseudofasciculare>	1.3628935813903809
INEX_LD-2012303	<dbpedia:Bayoud_disease>	1.3511004447937012
INEX_LD-2012305	<dbpedia:Red_River_of_the_North>	1.5321226119995117
INEX_LD-2012305	<dbpedia:Green_River_(North_Dakota)>	1.4492895603179932
INEX_LD-2012305	<dbpedia:Goose_River_(North_Dakota)>	1.437266230583191
INEX_LD-2012305	<dbpedia:Wild_Rice_River_(North_Dakota)>	1.4273157119750977
INEX_LD-2012305	<dbpedia:Bois_de_Sioux_River>	1.3916513919830322
INEX_LD-2012305	<dbpedia:Turtle_River_(North_Dakota)>	1.3862619400024414
INEX_LD-2012305	<dbpedia:Little_Muddy_Creek_(North_Dakota)>	1.385962963104248
INEX_LD-2012305	<dbpedia:Little_Missouri_River_(North_Dakota)>	1.3763967752456665
INEX_LD-2012305	<dbpedia:Dark_River_(Minnesota)>	1.3759355545043945
INEX_LD-2012305	<dbpedia:Shallow_North_Dakota>	1.3750746250152588
INEX_LD-2012309	<dbpedia:Burmese_Malays>	1.4539475440979004
INEX_LD-2012309	<dbpedia:Malay_Peninsula>	1.449009895324707
INEX_LD-2012309	<dbpedia:Ethnic_Malays>	1.4372528791427612
INEX_LD-2012309	<dbpedia:Peninsular_Malaysia>	1.370513916015625
INEX_LD-2012309	<dbpedia:Malaysian_Chinese>	1.3585708141326904
INEX_LD-2012309	<dbpedia:Malaysian_Malay>	1.343225121498108
INEX_LD-2012309	<dbpedia:Seberang_Perai>	1.3405747413635254
INEX_LD-2012309	<dbpedia:Johor_Bahru>	1.3305246829986572
INEX_LD-2012309	<dbpedia:Malaysians>	1.323124647140503
INEX_LD-2012309	<dbpedia:Tanjung_Piai>	1.3224925994873047
INEX_LD-2012311	<dbpedia:(Just_Like)_Starting_Over>	1.7577123641967773
INEX_LD-2012311	<dbpedia:S.I.R._John_Winston_Ono_Lennon>	1.662414789199829
INEX_LD-2012311	<dbpedia:Yokokimthurston>	1.635839819908142
INEX_LD-2012311	<dbpedia:John_Lennon/Plastic_Ono_Band>	1.6278343200683594
INEX_LD-2012311	<dbpedia:Season_of_Glass>	1.6066784858703613
INEX_LD-2012311	<dbpedia:Double_Fantasy>	1.5981190204620361
INEX_LD-2012311	<dbpedia:Rising_(Yoko_Ono_album)>	1.5960056781768799
INEX_LD-2012311	<dbpedia:Unfinished_Music_No._1:_Two_Virgins>	1.5846794843673706
INEX_LD-2012311	<dbpedia:Approximately_Infinite_Universe>	1.5785090923309326
INEX_LD-2012311	<dbpedia:Rock_'n'_Roll_(John_Lennon_album)>	1.5657135248184204
INEX_LD-2012313	<dbpedia:Barton_Fink>	2.027059316635132
INEX_LD-2012313	<dbpedia:John_Turturro>	1.730914831161499
INEX_LD-2012313	<dbpedia:David_Diliberto>	1.6047638654708862
INEX_LD-2012313	<dbpedia:Miller's_Crossing>	1.5924254655838013
INEX_LD-2012313	<dbpedia:List_of_accolades_received_by_True_Grit>	1.5697113275527954
INEX_LD-2012313	<dbpedia:Coen_brothers>	1.5672478675842285
INEX_LD-2012313	<dbpedia:True_Grit_(2010_film)>	1.541390061378479
INEX_LD-2012313	<dbpedia:Coen_brothers_filmography>	1.5030651092529297
INEX_LD-2012313	<dbpedia:Intolerable_Cruelty>	1.5002866983413696
INEX_LD-2012313	<dbpedia:Five_Corners_(film)>	1.4804531335830688
INEX_LD-2012315	<dbpedia:Battle_of_Baguio_(1945)>	1.7170747518539429
INEX_LD-2012315	<dbpedia:Baguio>	1.6394213438034058
INEX_LD-2012315	<dbpedia:Treaty_of_Manila_(1946)>	1.6199417114257812
INEX_LD-2012315	<dbpedia:Second_Philippine_Republic>	1.6147832870483398
INEX_LD-2012315	<dbpedia:Quezon_City>	1.608983039855957
INEX_LD-2012315	<dbpedia:Battle_of_Manila_(1945)>	1.5983352661132812
INEX_LD-2012315	<dbpedia:Philippine_Declaration_of_Independence>	1.587415099143982
INEX_LD-2012315	<dbpedia:Baguio_City_Federation_of_the_Sangguniang_Kabataan>	1.5515201091766357
INEX_LD-2012315	<dbpedia:Legislative_district_of_Baguio>	1.5442512035369873
INEX_LD-2012315	<dbpedia:Quezon_City_local_elections,_2013>	1.5413587093353271
INEX_LD-2012317	<dbpedia:Sons_and_Lovers>	1.4226022958755493
INEX_LD-2012317	<dbpedia:Dagger_of_Daggers>	1.417332649230957
INEX_LD-2012317	<dbpedia:The_Sharing_Knife>	1.3939306735992432
INEX_LD-2012317	<dbpedia:Hnífur_Abrahams>	1.378204584121704
INEX_LD-2012317	<dbpedia:Black_Dagger_Brotherhood>	1.372154951095581
INEX_LD-2012317	<dbpedia:Beguilement>	1.361114501953125
INEX_LD-2012317	<dbpedia:Of_Love_and_Evil>	1.3541380167007446
INEX_LD-2012317	<dbpedia:Dagger_in_the_Library>	1.350629210472107
INEX_LD-2012317	<dbpedia:The_Blinding_Knife>	1.341757893562317
INEX_LD-2012317	<dbpedia:The_Dragon's_Dagger>	1.3375718593597412
INEX_LD-2012318	<dbpedia:William_C._Thompson>	1.820288896560669
INEX_LD-2012318	<dbpedia:Plan_10_from_Outer_Space>	1.8017680644989014
INEX_LD-2012318	<dbpedia:Plan_9_from_Outer_Space>	1.780794620513916
INEX_LD-2012318	<dbpedia:I_Married_a_Monster_from_Outer_Space>	1.7426174879074097
INEX_LD-2012318	<dbpedia:Glen_or_Glenda>	1.60988187789917
INEX_LD-2012318	<dbpedia:Bride_of_the_Monster>	1.6075152158737183
INEX_LD-2012318	<dbpedia:The_Atomic_Space_Bug>	1.5892974138259888
INEX_LD-2012318	<dbpedia:Fire_Maidens_from_Outer_Space>	1.544762372970581
INEX_LD-2012318	<dbpedia:Invasion_of_the_Saucer_Men>	1.5335794687271118
INEX_LD-2012318	<dbpedia:Plan_9_from_Outer_Space_(video_game)>	1.5290015935897827
INEX_LD-2012319	<dbpedia:Open_Secrets>	2.024754524230957
INEX_LD-2012319	<dbpedia:Selected_Stories>	1.8463690280914307
INEX_LD-2012319	<dbpedia:Alice_Munro>	1.8194302320480347
INEX_LD-2012319	<dbpedia:Dear_Life>	1.8132965564727783
INEX_LD-2012319	<dbpedia:Dance_of_the_Happy_Shades>	1.8082002401351929
INEX_LD-2012319	<dbpedia:List_of_short_stories_by_Alice_Munro>	1.8041019439697266
INEX_LD-2012319	<dbpedia:Vintage_Munro>	1.7976527214050293
INEX_LD-2012319	<dbpedia:Too_Much_Happiness>	1.7916433811187744
INEX_LD-2012319	<dbpedia:The_Love_of_a_Good_Woman>	1.778757095336914
INEX_LD-2012319	<dbpedia:Friend_of_My_Youth>	1.6655250787734985
INEX_LD-2012321	<dbpedia:Stamford_Raffles>	1.5783684253692627
INEX_LD-2012321	<dbpedia:Raffles_City>	1.5673412084579468
INEX_LD-2012321	<dbpedia:Raffles'_Landing_Site>	1.5496854782104492
INEX_LD-2012321	<dbpedia:Tanjung_Langsat_Port>	1.541952133178711
INEX_LD-2012321	<dbpedia:Kuantan_Port>	1.5213432312011719
INEX_LD-2012321	<dbpedia:Port_of_Singapore>	1.51925790309906
INEX_LD-2012321	<dbpedia:Port_Office,_Brisbane>	1.5138599872589111
INEX_LD-2012321	<dbpedia:Jurong_Port>	1.5073082447052002
INEX_LD-2012321	<dbpedia:Port_of_Tanjung_Priok>	1.5012961626052856
INEX_LD-2012321	<dbpedia:Founding_of_modern_Singapore>	1.4983627796173096
INEX_LD-2012323	<dbpedia:Hofsjökull>	1.852705478668213
INEX_LD-2012323	<dbpedia:Langjökull>	1.8267112970352173
INEX_LD-2012323	<dbpedia:Vatnajökull>	1.7946715354919434
INEX_LD-2012323	<dbpedia:Hoffellsjökull>	1.7628052234649658
INEX_LD-2012323	<dbpedia:Dyngjujökull>	1.6868443489074707
INEX_LD-2012323	<dbpedia:Eyjafjallajökull>	1.6858941316604614
INEX_LD-2012323	<dbpedia:Geitlandsjökull>	1.6816680431365967
INEX_LD-2012323	<dbpedia:Gihtsejiegŋa>	1.6759634017944336
INEX_LD-2012323	<dbpedia:Eiríksjökull>	1.6749906539916992
INEX_LD-2012323	<dbpedia:Sulitjelmaisen>	1.662610411643982
INEX_LD-2012325	<dbpedia:James_G._Blaine>	1.5428998470306396
INEX_LD-2012325	<dbpedia:James_Clark_McReynolds>	1.4985463619232178
INEX_LD-2012325	<dbpedia:James_O._Freedman>	1.4554660320281982
INEX_LD-2012325	<dbpedia:Austin_Abbott>	1.4418046474456787
INEX_LD-2012325	<dbpedia:Electoral_history_of_James_G._Blaine>	1.426188588142395
INEX_LD-2012325	<dbpedia:James_K._Batchelder>	1.4231650829315186
INEX_LD-2012325	<dbpedia:James_Francis_Thaddeus_O'Connor>	1.4209156036376953
INEX_LD-2012325	<dbpedia:James_Gilfillan>	1.4077906608581543
INEX_LD-2012325	<dbpedia:James_A._Garfield>	1.4070360660552979
INEX_LD-2012325	<dbpedia:John_J._Blaine>	1.404740333557129
INEX_LD-2012327	<dbpedia:Albery_Allson_Whitman>	1.4611341953277588
INEX_LD-2012327	<dbpedia:Charles_R._Johnson>	1.4544661045074463
INEX_LD-2012327	<dbpedia:Richard_Wright_(author)>	1.454157829284668
INEX_LD-2012327	<dbpedia:Ernest_J._Gaines>	1.4442285299301147
INEX_LD-2012327	<dbpedia:Wole_Soyinka_Prize_for_Literature_in_Africa>	1.439334511756897
INEX_LD-2012327	<dbpedia:Henry_Dumas>	1.4381779432296753
INEX_LD-2012327	<dbpedia:Philip_Lee_Williams>	1.437669038772583
INEX_LD-2012327	<dbpedia:Margaret_Walker>	1.4364782571792603
INEX_LD-2012327	<dbpedia:Patrick_D._Smith>	1.435784101486206
INEX_LD-2012327	<dbpedia:Erskine_Caldwell>	1.433129072189331
INEX_LD-2012329	<dbpedia:Icelandic_króna>	1.5738470554351807
INEX_LD-2012329	<dbpedia:Faroese_króna>	1.514223337173462
INEX_LD-2012329	<dbpedia:Swedish_krona>	1.4600399732589722
INEX_LD-2012329	<dbpedia:Swedish_riksdaler>	1.4594542980194092
INEX_LD-2012329	<dbpedia:Central_Bank_of_Iceland>	1.4412174224853516
INEX_LD-2012329	<dbpedia:Sweden_and_the_euro>	1.393232822418213
INEX_LD-2012329	<dbpedia:Scandinavian_Monetary_Union>	1.3864367008209229
INEX_LD-2012329	<dbpedia:Swedish_penning>	1.3706426620483398
INEX_LD-2012329	<dbpedia:Norwegian_rigsdaler>	1.359440565109253
INEX_LD-2012329	<dbpedia:Norwegian_speciedaler>	1.3577386140823364
INEX_LD-2012331	<dbpedia:Hedong_Korean_Ethnic_Township>	1.5561174154281616
INEX_LD-2012331	<dbpedia:Ari-soo>	1.5242210626602173
INEX_LD-2012331	<dbpedia:Koreans_in_China>	1.5148195028305054
INEX_LD-2012331	<dbpedia:Jungnangcheon>	1.5133898258209229
INEX_LD-2012331	<dbpedia:Ai_River_(Dandong)>	1.4854093790054321
INEX_LD-2012331	<dbpedia:Chinese_people_in_Korea>	1.466009259223938
INEX_LD-2012331	<dbpedia:Han_River_(Korea)>	1.4598824977874756
INEX_LD-2012331	<dbpedia:Nakdong_River>	1.458202600479126
INEX_LD-2012331	<dbpedia:Mapo_Bridge>	1.4561355113983154
INEX_LD-2012331	<dbpedia:West_Nakdong_River>	1.4546213150024414
INEX_LD-2012333	<dbpedia:Wilfrid_Laurier>	1.560776948928833
INEX_LD-2012333	<dbpedia:Leslie_Frost>	1.5165488719940186
INEX_LD-2012333	<dbpedia:Lucien_Lamoureux>	1.4747662544250488
INEX_LD-2012333	<dbpedia:John_Graham_Haggart>	1.4718759059906006
INEX_LD-2012333	<dbpedia:Guy_Charbonneau>	1.4693855047225952
INEX_LD-2012333	<dbpedia:Azellus_Denis>	1.4660634994506836
INEX_LD-2012333	<dbpedia:William_Lyon_Mackenzie_King>	1.4620281457901
INEX_LD-2012333	<dbpedia:John_Diefenbaker>	1.4611562490463257
INEX_LD-2012333	<dbpedia:William_Gilbert_Weir>	1.460258960723877
INEX_LD-2012333	<dbpedia:Arthur_Meighen>	1.438953161239624
INEX_LD-2012335	<dbpedia:U.S._and_Japan_Mutual_Defense_Assistance_Agreement>	1.5118614435195923
INEX_LD-2012335	<dbpedia:International_Commission_on_Nuclear_Non-proliferation_and_Disarmament>	1.5008906126022339
INEX_LD-2012335	<dbpedia:U.S.–Japan_Status_of_Forces_Agreement>	1.4689098596572876
INEX_LD-2012335	<dbpedia:Security_Treaty_Between_the_United_States_and_Japan>	1.457240104675293
INEX_LD-2012335	<dbpedia:US_Initial_Post-Surrender_Policy_for_Japan>	1.432814121246338
INEX_LD-2012335	<dbpedia:Japanese_nuclear_weapon_program>	1.4225742816925049
INEX_LD-2012335	<dbpedia:Japan's_non-nuclear_weapons_policy>	1.4221922159194946
INEX_LD-2012335	<dbpedia:United_States-Japan_Joint_Nuclear_Energy_Action_Plan>	1.4107730388641357
INEX_LD-2012335	<dbpedia:Japan–North_Korea_Pyongyang_Declaration>	1.4067630767822266
INEX_LD-2012335	<dbpedia:Japan_and_weapons_of_mass_destruction>	1.396298885345459
INEX_LD-2012337	<dbpedia:1953_Waco_tornado_outbreak>	1.7185370922088623
INEX_LD-2012337	<dbpedia:Late-May_1957_tornado_outbreak>	1.6330232620239258
INEX_LD-2012337	<dbpedia:1922_Austin_twin_tornadoes>	1.6300996541976929
INEX_LD-2012337	<dbpedia:1997_Central_Texas_tornado_outbreak>	1.6134846210479736
INEX_LD-2012337	<dbpedia:Early-April_1957_tornado_outbreak_sequence>	1.6030032634735107
INEX_LD-2012337	<dbpedia:1979_Red_River_Valley_tornado_outbreak>	1.5955314636230469
INEX_LD-2012337	<dbpedia:1953_Worcester_tornado>	1.5896568298339844
INEX_LD-2012337	<dbpedia:March_1952_Southern_United_States_tornado_outbreak>	1.5169183015823364
INEX_LD-2012337	<dbpedia:April_20–22,_1912_tornado_outbreak>	1.5068992376327515
INEX_LD-2012337	<dbpedia:1970_Lubbock_tornado>	1.5062644481658936
INEX_LD-2012339	<dbpedia:John_Langalibalele_Dube>	1.7413952350616455
INEX_LD-2012339	<dbpedia:Dube,_South_Africa>	1.5457581281661987
INEX_LD-2012339	<dbpedia:Nelson_Mandela>	1.4638481140136719
INEX_LD-2012339	<dbpedia:Ohlange_High_School>	1.4352407455444336
INEX_LD-2012339	<dbpedia:William_Cullen_Wilcox>	1.4245456457138062
INEX_LD-2012339	<dbpedia:Nokutela_Dube>	1.4220106601715088
INEX_LD-2012339	<dbpedia:Edward_Dube>	1.410966157913208
INEX_LD-2012339	<dbpedia:Dube_on_2>	1.407975196838379
INEX_LD-2012339	<dbpedia:List_of_awards_and_honours_bestowed_upon_Nelson_Mandela>	1.402925968170166
INEX_LD-2012339	<dbpedia:Frederick_John_Harris>	1.4024299383163452
INEX_LD-2012341	<dbpedia:Houston_Airport_System>	1.5852349996566772
INEX_LD-2012341	<dbpedia:Houston_International_Airport>	1.5461500883102417
INEX_LD-2012341	<dbpedia:Lewis_Wesley_Cutrer>	1.53182053565979
INEX_LD-2012341	<dbpedia:William_P._Hobby_Airport>	1.53182053565979
INEX_LD-2012341	<dbpedia:Houston_Airport>	1.4881093502044678
INEX_LD-2012341	<dbpedia:George_Bush_Intercontinental_Airport>	1.4878382682800293
INEX_LD-2012341	<dbpedia:List_of_Presidents_of_the_University_of_Houston>	1.4418439865112305
INEX_LD-2012341	<dbpedia:Houston_mayoral_election,_1997>	1.44170081615448
INEX_LD-2012341	<dbpedia:West_Houston_Airport>	1.4306011199951172
INEX_LD-2012341	<dbpedia:Joe_Rollins>	1.4275574684143066
INEX_LD-2012345	<dbpedia:James_Tague>	1.7295866012573242
INEX_LD-2012345	<dbpedia:Assassination_of_John_F._Kennedy>	1.6095802783966064
INEX_LD-2012345	<dbpedia:Phillip_Willis>	1.5574408769607544
INEX_LD-2012345	<dbpedia:Lee_Harvey_Oswald>	1.5488754510879517
INEX_LD-2012345	<dbpedia:Texas_Theatre>	1.52871572971344
INEX_LD-2012345	<dbpedia:Howard_Brennan>	1.516741394996643
INEX_LD-2012345	<dbpedia:Pictures_of_the_Pain>	1.5047844648361206
INEX_LD-2012345	<dbpedia:Lee_Bowers>	1.5041563510894775
INEX_LD-2012345	<dbpedia:Reactions_to_the_assassination_of_John_F._Kennedy>	1.4980593919754028
INEX_LD-2012345	<dbpedia:Charles_Brehm>	1.4961659908294678
INEX_LD-2012349	<dbpedia:Alexander_Nevsky_Cathedral,_Sofia>	1.9200439453125
INEX_LD-2012349	<dbpedia:Alexander_Nevsky_Cathedral,_Izhevsk>	1.7010209560394287
INEX_LD-2012349	<dbpedia:Alexander_Nevsky_Cathedral,_Tallinn>	1.6986517906188965
INEX_LD-2012349	<dbpedia:Alexander_Nevsky_Cathedral,_Baku>	1.6962182521820068
INEX_LD-2012349	<dbpedia:Alexander_Nevsky_Cathedral,_Tiflis>	1.68036687374115
INEX_LD-2012349	<dbpedia:Monument_to_the_Tsar_Liberator>	1.6596605777740479
INEX_LD-2012349	<dbpedia:Alexander_Nevsky_Memorial_Church>	1.6596190929412842
INEX_LD-2012349	<dbpedia:Dormition_of_the_Mother_of_God_Cathedral,_Varna>	1.6392219066619873
INEX_LD-2012349	<dbpedia:Hagia_Sophia_Church,_Nesebar>	1.6337740421295166
INEX_LD-2012349	<dbpedia:Alexander_Nevsky_Cathedral,_Paris>	1.628380537033081
INEX_LD-2012353	<dbpedia:Languages_of_Germany>	1.5456597805023193
INEX_LD-2012353	<dbpedia:German_Standard_German>	1.4812415838241577
INEX_LD-2012353	<dbpedia:German_language>	1.4739418029785156
INEX_LD-2012353	<dbpedia:German_language_in_Namibia>	1.4642441272735596
INEX_LD-2012353	<dbpedia:List_of_territorial_entities_where_German_is_an_official_language>	1.4387946128845215
INEX_LD-2012353	<dbpedia:Geographical_distribution_of_German_speakers>	1.4384729862213135
INEX_LD-2012353	<dbpedia:German_language_in_the_United_States>	1.4259331226348877
INEX_LD-2012353	<dbpedia:Low_German>	1.4205801486968994
INEX_LD-2012353	<dbpedia:German_Sign_Language>	1.3926539421081543
INEX_LD-2012353	<dbpedia:High_German_languages>	1.3894603252410889
INEX_LD-2012354	<dbpedia:Paul_Kossoff>	1.4820374250411987
INEX_LD-2012354	<dbpedia:Ivan_Nikolayevich_Smirnov>	1.475596308708191
INEX_LD-2012354	<dbpedia:Slobodan_Kovačević>	1.4660552740097046
INEX_LD-2012354	<dbpedia:Robert_Johnson_(guitars)>	1.4594993591308594
INEX_LD-2012354	<dbpedia:Redd_Volkaert>	1.4360939264297485
INEX_LD-2012354	<dbpedia:Great_Guitars>	1.4329911470413208
INEX_LD-2012354	<dbpedia:Death_of_Jimi_Hendrix>	1.428338646888733
INEX_LD-2012354	<dbpedia:George_Lynch_(musician)>	1.4267935752868652
INEX_LD-2012354	<dbpedia:Jimi_Hendrix>	1.4205975532531738
INEX_LD-2012354	<dbpedia:Dick_Rosmini>	1.4200421571731567
INEX_LD-2012355	<dbpedia:Gordon_Taylor_(footballer)>	1.5791051387786865
INEX_LD-2012355	<dbpedia:Jimmy_Greaves>	1.488072395324707
INEX_LD-2012355	<dbpedia:John_Bennetts>	1.4666858911514282
INEX_LD-2012355	<dbpedia:Geoff_Hurst>	1.464292049407959
INEX_LD-2012355	<dbpedia:Trevor_Francis>	1.4638302326202393
INEX_LD-2012355	<dbpedia:Gary_Talbot>	1.437249779701233
INEX_LD-2012355	<dbpedia:Tony_Kay>	1.4295220375061035
INEX_LD-2012355	<dbpedia:Jackie_Sewell>	1.4247071743011475
INEX_LD-2012355	<dbpedia:Paul_Fletcher_(footballer)>	1.421602725982666
INEX_LD-2012355	<dbpedia:Odafa_Onyeka_Okolie>	1.4207602739334106
INEX_LD-2012357	<dbpedia:Irina_Kolpakova>	1.8505384922027588
INEX_LD-2012357	<dbpedia:Natalia_Bessmertnova>	1.7701029777526855
INEX_LD-2012357	<dbpedia:Alla_Osipenko>	1.7492866516113281
INEX_LD-2012357	<dbpedia:Yekaterina_Geltzer>	1.7283446788787842
INEX_LD-2012357	<dbpedia:Natalia_Makarova>	1.7163846492767334
INEX_LD-2012357	<dbpedia:Evgenia_Obraztsova>	1.6983377933502197
INEX_LD-2012357	<dbpedia:Marina_Semyonova>	1.6962374448776245
INEX_LD-2012357	<dbpedia:Svetlana_Zakharova_(dancer)>	1.6891989707946777
INEX_LD-2012357	<dbpedia:Larisa_Golubkina>	1.6684340238571167
INEX_LD-2012357	<dbpedia:Sofia_Golovkina>	1.6672905683517456
INEX_LD-2012359	<dbpedia:Bob_Ricker>	1.7861061096191406
INEX_LD-2012359	<dbpedia:Dan_Gross_(activist)>	1.5561507940292358
INEX_LD-2012359	<dbpedia:Dudley_Brown>	1.5466818809509277
INEX_LD-2012359	<dbpedia:Larry_Pratt>	1.49387526512146
INEX_LD-2012359	<dbpedia:Wayne_LaPierre>	1.4826245307922363
INEX_LD-2012359	<dbpedia:John_C._Sigler>	1.4617877006530762
INEX_LD-2012359	<dbpedia:Robert_A._Levy>	1.4243826866149902
INEX_LD-2012359	<dbpedia:Nick_Rathod>	1.4205552339553833
INEX_LD-2012359	<dbpedia:American_State_Legislators_for_Gun_Violence_Prevention>	1.4161503314971924
INEX_LD-2012359	<dbpedia:Bob_Ricks>	1.4138972759246826
INEX_LD-2012361	<dbpedia:John_Legend>	1.4610810279846191
INEX_LD-2012361	<dbpedia:Karel_Gott>	1.4427686929702759
INEX_LD-2012361	<dbpedia:Kumar_Sanu>	1.4269049167633057
INEX_LD-2012361	<dbpedia:Halid_Muslimović>	1.4255797863006592
INEX_LD-2012361	<dbpedia:Aurelian_Andreescu>	1.4219568967819214
INEX_LD-2012361	<dbpedia:Jorge_Negrete>	1.417731761932373
INEX_LD-2012361	<dbpedia:Al_Martino>	1.4168989658355713
INEX_LD-2012361	<dbpedia:Dietrich_Fischer-Dieskau>	1.4164626598358154
INEX_LD-2012361	<dbpedia:Lars_Lönndahl>	1.412796974182129
INEX_LD-2012361	<dbpedia:Yūya_Uchida_(singer/actor)>	1.4104900360107422
INEX_LD-2012365	<dbpedia:Margaret_MacVicar>	1.7031443119049072
INEX_LD-2012365	<dbpedia:Anant_Agarwal>	1.5000640153884888
INEX_LD-2012365	<dbpedia:Salil_Vadhan>	1.4979743957519531
INEX_LD-2012365	<dbpedia:Diane_Souvaine>	1.4731426239013672
INEX_LD-2012365	<dbpedia:Silvio_Micali>	1.4730185270309448
INEX_LD-2012365	<dbpedia:Arvind_(computer_scientist)>	1.4721872806549072
INEX_LD-2012365	<dbpedia:K._Mani_Chandy>	1.468346357345581
INEX_LD-2012365	<dbpedia:Marc_Snir>	1.460862398147583
INEX_LD-2012365	<dbpedia:James_(Mac)_Hyman>	1.4605944156646729
INEX_LD-2012365	<dbpedia:Tomaso_Poggio>	1.4595495462417603
INEX_LD-2012367	<dbpedia:History_of_the_telescope>	1.573857307434082
INEX_LD-2012367	<dbpedia:Newtonian_telescope>	1.5587211847305298
INEX_LD-2012367	<dbpedia:Zacharias_Janssen>	1.5387696027755737
INEX_LD-2012367	<dbpedia:Juan_Roget>	1.5267624855041504
INEX_LD-2012367	<dbpedia:Shuckburgh_telescope>	1.5098445415496826
INEX_LD-2012367	<dbpedia:Newton's_reflector>	1.503601312637329
INEX_LD-2012367	<dbpedia:Gregorian_telescope>	1.5032042264938354
INEX_LD-2012367	<dbpedia:William_Kitchiner>	1.492483139038086
INEX_LD-2012367	<dbpedia:Telescope>	1.4869005680084229
INEX_LD-2012367	<dbpedia:Dmitry_Dmitrievich_Maksutov>	1.4843823909759521
INEX_LD-2012369	<dbpedia:Adolfo_Suárez_Madrid–Barajas_Airport>	1.3891783952713013
INEX_LD-2012369	<dbpedia:Generalissimo_Francisco_de_Miranda_Air_Base>	1.3533066511154175
INEX_LD-2012369	<dbpedia:Ajdovščina_Airport>	1.34557044506073
INEX_LD-2012369	<dbpedia:Cerklje_ob_Krki_Airport>	1.339503288269043
INEX_LD-2012369	<dbpedia:Nuremberg_Airport>	1.3316235542297363
INEX_LD-2012369	<dbpedia:Leonardo_da_Vinci–Fiumicino_Airport>	1.3306143283843994
INEX_LD-2012369	<dbpedia:Morava_Airport>	1.329272747039795
INEX_LD-2012369	<dbpedia:Robert_Mueller_Municipal_Airport>	1.3199983835220337
INEX_LD-2012369	<dbpedia:Newark_Metropolitan_Airport_Buildings>	1.3196195363998413
INEX_LD-2012369	<dbpedia:Mayor_General_FAP_Armando_Revoredo_Iglesias_Airport>	1.318899154663086
INEX_LD-2012371	<dbpedia:Gare_de_Metz-Ville>	1.4506152868270874
INEX_LD-2012371	<dbpedia:Lviv_Railway_station>	1.449161171913147
INEX_LD-2012371	<dbpedia:Cité_du_Train>	1.4451574087142944
INEX_LD-2012371	<dbpedia:Leipzig_Hauptbahnhof>	1.426820158958435
INEX_LD-2012371	<dbpedia:New_Delhi_railway_station>	1.4264006614685059
INEX_LD-2012371	<dbpedia:Huế_Railway_Station>	1.4253337383270264
INEX_LD-2012371	<dbpedia:Novosibirsk_Railway_station>	1.420766830444336
INEX_LD-2012371	<dbpedia:Railway_stations_in_Milan>	1.4167137145996094
INEX_LD-2012371	<dbpedia:Tanggula_Railway_Station>	1.4150317907333374
INEX_LD-2012371	<dbpedia:Tehran_railway_station>	1.4129538536071777
INEX_LD-2012372	<dbpedia:Battlefield_Britain>	1.5811463594436646
INEX_LD-2012372	<dbpedia:Battlefield_Heritage_Park>	1.5471851825714111
INEX_LD-2012372	<dbpedia:Registered_Battlefields_(UK)>	1.5427166223526
INEX_LD-2012372	<dbpedia:The_Battlefield_(1985_TV_series)>	1.5088833570480347
INEX_LD-2012372	<dbpedia:Great_Battles>	1.506393313407898
INEX_LD-2012372	<dbpedia:Battlefield_(TV_series)>	1.4882380962371826
INEX_LD-2012372	<dbpedia:Battlefield_House_(Stoney_Creek)>	1.4815220832824707
INEX_LD-2012372	<dbpedia:Battles_BC>	1.4810593128204346
INEX_LD-2012372	<dbpedia:History_of_Warfare_Series>	1.4645582437515259
INEX_LD-2012372	<dbpedia:Historical_medieval_battles>	1.4615201950073242
INEX_LD-2012373	<dbpedia:Some_Birds_Can't_Fly>	1.5050699710845947
INEX_LD-2012373	<dbpedia:List_of_soaring_birds>	1.262324571609497
INEX_LD-2012373	<dbpedia:Bird_flight>	1.2369229793548584
INEX_LD-2012373	<dbpedia:Flightless_bird>	1.2284111976623535
INEX_LD-2012373	<dbpedia:Bird_strike>	1.2105515003204346
INEX_LD-2012373	<dbpedia:Bird_control>	1.1960811614990234
INEX_LD-2012373	<dbpedia:Innocent_Bird>	1.1955512762069702
INEX_LD-2012373	<dbpedia:Bird_feet_and_legs>	1.1873579025268555
INEX_LD-2012373	<dbpedia:Bird_anatomy>	1.17840576171875
INEX_LD-2012373	<dbpedia:Flying_High_Bird_Sanctuary>	1.173954725265503
INEX_LD-2012377	<dbpedia:Causes_of_World_War_I>	1.5372728109359741
INEX_LD-2012377	<dbpedia:List_of_Medal_of_Honor_recipients_for_World_War_I>	1.4354910850524902
INEX_LD-2012377	<dbpedia:World_War_I>	1.418692708015442
INEX_LD-2012377	<dbpedia:Sidney_Bradshaw_Fay>	1.3707904815673828
INEX_LD-2012377	<dbpedia:Centre_for_the_Study_of_the_Causes_of_the_War>	1.3307007551193237
INEX_LD-2012377	<dbpedia:Anglo-German_naval_arms_race>	1.3272017240524292
INEX_LD-2012377	<dbpedia:Turpinite>	1.317932367324829
INEX_LD-2012377	<dbpedia:Fritz_Fischer>	1.3151873350143433
INEX_LD-2012377	<dbpedia:World_War_I_casualties>	1.3142290115356445
INEX_LD-2012377	<dbpedia:Falsehood_in_War-Time>	1.2944114208221436
INEX_LD-2012381	<dbpedia:Block_Busters>	1.7567894458770752
INEX_LD-2012381	<dbpedia:Attack_the_Block>	1.578484058380127
INEX_LD-2012381	<dbpedia:Block_Buster!>	1.535559892654419
INEX_LD-2012381	<dbpedia:Block_Buster_(Microvision)>	1.5224372148513794
INEX_LD-2012381	<dbpedia:Blockhead_(film)>	1.5210647583007812
INEX_LD-2012381	<dbpedia:Around_the_Block_(film)>	1.5202393531799316
INEX_LD-2012381	<dbpedia:Block-Heads>	1.4697747230529785
INEX_LD-2012381	<dbpedia:16_Blocks>	1.4633150100708008
INEX_LD-2012381	<dbpedia:Bad_Day_on_the_Block>	1.4570456743240356
INEX_LD-2012381	<dbpedia:Doug_Block>	1.4486727714538574
INEX_LD-2012383	<dbpedia:Jim_Gray_(computer_scientist)>	1.5461997985839844
INEX_LD-2012383	<dbpedia:Disappearance_of_George_Smith>	1.531810998916626
INEX_LD-2012383	<dbpedia:Boris_Weisfeiler>	1.5186642408370972
INEX_LD-2012383	<dbpedia:Nico_Habermann>	1.5003836154937744
INEX_LD-2012383	<dbpedia:Peter_Killworth>	1.493821382522583
INEX_LD-2012383	<dbpedia:Angus_Primrose>	1.4860920906066895
INEX_LD-2012383	<dbpedia:Bruce_Arden>	1.4742701053619385
INEX_LD-2012383	<dbpedia:John_P._Craven>	1.4642354249954224
INEX_LD-2012383	<dbpedia:Jon_Mathews>	1.4602159261703491
INEX_LD-2012383	<dbpedia:Edmund_Berkeley>	1.4498814344406128
INEX_LD-2012385	<dbpedia:Howard_Williams_(humanitarian)>	1.4954278469085693
INEX_LD-2012385	<dbpedia:Christopher_Fettes>	1.472639799118042
INEX_LD-2012385	<dbpedia:Symon_Gould>	1.4708484411239624
INEX_LD-2012385	<dbpedia:Natasja_Oerlemans>	1.449097990989685
INEX_LD-2012385	<dbpedia:American_Vegetarian_Party>	1.4434263706207275
INEX_LD-2012385	<dbpedia:Bruce_Friedrich>	1.4397048950195312
INEX_LD-2012385	<dbpedia:Political_Animals_(miniseries)>	1.4325034618377686
INEX_LD-2012385	<dbpedia:Thupten_Phelgye>	1.4221419095993042
INEX_LD-2012385	<dbpedia:Herbert_M._Shelton>	1.4216505289077759
INEX_LD-2012385	<dbpedia:William_Cowherd>	1.4003973007202148
INEX_LD-2012387	<dbpedia:Paradise_Dam_(Montana)>	1.5333374738693237
INEX_LD-2012387	<dbpedia:Bridge_Canyon_Dam>	1.5283477306365967
INEX_LD-2012387	<dbpedia:Lianghekou_Dam>	1.523883581161499
INEX_LD-2012387	<dbpedia:Ashfork-Bainbridge_Steel_Dam>	1.5178337097167969
INEX_LD-2012387	<dbpedia:Riverside_Diversion_Dam>	1.5054038763046265
INEX_LD-2012387	<dbpedia:Franklin_Dam_controversy>	1.5022811889648438
INEX_LD-2012387	<dbpedia:Duncan_Dam>	1.5021083354949951
INEX_LD-2012387	<dbpedia:Carcoar_Dam>	1.4998619556427002
INEX_LD-2012387	<dbpedia:Glacier_View_Dam>	1.4918469190597534
INEX_LD-2012387	<dbpedia:Holtwood_Dam>	1.4908483028411865
INEX_LD-2012389	<dbpedia:List_of_sharks_and_batoids_found_from_territorial_waters_of_Sri_Lanka>	1.4811627864837646
INEX_LD-2012389	<dbpedia:Gulf_wobbegong>	1.4664335250854492
INEX_LD-2012389	<dbpedia:2010_Sharm_el-Sheikh_shark_attacks>	1.450521469116211
INEX_LD-2012389	<dbpedia:Sand_tiger_shark>	1.4483188390731812
INEX_LD-2012389	<dbpedia:Smoothtooth_blacktip_shark>	1.4430875778198242
INEX_LD-2012389	<dbpedia:Shark_(moth)>	1.4398562908172607
INEX_LD-2012389	<dbpedia:Albay_Gulf>	1.4364122152328491
INEX_LD-2012389	<dbpedia:Hooktooth_shark>	1.4305793046951294
INEX_LD-2012389	<dbpedia:List_of_sharks_in_the_Red_Sea>	1.429090976715088
INEX_LD-2012389	<dbpedia:Spotted_wobbegong>	1.4269464015960693
INEX_LD-2012390	<dbpedia:Kyle_Russell>	1.4318382740020752
INEX_LD-2012390	<dbpedia:Jeff_Kent>	1.4243485927581787
INEX_LD-2012390	<dbpedia:List_of_Major_League_Baseball_leaders_in_RBI_in_one_inning>	1.405764102935791
INEX_LD-2012390	<dbpedia:Hank_Aaron_Award>	1.3995862007141113
INEX_LD-2012390	<dbpedia:Homer_in_the_Gloamin'>	1.3988984823226929
INEX_LD-2012390	<dbpedia:List_of_Major_League_Baseball_single-game_home_run_leaders>	1.3961352109909058
INEX_LD-2012390	<dbpedia:List_of_Major_League_Baseball_career_hits_leaders>	1.3862485885620117
INEX_LD-2012390	<dbpedia:Southern_League_Most_Valuable_Player_Award>	1.3800926208496094
INEX_LD-2012390	<dbpedia:Rickey_Henderson>	1.3789576292037964
INEX_LD-2012390	<dbpedia:Honus_Wagner>	1.3782463073730469
INEX_XER-106	<dbpedia:Ralph_de_Stafford,_1st_Earl_of_Stafford>	1.51194429397583
INEX_XER-106	<dbpedia:Paon_de_Roet>	1.5031484365463257
INEX_XER-106	<dbpedia:Robert_Willoughby,_6th_Baron_Willoughby_de_Eresby>	1.4655320644378662
INEX_XER-106	<dbpedia:Sir_Hugh_Luttrell>	1.4598394632339478
INEX_XER-106	<dbpedia:John_Darras>	1.4417765140533447
INEX_XER-106	<dbpedia:John_FitzAlan,_14th_Earl_of_Arundel>	1.438391089439392
INEX_XER-106	<dbpedia:Jean_de_Wavrin>	1.4271047115325928
INEX_XER-106	<dbpedia:Thomas_Holland,_1st_Earl_of_Kent>	1.4195556640625
INEX_XER-106	<dbpedia:Thomas_de_Scales,_7th_Baron_Scales>	1.413851261138916
INEX_XER-106	<dbpedia:Robert_Knolles>	1.413190484046936
INEX_XER-108	<dbpedia:List_of_capitals_in_the_United_States>	1.5932791233062744
INEX_XER-108	<dbpedia:United_States>	1.4901083707809448
INEX_XER-108	<dbpedia:List_of_state_capitols_in_the_United_States>	1.455358862876892
INEX_XER-108	<dbpedia:List_of_states_and_territories_of_the_United_States>	1.3984243869781494
INEX_XER-108	<dbpedia:Washington,_D.C.>	1.395885705947876
INEX_XER-108	<dbpedia:American_Capital_of_Culture>	1.3829493522644043
INEX_XER-108	<dbpedia:List_of_capitals_of_states_of_Mexico>	1.3777273893356323
INEX_XER-108	<dbpedia:List_of_cities_in_the_United_States>	1.3595634698867798
INEX_XER-108	<dbpedia:Outline_of_Washington,_D.C.>	1.3554176092147827
INEX_XER-108	<dbpedia:Geography_of_the_United_States>	1.353762149810791
INEX_XER-109	<dbpedia:Atlantic_Islands_of_Galicia_National_Park>	1.4512012004852295
INEX_XER-109	<dbpedia:List_of_national_capitals_in_alphabetical_order>	1.4355332851409912
INEX_XER-109	<dbpedia:Glénan_Islands>	1.4243855476379395
INEX_XER-109	<dbpedia:Family_Islands_National_Park>	1.4211342334747314
INEX_XER-109	<dbpedia:Hundred_Islands_National_Park>	1.4108184576034546
INEX_XER-109	<dbpedia:Ngerulmud>	1.406701922416687
INEX_XER-109	<dbpedia:Marquesas_Islands>	1.3990057706832886
INEX_XER-109	<dbpedia:List_of_national_capitals_by_latitude>	1.3872735500335693
INEX_XER-109	<dbpedia:National_Heroes_Square>	1.3857474327087402
INEX_XER-109	<dbpedia:Geography_of_the_British_Virgin_Islands>	1.3851834535598755
INEX_XER-110	<dbpedia:Seamus_Heaney>	1.5256730318069458
INEX_XER-110	<dbpedia:Vicente_Aleixandre>	1.51808762550354
INEX_XER-110	<dbpedia:Karl_Adolph_Gjellerup>	1.5101916790008545
INEX_XER-110	<dbpedia:Poet-diplomat>	1.5044643878936768
INEX_XER-110	<dbpedia:List_of_Nobel_laureates_in_Literature>	1.4883697032928467
INEX_XER-110	<dbpedia:José_Saramago>	1.4606680870056152
INEX_XER-110	<dbpedia:António_Correia_de_Oliveira>	1.4503695964813232
INEX_XER-110	<dbpedia:Nobel_Prize_in_Literature>	1.4346089363098145
INEX_XER-110	<dbpedia:Knut_Hamsun>	1.432593584060669
INEX_XER-110	<dbpedia:Erik_Axel_Karlfeldt>	1.4268443584442139
INEX_XER-113	<dbpedia:1983_Monaco_Grand_Prix>	1.6924642324447632
INEX_XER-113	<dbpedia:2011_Monaco_Grand_Prix>	1.6802361011505127
INEX_XER-113	<dbpedia:1973_Monaco_Grand_Prix>	1.6664968729019165
INEX_XER-113	<dbpedia:1998_Monaco_Grand_Prix>	1.6477420330047607
INEX_XER-113	<dbpedia:1978_Monaco_Grand_Prix>	1.643326759338379
INEX_XER-113	<dbpedia:2008_Monaco_Grand_Prix>	1.6387230157852173
INEX_XER-113	<dbpedia:2009_Monaco_Grand_Prix>	1.6386024951934814
INEX_XER-113	<dbpedia:1979_Monaco_Grand_Prix>	1.6349292993545532
INEX_XER-113	<dbpedia:1966_Monaco_Grand_Prix>	1.633493423461914
INEX_XER-113	<dbpedia:2006_Monaco_Grand_Prix>	1.6307045221328735
INEX_XER-114	<dbpedia:2007_European_Grand_Prix>	1.7182416915893555
INEX_XER-114	<dbpedia:2008_European_Grand_Prix>	1.7154961824417114
INEX_XER-114	<dbpedia:2009_European_Grand_Prix>	1.7113118171691895
INEX_XER-114	<dbpedia:2011_European_Grand_Prix>	1.6806375980377197
INEX_XER-114	<dbpedia:1997_European_Grand_Prix>	1.6798062324523926
INEX_XER-114	<dbpedia:1999_European_Grand_Prix>	1.6663284301757812
INEX_XER-114	<dbpedia:2012_European_Grand_Prix>	1.6650737524032593
INEX_XER-114	<dbpedia:2001_European_Grand_Prix>	1.660332441329956
INEX_XER-114	<dbpedia:1995_European_Grand_Prix>	1.6546151638031006
INEX_XER-114	<dbpedia:European_Formula_Two_Championship>	1.6539397239685059
INEX_XER-115	<dbpedia:List_of_Formula_One_World_Constructors'_Champions>	1.783314824104309
INEX_XER-115	<dbpedia:List_of_Formula_One_World_Constructors'_Championship_runners-up>	1.6749579906463623
INEX_XER-115	<dbpedia:List_of_Formula_One_World_Drivers'_Champions>	1.6053645610809326
INEX_XER-115	<dbpedia:List_of_Formula_One_Grand_Prix_winners_(constructors)>	1.5925536155700684
INEX_XER-115	<dbpedia:Formula_One_drivers_from_Brazil>	1.5893158912658691
INEX_XER-115	<dbpedia:List_of_Formula_One_constructors>	1.589234709739685
INEX_XER-115	<dbpedia:Formula_One_Constructors'_Association>	1.5845558643341064
INEX_XER-115	<dbpedia:Hesketh_Racing>	1.5616419315338135
INEX_XER-115	<dbpedia:List_of_Formula_One_World_Drivers'_Championship_runners-up>	1.5586857795715332
INEX_XER-115	<dbpedia:2005_Formula_One_season>	1.5282719135284424
INEX_XER-116	<dbpedia:Rita_Levi-Montalcini>	1.5801522731781006
INEX_XER-116	<dbpedia:Giulio_Natta>	1.5623655319213867
INEX_XER-116	<dbpedia:Grazia_Deledda>	1.5484185218811035
INEX_XER-116	<dbpedia:Salvador_Luria>	1.5414230823516846
INEX_XER-116	<dbpedia:Renato_Dulbecco>	1.5387505292892456
INEX_XER-116	<dbpedia:Franco_Modigliani>	1.5384870767593384
INEX_XER-116	<dbpedia:Alfredo_di_Braccio_Award>	1.5335497856140137
INEX_XER-116	<dbpedia:Eugenio_Montale>	1.5249840021133423
INEX_XER-116	<dbpedia:Mario_Capecchi>	1.5147899389266968
INEX_XER-116	<dbpedia:Salvatore_Quasimodo>	1.48561429977417
INEX_XER-117	<dbpedia:The_Blues_Brothers_(film)>	1.6769309043884277
INEX_XER-117	<dbpedia:Blues_Brothers_2000>	1.5942654609680176
INEX_XER-117	<dbpedia:Blues_Brothers_2000_(soundtrack)>	1.5929886102676392
INEX_XER-117	<dbpedia:The_Blues_Brothers_(novel)>	1.5679147243499756
INEX_XER-117	<dbpedia:The_Blues_Brothers>	1.5659071207046509
INEX_XER-117	<dbpedia:List_of_films_about_blues_music>	1.5576989650726318
INEX_XER-117	<dbpedia:Blues_Brothers:_Private>	1.5413767099380493
INEX_XER-117	<dbpedia:Jammin'_the_Blues>	1.5211478471755981
INEX_XER-117	<dbpedia:The_Blues_Brothers_(video_game)>	1.497964859008789
INEX_XER-117	<dbpedia:Mo'_Better_Blues>	1.48517906665802
INEX_XER-118	<dbpedia:Peugeot_204>	1.5785900354385376
INEX_XER-118	<dbpedia:Peugeot_203>	1.5548628568649292
INEX_XER-118	<dbpedia:Wolseley_15/60>	1.498921513557434
INEX_XER-118	<dbpedia:Renault_20/30>	1.498434066772461
INEX_XER-118	<dbpedia:Anglo-French_(automobile)>	1.4930126667022705
INEX_XER-118	<dbpedia:Citroën_Ami>	1.4916415214538574
INEX_XER-118	<dbpedia:List_of_French_films_of_1961>	1.4907708168029785
INEX_XER-118	<dbpedia:Peugeot_604>	1.4875329732894897
INEX_XER-118	<dbpedia:RAMI_by_J.M.K.>	1.4861394166946411
INEX_XER-118	<dbpedia:Renault_Caravelle>	1.485628604888916
INEX_XER-119	<dbpedia:German-speaking_Switzerland>	1.5955730676651
INEX_XER-119	<dbpedia:Swiss_German>	1.501592755317688
INEX_XER-119	<dbpedia:Bernese_German>	1.4988150596618652
INEX_XER-119	<dbpedia:Swiss_Standard_German>	1.496551275253296
INEX_XER-119	<dbpedia:Languages_of_Switzerland>	1.4845730066299438
INEX_XER-119	<dbpedia:Zurich_German>	1.4506906270980835
INEX_XER-119	<dbpedia:Canton_of_Zürich>	1.4402979612350464
INEX_XER-119	<dbpedia:Canton_of_Glarus>	1.431342601776123
INEX_XER-119	<dbpedia:Stans>	1.4207165241241455
INEX_XER-119	<dbpedia:Swiss_people>	1.416699767112732
INEX_XER-121	<dbpedia:United_States_presidential_election,_1960>	1.6163575649261475
INEX_XER-121	<dbpedia:1960:_The_Making_of_the_President>	1.5511656999588013
INEX_XER-121	<dbpedia:United_States_elections,_1960>	1.5351133346557617
INEX_XER-121	<dbpedia:1960_State_of_the_Union_Address>	1.532887578010559
INEX_XER-121	<dbpedia:List_of_state_leaders_in_1960>	1.5019724369049072
INEX_XER-121	<dbpedia:Presidency_of_Richard_Nixon>	1.4968960285186768
INEX_XER-121	<dbpedia:United_States_presidential_election_in_New_York,_1960>	1.463101863861084
INEX_XER-121	<dbpedia:United_States_presidential_election_in_New_Mexico,_1960>	1.457220196723938
INEX_XER-121	<dbpedia:1960_Republican_National_Convention>	1.4546006917953491
INEX_XER-121	<dbpedia:History_of_the_United_States_(1980–91)>	1.4538581371307373
INEX_XER-122	<dbpedia:12th_Academy_Awards>	1.5692474842071533
INEX_XER-122	<dbpedia:80th_Academy_Awards>	1.5648198127746582
INEX_XER-122	<dbpedia:List_of_Academy_Award-winning_films>	1.5300877094268799
INEX_XER-122	<dbpedia:9th_Academy_Awards>	1.5237178802490234
INEX_XER-122	<dbpedia:32nd_Academy_Awards>	1.5233110189437866
INEX_XER-122	<dbpedia:23rd_Academy_Awards>	1.522627830505371
INEX_XER-122	<dbpedia:List_of_Big_Five_Academy_Award_winners_and_nominees>	1.5188599824905396
INEX_XER-122	<dbpedia:List_of_films_with_the_most_Oscars_per_ceremony>	1.517145037651062
INEX_XER-122	<dbpedia:85th_Academy_Awards>	1.5109362602233887
INEX_XER-122	<dbpedia:79th_Academy_Awards>	1.501006841659546
INEX_XER-123	<dbpedia:1974_FIFA_World_Cup>	1.691190481185913
INEX_XER-123	<dbpedia:List_of_FIFA_World_Cup_winners>	1.6642777919769287
INEX_XER-123	<dbpedia:1974_FIFA_World_Cup_Final>	1.6443991661071777
INEX_XER-123	<dbpedia:Brazil_at_the_1974_FIFA_World_Cup>	1.592926025390625
INEX_XER-123	<dbpedia:Ballon_d'Or_1974>	1.576857328414917
INEX_XER-123	<dbpedia:FIFA_World_Cup_Dream_Team>	1.5640523433685303
INEX_XER-123	<dbpedia:List_of_players_who_have_won_multiple_FIFA_World_Cups>	1.53408944606781
INEX_XER-123	<dbpedia:1999_FIFA_World_Player_of_the_Year>	1.528515100479126
INEX_XER-123	<dbpedia:1974_FIFA_World_Cup_squads>	1.5283010005950928
INEX_XER-123	<dbpedia:1978_FIFA_World_Cup_Final>	1.5245157480239868
INEX_XER-124	<dbpedia:2013_Man_Booker_Prize>	1.684815526008606
INEX_XER-124	<dbpedia:List_of_winners_and_shortlisted_authors_of_the_Booker_Prize_for_Fiction>	1.6362216472625732
INEX_XER-124	<dbpedia:The_Best_of_the_Booker>	1.5960381031036377
INEX_XER-124	<dbpedia:2012_Man_Booker_Prize>	1.5943183898925781
INEX_XER-124	<dbpedia:Lost_Man_Booker_Prize>	1.5648586750030518
INEX_XER-124	<dbpedia:Man_Booker_Prize>	1.5641069412231445
INEX_XER-124	<dbpedia:Peter_Carey_(novelist)>	1.5587260723114014
INEX_XER-124	<dbpedia:2014_Man_Booker_Prize>	1.5568134784698486
INEX_XER-124	<dbpedia:Something_to_Answer_For>	1.4960780143737793
INEX_XER-124	<dbpedia:2015_Man_Booker_Prize>	1.4914716482162476
INEX_XER-127	<dbpedia:Hannelore_Kraft>	1.6693880558013916
INEX_XER-127	<dbpedia:Birgit_Sippel>	1.6561081409454346
INEX_XER-127	<dbpedia:Rita_Süssmuth>	1.6426407098770142
INEX_XER-127	<dbpedia:Lissy_Gröner>	1.642602562904358
INEX_XER-127	<dbpedia:Doris_Pack>	1.641875982284546
INEX_XER-127	<dbpedia:Hiltrud_Breyer>	1.638929843902588
INEX_XER-127	<dbpedia:Sabine_Lösing>	1.6295586824417114
INEX_XER-127	<dbpedia:Katja_Suding>	1.6276623010635376
INEX_XER-127	<dbpedia:Manuela_Schwesig>	1.6223477125167847
INEX_XER-127	<dbpedia:Annemarie_Renger>	1.6177557706832886
