INEX_LD-2009022	<dbpedia:Cambodian_cuisine>	-0.4596608877182007
INEX_LD-2009022	<dbpedia:Dalkttongjip>	-2.5313262939453125
INEX_LD-2009022	<dbpedia:Zhal>	-3.6713314056396484
INEX_LD-2009022	<dbpedia:Khorovats>	-4.506619453430176
INEX_LD-2009022	<dbpedia:Pitsi-pitsî>	-4.933671951293945
INEX_LD-2009022	<dbpedia:Puerto_Rican_Chinese_cuisine>	-5.181373119354248
INEX_LD-2009022	<dbpedia:Jalea>	-5.2386474609375
INEX_LD-2009022	<dbpedia:Picada>	-6.335191249847412
INEX_LD-2009022	<dbpedia:Tacacho>	-6.750984191894531
INEX_LD-2009022	<dbpedia:Gras_double>	-7.765687942504883
INEX_LD-2009039	<dbpedia:Roman_type>	0.0027045905590057373
INEX_LD-2009039	<dbpedia:Medieval_architecture>	-1.464098572731018
INEX_LD-2009039	<dbpedia:Italian_Baroque_architecture>	-2.9245543479919434
INEX_LD-2009039	<dbpedia:Sentimentalny_roman>	-5.8625946044921875
INEX_LD-2009039	<dbpedia:HP_roman8>	-6.172643661499023
INEX_LD-2009039	<dbpedia:La_reprise>	-6.674244403839111
INEX_LD-2009039	<dbpedia:Roman_du_terroir>	-6.824376106262207
INEX_LD-2009039	<dbpedia:Semantic_architecture>	-8.334177017211914
INEX_LD-2009039	<dbpedia:Le_Retour>	-9.455440521240234
INEX_LD-2009039	<dbpedia:Gelse>	-9.846019744873047
INEX_LD-2009053	<dbpedia:Sisu_production>	-2.8255152702331543
INEX_LD-2009053	<dbpedia:Praga_R1>	-7.938807487487793
INEX_LD-2009053	<dbpedia:Lada>	-8.078075408935547
INEX_LD-2009053	<dbpedia:Lancia_Beta>	-8.756973266601562
INEX_LD-2009053	<dbpedia:Opel_Kapitän>	-8.770352363586426
INEX_LD-2009053	<dbpedia:Lamborghini_Jalpa>	-8.812482833862305
INEX_LD-2009053	<dbpedia:Delaugère_et_Clayette>	-9.162410736083984
INEX_LD-2009053	<dbpedia:D&S_Car_Wash>	-9.643424034118652
INEX_LD-2009053	<dbpedia:Nissan_Townpod>	-9.763188362121582
INEX_LD-2009053	<dbpedia:Delage_D4>	-10.022049903869629
INEX_LD-2009061	<dbpedia:41st_Army_Corps_(France)>	1.147424578666687
INEX_LD-2009061	<dbpedia:16th_Army_Corps_(France)>	1.0819873809814453
INEX_LD-2009061	<dbpedia:Georges_Altman>	-2.0281982421875
INEX_LD-2009061	<dbpedia:No._293_Squadron_RAF>	-5.511516571044922
INEX_LD-2009061	<dbpedia:No._195_Squadron_RAF>	-5.661745071411133
INEX_LD-2009061	<dbpedia:Iain_Paul>	-6.457497596740723
INEX_LD-2009061	<dbpedia:No._199_Squadron_RAF>	-6.628921985626221
INEX_LD-2009061	<dbpedia:World_war>	-6.808500289916992
INEX_LD-2009061	<dbpedia:1939_All_England_Badminton_Championships>	-7.625195503234863
INEX_LD-2009061	<dbpedia:Vincenzo_Carabetta>	-10.901130676269531
INEX_LD-2009062	<dbpedia:Collective_network>	-0.10522560775279999
INEX_LD-2009062	<dbpedia:International_Network_for_Social_Network_Analysis>	-1.4172296524047852
INEX_LD-2009062	<dbpedia:Social_network_advertising>	-1.8593896627426147
INEX_LD-2009062	<dbpedia:Distributed_social_network>	-2.131751775741577
INEX_LD-2009062	<dbpedia:Social_invisibility>	-3.258269786834717
INEX_LD-2009062	<dbpedia:MCOP>	-5.174553871154785
INEX_LD-2009062	<dbpedia:Semantic_social_network>	-5.23328971862793
INEX_LD-2009062	<dbpedia:Mentez>	-5.859248638153076
INEX_LD-2009062	<dbpedia:Communities.com>	-5.898612022399902
INEX_LD-2009062	<dbpedia:OpenSocialNetwork>	-7.627904891967773
INEX_LD-2009063	<dbpedia:Robert_G._Cole>	5.812125205993652
INEX_LD-2009063	<dbpedia:Overlord_embroidery>	5.6413044929504395
INEX_LD-2009063	<dbpedia:D-Day_(game)>	5.087494373321533
INEX_LD-2009063	<dbpedia:John_G._Burkhalter>	3.882232904434204
INEX_LD-2009063	<dbpedia:Mission_Hackensack>	3.2449913024902344
INEX_LD-2009063	<dbpedia:Axis_&_Allies:_D-Day>	1.0828298330307007
INEX_LD-2009063	<dbpedia:Lionel_Shapiro>	0.9105969667434692
INEX_LD-2009063	<dbpedia:V_for_Victory:_D-Day_Utah_Beach>	-0.5458563566207886
INEX_LD-2009063	<dbpedia:Index_of_World_War_II_articles_(D)>	-3.0716474056243896
INEX_LD-2009063	<dbpedia:National_D-Day_Memorial>	-3.3543753623962402
INEX_LD-2009074	<dbpedia:Topic-Sensitive_PageRank>	4.2263593673706055
INEX_LD-2009074	<dbpedia:Rank_SIFT>	2.4181008338928223
INEX_LD-2009074	<dbpedia:Scoring_algorithm>	0.8420083522796631
INEX_LD-2009074	<dbpedia:LIRS_caching_algorithm>	-1.749377727508545
INEX_LD-2009074	<dbpedia:Flipora>	-6.138700485229492
INEX_LD-2009074	<dbpedia:SitePoint>	-6.448550224304199
INEX_LD-2009074	<dbpedia:Manhattan_address_algorithm>	-7.634145736694336
INEX_LD-2009074	<dbpedia:2345.com>	-8.24990177154541
INEX_LD-2009074	<dbpedia:Archery_at_the_2014_Summer_Youth_Olympics_–_Boys'_individual>	-8.922356605529785
INEX_LD-2009074	<dbpedia:Archery_at_the_2014_Summer_Youth_Olympics_–_Girls'_individual>	-9.200934410095215
INEX_LD-2009115	<dbpedia:Virtual_Museum_of_Canada>	8.916629791259766
INEX_LD-2009115	<dbpedia:List_of_museums_in_Texas>	3.63116455078125
INEX_LD-2009115	<dbpedia:List_of_museums_in_Oregon>	3.5247416496276855
INEX_LD-2009115	<dbpedia:List_of_museums_on_Long_Island>	2.613407611846924
INEX_LD-2009115	<dbpedia:List_of_museums_in_East_Texas>	2.5422706604003906
INEX_LD-2009115	<dbpedia:List_of_museums_in_South_Texas>	2.4935858249664307
INEX_LD-2009115	<dbpedia:List_of_museums_in_West_Texas>	2.435346841812134
INEX_LD-2009115	<dbpedia:List_of_museums_in_the_Texas_Panhandle>	2.280700206756592
INEX_LD-2009115	<dbpedia:List_of_museums_in_the_Texas_Gulf_Coast>	2.21490216255188
INEX_LD-2009115	<dbpedia:List_of_museums_in_Montreal>	2.1515939235687256
INEX_LD-2010004	<dbpedia:Indian_bread>	7.284403324127197
INEX_LD-2010004	<dbpedia:List_of_Indian_breads>	6.295866966247559
INEX_LD-2010004	<dbpedia:K._T._Achaya>	6.274134635925293
INEX_LD-2010004	<dbpedia:Indian_Singaporean_cuisine>	4.270219802856445
INEX_LD-2010004	<dbpedia:Ragda_pattice>	4.162187099456787
INEX_LD-2010004	<dbpedia:Chinese_bhel>	3.944103240966797
INEX_LD-2010004	<dbpedia:Anjum_Anand>	3.430347442626953
INEX_LD-2010004	<dbpedia:Haggis_pakora>	1.9959242343902588
INEX_LD-2010004	<dbpedia:Food_Distribution_Program_on_Indian_Reservations>	1.628005862236023
INEX_LD-2010004	<dbpedia:Bhang>	-1.94098961353302
INEX_LD-2010014	<dbpedia:Antonín_Dvořák_Museum>	7.075340747833252
INEX_LD-2010014	<dbpedia:Tchaikovsky_Museum_(Votkinsk)>	6.335259437561035
INEX_LD-2010014	<dbpedia:Musée-Placard_d'Erik_Satie>	6.277167320251465
INEX_LD-2010014	<dbpedia:Fryderyk_Chopin_Museum>	6.094703674316406
INEX_LD-2010014	<dbpedia:Elgar_Birthplace_Museum>	5.387781620025635
INEX_LD-2010014	<dbpedia:Lin_Hsin_Hsin_Art_Museum>	2.4429073333740234
INEX_LD-2010014	<dbpedia:Ivanovka_estate>	2.413931369781494
INEX_LD-2010014	<dbpedia:Lin_Hsin_Hsin>	1.7724597454071045
INEX_LD-2010014	<dbpedia:Jodle_Birge>	1.3589922189712524
INEX_LD-2010014	<dbpedia:List_of_museums_in_Andorra>	-8.534549713134766
INEX_LD-2010019	<dbpedia:La_reprise>	-8.420187950134277
INEX_LD-2010019	<dbpedia:4th_century_in_architecture>	-10.215032577514648
INEX_LD-2010019	<dbpedia:3rd_century_in_architecture>	-10.224813461303711
INEX_LD-2010019	<dbpedia:5th_century_in_architecture>	-10.225282669067383
INEX_LD-2010019	<dbpedia:Crambus_paris>	-10.313194274902344
INEX_LD-2010019	<dbpedia:10th_century_in_architecture>	-10.405794143676758
INEX_LD-2010019	<dbpedia:Franck_Tchiloemba>	-10.431937217712402
INEX_LD-2010019	<dbpedia:8th_century_in_architecture>	-10.552292823791504
INEX_LD-2010019	<dbpedia:Orthogonius_paris>	-10.701330184936523
INEX_LD-2010019	<dbpedia:Papilio_paris_tamilana>	-10.937392234802246
INEX_LD-2010020	<dbpedia:Wind_power_in_France>	6.899345397949219
INEX_LD-2010020	<dbpedia:Electricity_sector_in_France>	6.781627655029297
INEX_LD-2010020	<dbpedia:Energy_in_France>	4.455188274383545
INEX_LD-2010020	<dbpedia:Electricity_sector_in_Belgium>	-0.0013714730739593506
INEX_LD-2010020	<dbpedia:Electricity_sector_in_Spain>	-2.908036231994629
INEX_LD-2010020	<dbpedia:Guarantee_of_origin>	-2.992804527282715
INEX_LD-2010020	<dbpedia:Hydroelectricity_in_Romania>	-3.3531665802001953
INEX_LD-2010020	<dbpedia:Nuclear_power_in_India>	-3.919483184814453
INEX_LD-2010020	<dbpedia:Energy_in_Victoria_(Australia)>	-4.938663005828857
INEX_LD-2010020	<dbpedia:Mandatory_renewable_energy_target>	-7.824972629547119
INEX_LD-2010037	<dbpedia:Open_Collaboration_Services>	4.204219818115234
INEX_LD-2010037	<dbpedia:Distributed_social_network>	2.589515209197998
INEX_LD-2010037	<dbpedia:Gnip>	2.0037882328033447
INEX_LD-2010037	<dbpedia:Samepoint>	1.7662770748138428
INEX_LD-2010037	<dbpedia:International_Network_for_Social_Network_Analysis>	1.7356816530227661
INEX_LD-2010037	<dbpedia:OpenSocialNetwork>	-0.3503054082393646
INEX_LD-2010037	<dbpedia:Communities.com>	-2.160501003265381
INEX_LD-2010037	<dbpedia:Winsock>	-3.248211145401001
INEX_LD-2010037	<dbpedia:JSLEE>	-4.024301052093506
INEX_LD-2010037	<dbpedia:Mentez>	-4.456009864807129
INEX_LD-2010043	<dbpedia:List_of_Iranian_films>	-4.877926349639893
INEX_LD-2010043	<dbpedia:List_of_horror_films_of_the_1960s>	-5.029819488525391
INEX_LD-2010043	<dbpedia:List_of_horror_films_of_the_1980s>	-5.132534503936768
INEX_LD-2010043	<dbpedia:List_of_horror_films_of_the_1990s>	-5.379237651824951
INEX_LD-2010043	<dbpedia:List_of_horror_films_of_the_2000s>	-5.413846969604492
INEX_LD-2010043	<dbpedia:List_of_horror_films_of_the_1970s>	-5.623090744018555
INEX_LD-2010043	<dbpedia:List_of_horror_films_of_the_2010s>	-5.9888176918029785
INEX_LD-2010043	<dbpedia:List_of_Assamese_films>	-6.835469722747803
INEX_LD-2010043	<dbpedia:List_of_Turkish_films_of_the_1970s>	-8.365982055664062
INEX_LD-2010043	<dbpedia:List_of_Telugu_films_of_the_2010s>	-9.155853271484375
INEX_LD-2010057	<dbpedia:History_of_loop_quantum_gravity>	8.885255813598633
INEX_LD-2010057	<dbpedia:The_Einstein_Theory_of_Relativity>	8.588449478149414
INEX_LD-2010057	<dbpedia:Relativity_priority_dispute>	8.054179191589355
INEX_LD-2010057	<dbpedia:Higher-dimensional_Einstein_gravity>	5.879915237426758
INEX_LD-2010057	<dbpedia:Criticism_of_the_theory_of_relativity>	5.722771644592285
INEX_LD-2010057	<dbpedia:Lovelock_theory_of_gravity>	5.132267951965332
INEX_LD-2010057	<dbpedia:Beyond_Einstein_program>	3.8739850521087646
INEX_LD-2010057	<dbpedia:Einstein_Telescope>	3.1080315113067627
INEX_LD-2010057	<dbpedia:Abraham_Zelmanov>	2.525102138519287
INEX_LD-2010057	<dbpedia:Reinventing_Gravity>	-1.9950048923492432
INEX_LD-2010069	<dbpedia:Kallstroemia_grandiflora>	4.582130432128906
INEX_LD-2010069	<dbpedia:Cheilosia_bergenstammi>	2.854602813720703
INEX_LD-2010069	<dbpedia:Paris_polyphylla>	2.838426351547241
INEX_LD-2010069	<dbpedia:Agalinis_purpurea>	2.741744041442871
INEX_LD-2010069	<dbpedia:Oenothera_odorata>	2.366997003555298
INEX_LD-2010069	<dbpedia:Agalinis_tenuifolia>	2.340900421142578
INEX_LD-2010069	<dbpedia:Chamaecrista_fasciculata>	1.8347716331481934
INEX_LD-2010069	<dbpedia:Aulax>	0.5991429090499878
INEX_LD-2010069	<dbpedia:Centaurea_nigrescens>	0.1482110321521759
INEX_LD-2010069	<dbpedia:Guldborgsund_Zoo>	-1.5590269565582275
INEX_LD-2010100	<dbpedia:US_Coast_Guard_and_Geodetic_Survey_Seismological_and_Geomagnetic_House>	1.1213597059249878
INEX_LD-2010100	<dbpedia:Reeves_House_(Siloam_Springs,_Arkansas)>	0.789354681968689
INEX_LD-2010100	<dbpedia:Bromley-Mills-Treece_House>	0.16982682049274445
INEX_LD-2010100	<dbpedia:Attwood-Hopson_House>	-0.8544119000434875
INEX_LD-2010100	<dbpedia:Fairbanks_Exploration_Company_Manager's_House>	-1.4001573324203491
INEX_LD-2010100	<dbpedia:Hubert_&_Ionia_Furr_House>	-1.8865817785263062
INEX_LD-2010100	<dbpedia:McClelland-Grimes_Farm>	-2.766681671142578
INEX_LD-2010100	<dbpedia:Courthouse_of_American_Samoa>	-3.7790791988372803
INEX_LD-2010100	<dbpedia:Luther_Elliott_House>	-5.285773277282715
INEX_LD-2010100	<dbpedia:Sunol_Water_Temple>	-7.188141345977783
INEX_LD-2010106	<dbpedia:Vegan_organic_gardening>	-3.993010997772217
INEX_LD-2010106	<dbpedia:Organic_beef>	-4.549349784851074
INEX_LD-2010106	<dbpedia:Organic_product>	-5.232243061065674
INEX_LD-2010106	<dbpedia:Organic_certification>	-6.748813152313232
INEX_LD-2010106	<dbpedia:Eden_Foods_Inc.>	-6.855968475341797
INEX_LD-2010106	<dbpedia:Propyl_benzoate>	-9.447149276733398
INEX_LD-2010106	<dbpedia:Transesophageal_echocardiogram>	-10.478691101074219
INEX_LD-2010106	<dbpedia:Structural_inequality_in_education>	-10.501015663146973
INEX_LD-2010106	<dbpedia:Dogs_101>	-10.549920082092285
INEX_LD-2010106	<dbpedia:Visual_privacy>	-10.709735870361328
INEX_LD-20120111	<dbpedia:Hindustan_Ki_Kasam>	-1.557790994644165
INEX_LD-20120111	<dbpedia:Fragments_of_War:_The_Story_of_Damien_Parer>	-2.6927151679992676
INEX_LD-20120111	<dbpedia:Attack_and_Retreat>	-2.984348773956299
INEX_LD-20120111	<dbpedia:Carter's_Army>	-4.038793563842773
INEX_LD-20120111	<dbpedia:Jocelyn_Brando>	-4.37607479095459
INEX_LD-20120111	<dbpedia:Ogniomistrz_Kaleń>	-4.455334663391113
INEX_LD-20120111	<dbpedia:Surface_to_Air_(film)>	-4.4681572914123535
INEX_LD-20120111	<dbpedia:Eagles_(1984_film)>	-4.716927528381348
INEX_LD-20120111	<dbpedia:Trench_143>	-5.1291608810424805
INEX_LD-20120111	<dbpedia:Khan_Kluay_2>	-6.919672966003418
INEX_LD-20120121	<dbpedia:The_Redwall_Cookbook>	-8.884418487548828
INEX_LD-20120121	<dbpedia:Cooking_Light>	-9.397581100463867
INEX_LD-20120121	<dbpedia:John_Mitzewich>	-9.529544830322266
INEX_LD-20120121	<dbpedia:The_F_Word>	-9.661812782287598
INEX_LD-20120121	<dbpedia:Sue_Lawrence>	-9.684260368347168
INEX_LD-20120121	<dbpedia:Mehboob_Alam_Khan>	-9.79681396484375
INEX_LD-20120121	<dbpedia:Connie_Ruel>	-9.822999000549316
INEX_LD-20120121	<dbpedia:Michelle_Tam>	-10.113134384155273
INEX_LD-20120121	<dbpedia:Coddling>	-10.187251091003418
INEX_LD-20120121	<dbpedia:The_Ultimate_Beer_Lover's_Cookbook>	-10.397119522094727
INEX_LD-20120122	<dbpedia:Clotilde_Dusoulier>	-3.1024417877197266
INEX_LD-20120122	<dbpedia:Pastanjauhantaa>	-4.932210922241211
INEX_LD-20120122	<dbpedia:Danielle_Walker>	-5.4414873123168945
INEX_LD-20120122	<dbpedia:Serious_Eats>	-5.6707963943481445
INEX_LD-20120122	<dbpedia:Weblogs,_Inc.>	-5.924530029296875
INEX_LD-20120122	<dbpedia:BrooklynVegan>	-5.932853698730469
INEX_LD-20120122	<dbpedia:Sarah_Wu>	-6.534572601318359
INEX_LD-20120122	<dbpedia:BlogCN>	-8.983884811401367
INEX_LD-20120122	<dbpedia:DesiPundit>	-9.220046997070312
INEX_LD-20120122	<dbpedia:VG247>	-9.740303993225098
INEX_LD-20120131	<dbpedia:Warrumbungle_National_Park>	-5.298223495483398
INEX_LD-20120131	<dbpedia:Bandai-Asahi_National_Park>	-6.216198444366455
INEX_LD-20120131	<dbpedia:Mont-Tremblant_National_Park>	-7.396818161010742
INEX_LD-20120131	<dbpedia:Katavi_National_Park>	-7.575978755950928
INEX_LD-20120131	<dbpedia:Grasslands_National_Park>	-7.608108997344971
INEX_LD-20120131	<dbpedia:Boukornine_National_Park>	-7.82240104675293
INEX_LD-20120131	<dbpedia:Campo_Ma'an_National_Park>	-8.247917175292969
INEX_LD-20120131	<dbpedia:Jebil_National_Park>	-8.571136474609375
INEX_LD-20120131	<dbpedia:Epping_Forest_National_Park>	-9.842029571533203
INEX_LD-20120131	<dbpedia:Mole_Creek_Karst_National_Park>	-10.235427856445312
INEX_LD-20120211	<dbpedia:Open_B_tuning>	8.710393905639648
INEX_LD-20120211	<dbpedia:Open_C_tuning>	8.661975860595703
INEX_LD-20120211	<dbpedia:Open_D_tuning>	8.527514457702637
INEX_LD-20120211	<dbpedia:B♭_tuning>	7.8824896812438965
INEX_LD-20120211	<dbpedia:E♭_tuning>	7.587620735168457
INEX_LD-20120211	<dbpedia:DADGAD>	7.082204818725586
INEX_LD-20120211	<dbpedia:Drop_B_tuning>	6.660777568817139
INEX_LD-20120211	<dbpedia:E9_tuning>	4.8996124267578125
INEX_LD-20120211	<dbpedia:Le_Igi>	2.973830223083496
INEX_LD-20120211	<dbpedia:Insen_scale>	-1.0117971897125244
INEX_LD-20120221	<dbpedia:Flamenco_guitar>	8.274887084960938
INEX_LD-20120221	<dbpedia:Lester_DeVoe>	6.562595367431641
INEX_LD-20120221	<dbpedia:Picados>	6.351694107055664
INEX_LD-20120221	<dbpedia:Ramírez_Guitars>	6.1848249435424805
INEX_LD-20120221	<dbpedia:Grisha_Goryachev>	5.946465969085693
INEX_LD-20120221	<dbpedia:Hermanos_Conde>	5.614736557006836
INEX_LD-20120221	<dbpedia:Rasgueado>	5.100811958312988
INEX_LD-20120221	<dbpedia:New_Flamenco>	3.9422974586486816
INEX_LD-20120221	<dbpedia:Paco_de_Lucena>	3.407928943634033
INEX_LD-20120221	<dbpedia:Juan_Martín>	2.2430717945098877
INEX_LD-20120231	<dbpedia:Mr_Russia>	3.3096916675567627
INEX_LD-20120231	<dbpedia:Anastasia_Bardina>	2.2823967933654785
INEX_LD-20120231	<dbpedia:Sasha_Kolpakov>	2.2037594318389893
INEX_LD-20120231	<dbpedia:Indians_in_Russia>	-5.377710819244385
INEX_LD-20120231	<dbpedia:Lenar_Gilmullin>	-5.996406555175781
INEX_LD-20120231	<dbpedia:Russky_Newsweek>	-6.424571514129639
INEX_LD-20120231	<dbpedia:Vladimir_Mikhailovich_Yashvil>	-6.43688440322876
INEX_LD-20120231	<dbpedia:Polish_I_Corps_in_Russia>	-7.028023719787598
INEX_LD-20120231	<dbpedia:Emmanuel_Rashba>	-7.339198589324951
INEX_LD-20120231	<dbpedia:Nicholas_Tolstoy>	-7.463716983795166
INEX_LD-20120232	<dbpedia:West_Coast_blues>	4.766548156738281
INEX_LD-20120232	<dbpedia:Bentonia_School>	3.105923652648926
INEX_LD-20120232	<dbpedia:Texas_blues>	2.9983348846435547
INEX_LD-20120232	<dbpedia:List_of_Texas_blues_musicians>	2.596801280975342
INEX_LD-20120232	<dbpedia:Rick_Fowler>	2.3050527572631836
INEX_LD-20120232	<dbpedia:Blues_Bureau_International>	2.2788405418395996
INEX_LD-20120232	<dbpedia:Gospel_blues>	1.9501957893371582
INEX_LD-20120232	<dbpedia:Willie_Brown_(musician)>	1.1100003719329834
INEX_LD-20120232	<dbpedia:Frank_Hutchison>	0.9594108462333679
INEX_LD-20120232	<dbpedia:Long_Gone_(album)>	0.2565600574016571
INEX_LD-20120311	<dbpedia:Buenas_noches,_Buenos_Aires>	6.363024711608887
INEX_LD-20120311	<dbpedia:El_tango_vuelve_a_París>	4.945096969604492
INEX_LD-20120311	<dbpedia:Tango>	0.6213659644126892
INEX_LD-20120311	<dbpedia:Milonguero>	-0.999113142490387
INEX_LD-20120311	<dbpedia:Homer_Ladas>	-1.0602558851242065
INEX_LD-20120311	<dbpedia:Juan_Carlos_Copes>	-2.4978764057159424
INEX_LD-20120311	<dbpedia:Roberto_Firpo>	-2.577181577682495
INEX_LD-20120311	<dbpedia:List_of_tango_singers>	-4.317896842956543
INEX_LD-20120311	<dbpedia:Thrill_of_the_Surf>	-6.8532185554504395
INEX_LD-20120311	<dbpedia:Bloody_Mary_folklore_in_popular_culture>	-9.309614181518555
INEX_LD-20120312	<dbpedia:Tango>	3.7804880142211914
INEX_LD-20120312	<dbpedia:Milonguero>	1.0086860656738281
INEX_LD-20120312	<dbpedia:Buenas_noches,_Buenos_Aires>	0.6136752963066101
INEX_LD-20120312	<dbpedia:El_tango_vuelve_a_París>	-0.9492492079734802
INEX_LD-20120312	<dbpedia:Homer_Ladas>	-0.9726013541221619
INEX_LD-20120312	<dbpedia:Roberto_Firpo>	-1.166500210762024
INEX_LD-20120312	<dbpedia:Juan_Carlos_Copes>	-1.7730807065963745
INEX_LD-20120312	<dbpedia:Cátulo_Castillo>	-2.174956798553467
INEX_LD-20120312	<dbpedia:List_of_tango_singers>	-4.268422603607178
INEX_LD-20120312	<dbpedia:Subdivisions_of_the_Nordic_countries>	-9.000114440917969
INEX_LD-20120321	<dbpedia:Juan_Carlos_Cobián>	8.1914701461792
INEX_LD-20120321	<dbpedia:Roberto_Firpo>	8.159819602966309
INEX_LD-20120321	<dbpedia:Mi_Buenos_Aires_querido>	4.766026973724365
INEX_LD-20120321	<dbpedia:Buenos_Aires_8>	3.96463680267334
INEX_LD-20120321	<dbpedia:Finnish_tango>	3.3428776264190674
INEX_LD-20120321	<dbpedia:London_Concertante>	3.33119797706604
INEX_LD-20120321	<dbpedia:Homer_Ladas>	-0.7094144225120544
INEX_LD-20120321	<dbpedia:List_of_classical_music_composers_by_era>	-5.69415807723999
INEX_LD-20120321	<dbpedia:List_of_symphony_composers>	-6.125794410705566
INEX_LD-20120321	<dbpedia:List_of_classical_composers_in_the_German_Democratic_Republic>	-6.51961612701416
INEX_LD-20120331	<dbpedia:Tango>	6.93529748916626
INEX_LD-20120331	<dbpedia:Neotango>	6.545393943786621
INEX_LD-20120331	<dbpedia:Homer_Ladas>	6.221569061279297
INEX_LD-20120331	<dbpedia:Queer_Tango>	5.053986549377441
INEX_LD-20120331	<dbpedia:Juan_Carlos_Copes>	4.533727169036865
INEX_LD-20120331	<dbpedia:Milonguero>	4.4779276847839355
INEX_LD-20120331	<dbpedia:Osvaldo_Pugliese>	3.962228775024414
INEX_LD-20120331	<dbpedia:Juan_Carlos_Cobián>	1.7048866748809814
INEX_LD-20120331	<dbpedia:Enrique_Saborido>	0.9182522296905518
INEX_LD-20120331	<dbpedia:Hip-hop_dance>	-1.1595265865325928
INEX_LD-20120332	<dbpedia:Tango>	7.139273643493652
INEX_LD-20120332	<dbpedia:Juan_Carlos_Copes>	4.426305770874023
INEX_LD-20120332	<dbpedia:Neotango>	4.409817218780518
INEX_LD-20120332	<dbpedia:Homer_Ladas>	3.6846578121185303
INEX_LD-20120332	<dbpedia:Milonguero>	3.6762259006500244
INEX_LD-20120332	<dbpedia:Osvaldo_Pugliese>	3.250624895095825
INEX_LD-20120332	<dbpedia:Tango_on_intohimoni>	2.813671588897705
INEX_LD-20120332	<dbpedia:Juan_Carlos_Cobián>	2.0986170768737793
INEX_LD-20120332	<dbpedia:Queer_Tango>	1.8156226873397827
INEX_LD-20120332	<dbpedia:Enrique_Saborido>	1.489802360534668
INEX_LD-20120411	<dbpedia:Brussels_Cycling_Classic>	6.456902980804443
INEX_LD-20120411	<dbpedia:Elimination_races>	6.421605587005615
INEX_LD-20120411	<dbpedia:Giro_dell'Emilia>	5.397578716278076
INEX_LD-20120411	<dbpedia:Golan_(cycling_race)>	5.162424087524414
INEX_LD-20120411	<dbpedia:Tour_de_Berne>	5.086172103881836
INEX_LD-20120411	<dbpedia:BMX_bike>	4.672137260437012
INEX_LD-20120411	<dbpedia:2015_in_men's_road_cycling>	4.554455757141113
INEX_LD-20120411	<dbpedia:Tour_of_Somerville>	3.6740670204162598
INEX_LD-20120411	<dbpedia:2015_in_women's_road_cycling>	3.425379753112793
INEX_LD-20120411	<dbpedia:2014_in_women's_road_cycling>	3.2428529262542725
INEX_LD-20120412	<dbpedia:Cycling_at_the_2000_Summer_Olympics>	7.570915222167969
INEX_LD-20120412	<dbpedia:Cycling_at_the_2015_European_Games>	7.154894828796387
INEX_LD-20120412	<dbpedia:Motorcycle_sport>	6.31392765045166
INEX_LD-20120412	<dbpedia:Mathieu_van_der_Poel>	6.094498634338379
INEX_LD-20120412	<dbpedia:BMX_bike>	1.37514066696167
INEX_LD-20120412	<dbpedia:Trampette>	-4.164244651794434
INEX_LD-20120412	<dbpedia:Ski-orienteering>	-4.397840976715088
INEX_LD-20120412	<dbpedia:Figure_skating>	-4.908054351806641
INEX_LD-20120412	<dbpedia:American_Warmblood>	-5.975959300994873
INEX_LD-20120412	<dbpedia:Archery_at_the_Summer_Universiade>	-7.248106956481934
INEX_LD-20120421	<dbpedia:Tour_de_Donut>	-0.633608877658844
INEX_LD-20120421	<dbpedia:Kelling_Heath_Holiday_Park>	-3.3317291736602783
INEX_LD-20120421	<dbpedia:South_Lakeland_Parks>	-4.406974792480469
INEX_LD-20120421	<dbpedia:Balgowan,_South_Australia>	-4.4542131423950195
INEX_LD-20120421	<dbpedia:Sa_Riera>	-7.14438009262085
INEX_LD-20120421	<dbpedia:Yarmouth–Lowestoft_Line>	-7.420548439025879
INEX_LD-20120421	<dbpedia:Newspaper_holiday>	-9.449167251586914
INEX_LD-20120421	<dbpedia:List_of_bicycle_part_manufacturing_companies>	-10.040575981140137
INEX_LD-20120421	<dbpedia:Bicycle_tools>	-10.454998016357422
INEX_LD-20120421	<dbpedia:Substitute_holiday>	-10.604732513427734
INEX_LD-20120422	<dbpedia:Single-speed_bicycle>	-6.781978607177734
INEX_LD-20120422	<dbpedia:Greenery_Day>	-6.903798580169678
INEX_LD-20120422	<dbpedia:Bicycle_cooperative>	-8.474891662597656
INEX_LD-20120422	<dbpedia:Substitute_holiday>	-8.919265747070312
INEX_LD-20120422	<dbpedia:Newspaper_holiday>	-9.278630256652832
INEX_LD-20120422	<dbpedia:Bicycle_Accident_Reconstruction_and_Litigation>	-9.296688079833984
INEX_LD-20120422	<dbpedia:South_Lakeland_Parks>	-9.815213203430176
INEX_LD-20120422	<dbpedia:Garifuna_Settlement_Day>	-9.983973503112793
INEX_LD-20120422	<dbpedia:Bicycle_tools>	-10.394204139709473
INEX_LD-20120422	<dbpedia:List_of_bicycle_part_manufacturing_companies>	-10.623191833496094
INEX_LD-20120431	<dbpedia:Cardboard_bicycle>	0.7219482660293579
INEX_LD-20120431	<dbpedia:Integrity_Health>	-9.158345222473145
INEX_LD-20120431	<dbpedia:Universal_health_care>	-9.580422401428223
INEX_LD-20120431	<dbpedia:BenMAP>	-10.082694053649902
INEX_LD-20120431	<dbpedia:Mental_Health_Parity_Act>	-10.397459030151367
INEX_LD-20120431	<dbpedia:Honeygar>	-10.520916938781738
INEX_LD-20120431	<dbpedia:Grain_crimping>	-10.633508682250977
INEX_LD-20120431	<dbpedia:Superfood>	-10.740346908569336
INEX_LD-20120431	<dbpedia:Oklahoma_Health_Care_Authority>	-11.00134563446045
INEX_LD-20120431	<dbpedia:Behavior_change_(public_health)>	-11.017814636230469
INEX_LD-20120511	<dbpedia:List_of_female_rock_singers>	7.002159118652344
INEX_LD-20120511	<dbpedia:List_of_female_heavy_metal_singers>	5.866740703582764
INEX_LD-20120511	<dbpedia:Panty_Raid_(album)>	3.006061553955078
INEX_LD-20120511	<dbpedia:Krosswindz>	2.640732526779175
INEX_LD-20120511	<dbpedia:Fariha_Pervez>	1.1041561365127563
INEX_LD-20120511	<dbpedia:Qamar_Gula>	0.4495309591293335
INEX_LD-20120511	<dbpedia:Bangladesh_National_Film_Award_for_Best_Female_Playback_Singer>	-1.4496886730194092
INEX_LD-20120511	<dbpedia:Larry_Parnes>	-2.150805950164795
INEX_LD-20120511	<dbpedia:Egyptian_(band)>	-2.2351205348968506
INEX_LD-20120511	<dbpedia:Revista_H>	-7.898128032684326
INEX_LD-20120512	<dbpedia:Blady>	8.917558670043945
INEX_LD-20120512	<dbpedia:List_of_South_Korean_idol_groups>	6.227018356323242
INEX_LD-20120512	<dbpedia:Starship_Entertainment>	5.044781684875488
INEX_LD-20120512	<dbpedia:List_of_girl_groups>	-0.025867197662591934
INEX_LD-20120512	<dbpedia:List_of_songs_recorded_by_Beyoncé>	-4.015465259552002
INEX_LD-20120512	<dbpedia:Korea_Janggi_Association>	-4.60560417175293
INEX_LD-20120512	<dbpedia:Kiely_Williams>	-5.256229877471924
INEX_LD-20120512	<dbpedia:Kim_Du-han>	-7.5619587898254395
INEX_LD-20120512	<dbpedia:Kim_Kuk-hyang_(weightlifter)>	-7.615022659301758
INEX_LD-20120512	<dbpedia:Piece_(album)>	-9.306513786315918
INEX_LD-20120521	<dbpedia:List_of_electronic_music_genres>	9.724645614624023
INEX_LD-20120521	<dbpedia:List_of_electronic_music_festivals>	7.5356903076171875
INEX_LD-20120521	<dbpedia:Bloc_Festival>	6.905436038970947
INEX_LD-20120521	<dbpedia:Vert_(music)>	6.584229946136475
INEX_LD-20120521	<dbpedia:Timeline_of_electronic_music_genres>	6.508443832397461
INEX_LD-20120521	<dbpedia:German_electronic_music>	6.061315536499023
INEX_LD-20120521	<dbpedia:The_One-T_ODC>	6.003470420837402
INEX_LD-20120521	<dbpedia:Michael_William_Gilbert>	5.179399490356445
INEX_LD-20120521	<dbpedia:Charlie_Atom>	4.249836444854736
INEX_LD-20120521	<dbpedia:Sunny_Viswanath>	2.1596102714538574
INEX_LD-20120522	<dbpedia:List_of_Online_Digital_Musical_Document_Libraries>	5.13901424407959
INEX_LD-20120522	<dbpedia:Musical_notation>	1.0437545776367188
INEX_LD-20120522	<dbpedia:Scorewriter>	0.8793862462043762
INEX_LD-20120522	<dbpedia:Graphic_notation>	0.012089420109987259
INEX_LD-20120522	<dbpedia:HDtracks>	-0.2675607204437256
INEX_LD-20120522	<dbpedia:REX2>	-0.4653615355491638
INEX_LD-20120522	<dbpedia:Netlabel>	-1.2089916467666626
INEX_LD-20120522	<dbpedia:Comparison_of_scorewriters>	-1.4836323261260986
INEX_LD-20120522	<dbpedia:MOD_and_TOD>	-2.945978879928589
INEX_LD-20120522	<dbpedia:Linear_(film)>	-7.757229804992676
INEX_LD-20120531	<dbpedia:Sébastien_Nasra>	4.932988166809082
INEX_LD-20120531	<dbpedia:Gordon_Research_Conferences>	-3.0786967277526855
INEX_LD-20120531	<dbpedia:European_Joint_Conferences_on_Theory_and_Practice_of_Software>	-3.5716278553009033
INEX_LD-20120531	<dbpedia:Associations_of_the_United_Church_of_Christ>	-3.83366060256958
INEX_LD-20120531	<dbpedia:Power_Five_conferences>	-3.859128713607788
INEX_LD-20120531	<dbpedia:List_of_conferences_in_London>	-4.2487077713012695
INEX_LD-20120531	<dbpedia:List_of_computer_science_conferences>	-5.081778526306152
INEX_LD-20120531	<dbpedia:YoungStartup_Ventures>	-6.14290714263916
INEX_LD-20120531	<dbpedia:Environmental_mega_conferences>	-6.804743766784668
INEX_LD-20120531	<dbpedia:California_Democratic_Council>	-7.670619487762451
INEX_LD-20120532	<dbpedia:All_Party_Parliamentary_Intellectual_Property_Group>	3.355780601501465
INEX_LD-20120532	<dbpedia:Banner_&_Witcoff>	2.8259289264678955
INEX_LD-20120532	<dbpedia:Intellectual_property_infringement>	2.473686456680298
INEX_LD-20120532	<dbpedia:Enforcement_Directive>	2.232790946960449
INEX_LD-20120532	<dbpedia:Proposed_directive_on_criminal_measures_aimed_at_ensuring_the_enforcement_of_intellectual_property_rights>	0.6050026416778564
INEX_LD-20120532	<dbpedia:Celebrity_bond>	-0.15097399055957794
INEX_LD-20120532	<dbpedia:Anti-Counterfeiting_Trade_Agreement>	-0.3791663646697998
INEX_LD-20120532	<dbpedia:Timothy_Swanson>	-0.9781168699264526
INEX_LD-20120532	<dbpedia:Public_domain_in_the_United_States>	-1.6163705587387085
INEX_LD-20120532	<dbpedia:Cross-licensing>	-2.2822513580322266
INEX_LD-2012301	<dbpedia:Niagara_Lake>	3.1942145824432373
INEX_LD-2012301	<dbpedia:T_Lake_Falls>	2.0426692962646484
INEX_LD-2012301	<dbpedia:Horseshoe_Falls>	0.13759532570838928
INEX_LD-2012301	<dbpedia:American_Falls>	-0.07095202803611755
INEX_LD-2012301	<dbpedia:Sixteen_Mile_Creek_(Niagara_Region)>	-0.1595107913017273
INEX_LD-2012301	<dbpedia:Albion_Falls>	-1.215467929840088
INEX_LD-2012301	<dbpedia:Goat_Island_(New_York)>	-2.1091151237487793
INEX_LD-2012301	<dbpedia:List_of_objects_that_have_gone_over_Niagara_Falls>	-3.1405675411224365
INEX_LD-2012301	<dbpedia:Karel_Soucek>	-4.889301776885986
INEX_LD-2012301	<dbpedia:Pocono_Peak_Lake>	-6.945986270904541
INEX_LD-2012303	<dbpedia:Arthroconidium>	5.142919540405273
INEX_LD-2012303	<dbpedia:San_Joaquin_Valley>	-2.6820995807647705
INEX_LD-2012303	<dbpedia:California_Valley_coyote>	-5.264408588409424
INEX_LD-2012303	<dbpedia:San_Joaquin_Formation>	-6.263185501098633
INEX_LD-2012303	<dbpedia:San_Joaquin_antelope_squirrel>	-7.177987098693848
INEX_LD-2012303	<dbpedia:San_Joaquin_Valley_League>	-8.364298820495605
INEX_LD-2012303	<dbpedia:San_Joaquin_Valley_Library_System>	-8.814648628234863
INEX_LD-2012303	<dbpedia:San_Joaquin_Light_and_Power_Corporation>	-9.377986907958984
INEX_LD-2012303	<dbpedia:Ingram_Creek>	-9.41384506225586
INEX_LD-2012303	<dbpedia:Little_Salado_Creek>	-9.950937271118164
INEX_LD-2012305	<dbpedia:North_Dakota's_1st_congressional_district>	-8.92524528503418
INEX_LD-2012305	<dbpedia:North_Dakota_Governor's_Residence>	-8.927997589111328
INEX_LD-2012305	<dbpedia:Charles_Wachter>	-9.274492263793945
INEX_LD-2012305	<dbpedia:North_Dakota's_3rd_congressional_district>	-9.289311408996582
INEX_LD-2012305	<dbpedia:North_Dakota_HB_1572>	-9.69262409210205
INEX_LD-2012305	<dbpedia:James_H._Sinclair>	-9.769652366638184
INEX_LD-2012305	<dbpedia:Edward_L._Garden>	-9.814148902893066
INEX_LD-2012305	<dbpedia:Aslag_Benson>	-10.146585464477539
INEX_LD-2012305	<dbpedia:United_States_House_of_Representatives_election_in_North_Dakota,_2004>	-10.305418014526367
INEX_LD-2012305	<dbpedia:Overprinting>	-11.269282341003418
INEX_LD-2012309	<dbpedia:Kuala_Sawah>	-1.2639702558517456
INEX_LD-2012309	<dbpedia:List_of_Singapore-related_topics>	-1.4364125728607178
INEX_LD-2012309	<dbpedia:Sungai_Rokam>	-6.397001266479492
INEX_LD-2012309	<dbpedia:Bjelkarøy>	-9.011990547180176
INEX_LD-2012309	<dbpedia:Urak_Lawoi’_language>	-9.57513427734375
INEX_LD-2012309	<dbpedia:Harbour_Breton>	-9.64894962310791
INEX_LD-2012309	<dbpedia:Lerøyna>	-9.91341781616211
INEX_LD-2012309	<dbpedia:Oreichthys_parvus>	-10.195368766784668
INEX_LD-2012309	<dbpedia:Spanner_barb>	-10.58439826965332
INEX_LD-2012309	<dbpedia:Brevibora>	-10.696027755737305
INEX_LD-2012311	<dbpedia:John_Lennon/Plastic_Ono_Band>	6.462498664855957
INEX_LD-2012311	<dbpedia:Milk_and_Honey_(album)>	6.075484275817871
INEX_LD-2012311	<dbpedia:Yoko_Ono/Plastic_Ono_Band>	5.614157676696777
INEX_LD-2012311	<dbpedia:Between_My_Head_and_the_Sky>	4.329953193664551
INEX_LD-2012311	<dbpedia:Take_Me_to_the_Land_of_Hell>	4.062065124511719
INEX_LD-2012311	<dbpedia:Born_in_a_Prison>	3.655395030975342
INEX_LD-2012311	<dbpedia:I_Found_Out>	3.43829607963562
INEX_LD-2012311	<dbpedia:Oh_My_Love>	2.695866584777832
INEX_LD-2012311	<dbpedia:Sean_Lennon>	-0.9511382579803467
INEX_LD-2012311	<dbpedia:Elephant's_Memory>	-2.0644431114196777
INEX_LD-2012313	<dbpedia:Barton_Fink>	8.897308349609375
INEX_LD-2012313	<dbpedia:Coen_brothers>	1.994616150856018
INEX_LD-2012313	<dbpedia:Illuminata_(film)>	1.3095897436141968
INEX_LD-2012313	<dbpedia:Intolerable_Cruelty>	0.9252506494522095
INEX_LD-2012313	<dbpedia:Exterminator_2>	0.009688373655080795
INEX_LD-2012313	<dbpedia:John_Blake_(makeup_artist)>	-0.9584448337554932
INEX_LD-2012313	<dbpedia:Jess_Gonchor>	-2.717787265777588
INEX_LD-2012313	<dbpedia:Born_to_Ride_(film)>	-3.6713545322418213
INEX_LD-2012313	<dbpedia:The_Fighting_Brothers>	-5.346997261047363
INEX_LD-2012313	<dbpedia:Night_of_the_Quarter_Moon>	-5.537258148193359
INEX_LD-2012315	<dbpedia:Bernardo_Vergara>	0.6199383735656738
INEX_LD-2012315	<dbpedia:Quezon_Avenue>	-2.329423189163208
INEX_LD-2012315	<dbpedia:Baguio_Cemetery>	-2.533156394958496
INEX_LD-2012315	<dbpedia:DZRR-TV>	-3.387986660003662
INEX_LD-2012315	<dbpedia:Dagupan_Bus_Company>	-4.343829154968262
INEX_LD-2012315	<dbpedia:Blue_Eagle_Gym>	-5.364596366882324
INEX_LD-2012315	<dbpedia:Quezon_Avenue_MRT_Station>	-5.866514205932617
INEX_LD-2012315	<dbpedia:Blumentritt_Road>	-6.488951206207275
INEX_LD-2012315	<dbpedia:Ateneo_F.C.>	-7.130467414855957
INEX_LD-2012315	<dbpedia:Tullahan_River>	-8.198711395263672
INEX_LD-2012317	<dbpedia:Sons_and_Lovers>	0.05477321520447731
INEX_LD-2012317	<dbpedia:Sons_and_Lovers_(1981_TV_serial)>	-2.1954505443573
INEX_LD-2012317	<dbpedia:Edward_Garnett>	-4.8713483810424805
INEX_LD-2012317	<dbpedia:Swiss_dagger>	-5.388861179351807
INEX_LD-2012317	<dbpedia:Saints_and_Lovers>	-6.535483360290527
INEX_LD-2012317	<dbpedia:All-In_Fighting>	-8.207173347473145
INEX_LD-2012317	<dbpedia:Rome_Adventure>	-8.636569023132324
INEX_LD-2012317	<dbpedia:Acronicta_hasta>	-9.046119689941406
INEX_LD-2012317	<dbpedia:The_Persistent_Lovers>	-9.473621368408203
INEX_LD-2012317	<dbpedia:USS_F._Mansfield_and_Sons_Co._(SP-691)>	-11.142583847045898
INEX_LD-2012318	<dbpedia:William_C._Thompson>	3.429319143295288
INEX_LD-2012318	<dbpedia:Plan_9_from_Outer_Space>	2.3286185264587402
INEX_LD-2012318	<dbpedia:The_Atomic_Space_Bug>	2.2735109329223633
INEX_LD-2012318	<dbpedia:Plan_10_from_Outer_Space>	2.1800858974456787
INEX_LD-2012318	<dbpedia:I_Married_a_Monster_from_Outer_Space>	1.6474733352661133
INEX_LD-2012318	<dbpedia:Paul_Marco>	1.259517788887024
INEX_LD-2012318	<dbpedia:TCM_Underground>	1.2302583456039429
INEX_LD-2012318	<dbpedia:Bloodsuckers_from_Outer_Space>	0.8295035362243652
INEX_LD-2012318	<dbpedia:Plan_9_from_Outer_Space_(video_game)>	-0.6752707958221436
INEX_LD-2012318	<dbpedia:Gregory_Walcott>	-4.387264251708984
INEX_LD-2012319	<dbpedia:Open_Secrets>	8.257339477539062
INEX_LD-2012319	<dbpedia:Too_Much_Happiness>	3.830731153488159
INEX_LD-2012319	<dbpedia:Vintage_Munro>	2.6452512741088867
INEX_LD-2012319	<dbpedia:How_I_Met_My_Husband>	2.169283390045166
INEX_LD-2012319	<dbpedia:Free_Radicals_(short_story)>	1.8575642108917236
INEX_LD-2012319	<dbpedia:The_Open_Doors>	1.7491796016693115
INEX_LD-2012319	<dbpedia:Alice_(Hermann_book)>	1.1107350587844849
INEX_LD-2012319	<dbpedia:Into_the_Widening_World>	0.3150469660758972
INEX_LD-2012319	<dbpedia:Alice_Mattison>	-3.508030652999878
INEX_LD-2012319	<dbpedia:The_Originist>	-7.910331726074219
INEX_LD-2012321	<dbpedia:Founding_of_modern_Singapore>	5.005403518676758
INEX_LD-2012321	<dbpedia:Fairmont_Singapore>	4.943333625793457
INEX_LD-2012321	<dbpedia:Swissôtel_The_Stamford>	4.353362083435059
INEX_LD-2012321	<dbpedia:Raffles'_Landing_Site>	4.183440208435059
INEX_LD-2012321	<dbpedia:Lee_Kong_Chian_Natural_History_Museum>	3.4483320713043213
INEX_LD-2012321	<dbpedia:Raffles_Institution_(Junior_College)>	2.981254816055298
INEX_LD-2012321	<dbpedia:History_of_Singapore>	0.5091384053230286
INEX_LD-2012321	<dbpedia:Calyptomena>	0.311842679977417
INEX_LD-2012321	<dbpedia:Tupaia_(genus)>	-4.791121482849121
INEX_LD-2012321	<dbpedia:The_Doings_of_Raffles_Haw>	-5.739790439605713
INEX_LD-2012323	<dbpedia:Thordarhyrna>	-2.283642530441284
INEX_LD-2012323	<dbpedia:Aoba_Island>	-10.086843490600586
INEX_LD-2012323	<dbpedia:Nibok_District>	-10.796186447143555
INEX_LD-2012323	<dbpedia:Public_holidays_in_Nauru>	-11.003801345825195
INEX_LD-2012323	<dbpedia:Anibare_District>	-11.014976501464844
INEX_LD-2012323	<dbpedia:Christianity_in_Malta>	-11.07799243927002
INEX_LD-2012323	<dbpedia:Economy_of_Mauritius>	-11.131246566772461
INEX_LD-2012323	<dbpedia:Anetan_District>	-11.13774585723877
INEX_LD-2012323	<dbpedia:List_of_libraries_in_Sri_Lanka>	-11.216647148132324
INEX_LD-2012323	<dbpedia:Football_in_Mali>	-11.47721004486084
INEX_LD-2012325	<dbpedia:Ephraim_Blaine>	0.7750928997993469
INEX_LD-2012325	<dbpedia:James_G._Blaine_Society>	-0.2610163986682892
INEX_LD-2012325	<dbpedia:The_Blaine_House>	-1.1702141761779785
INEX_LD-2012325	<dbpedia:James_G._Blaine_Mansion>	-1.913261890411377
INEX_LD-2012325	<dbpedia:Blaine,_Maine>	-2.312673568725586
INEX_LD-2012325	<dbpedia:Blaine,_California>	-2.3836441040039062
INEX_LD-2012325	<dbpedia:Blaine_County,_Montana>	-2.971691846847534
INEX_LD-2012325	<dbpedia:William_G._Rose>	-3.368277072906494
INEX_LD-2012325	<dbpedia:Little_Rock_and_Fort_Smith_Railroad>	-5.4560394287109375
INEX_LD-2012325	<dbpedia:Brenton_G._Yorgason>	-7.201877117156982
INEX_LD-2012327	<dbpedia:Paradise_(novel)>	2.433774948120117
INEX_LD-2012327	<dbpedia:List_of_short_stories_by_Ivan_Bunin>	-0.023619281128048897
INEX_LD-2012327	<dbpedia:Jean-Christophe>	-1.2179597616195679
INEX_LD-2012327	<dbpedia:António_Correia_de_Oliveira>	-1.5171672105789185
INEX_LD-2012327	<dbpedia:The_Haw_Lantern>	-2.493655204772949
INEX_LD-2012327	<dbpedia:The_Fish_Can_Sing>	-3.0565335750579834
INEX_LD-2012327	<dbpedia:Growth_of_the_Soil>	-3.091135025024414
INEX_LD-2012327	<dbpedia:The_Atom_Station>	-3.4241509437561035
INEX_LD-2012327	<dbpedia:Humboldt's_Gift>	-3.574434995651245
INEX_LD-2012327	<dbpedia:Heinrich_Böll>	-3.577190637588501
INEX_LD-2012329	<dbpedia:Swedish_krona>	3.6726441383361816
INEX_LD-2012329	<dbpedia:Monetary_policy_of_Sweden>	-0.5535898208618164
INEX_LD-2012329	<dbpedia:Internet_in_Sweden>	-1.3794212341308594
INEX_LD-2012329	<dbpedia:Norwegian_rigsdaler>	-1.6859914064407349
INEX_LD-2012329	<dbpedia:Minister_of_Statistics_Iceland>	-3.640108346939087
INEX_LD-2012329	<dbpedia:Björg>	-4.92637300491333
INEX_LD-2012329	<dbpedia:A_Couple_of_Days_in_Larsville>	-8.232034683227539
INEX_LD-2012329	<dbpedia:Sagina_subulata>	-8.79160213470459
INEX_LD-2012329	<dbpedia:圓>	-9.656007766723633
INEX_LD-2012329	<dbpedia:Currency_pair>	-10.788784980773926
INEX_LD-2012331	<dbpedia:Miao_people>	-3.5126047134399414
INEX_LD-2012331	<dbpedia:UNIQ_discography>	-3.9598240852355957
INEX_LD-2012331	<dbpedia:Lahu_people>	-4.242892265319824
INEX_LD-2012331	<dbpedia:Namtaeryeong_Station>	-4.55854606628418
INEX_LD-2012331	<dbpedia:Seoul_Convention_Bureau>	-6.808338642120361
INEX_LD-2012331	<dbpedia:National_Assembly_Station>	-7.036542892456055
INEX_LD-2012331	<dbpedia:Seoul_Open>	-7.511662483215332
INEX_LD-2012331	<dbpedia:Ethnonym>	-8.420313835144043
INEX_LD-2012331	<dbpedia:List_of_Jewish_ethnonyms>	-8.498385429382324
INEX_LD-2012331	<dbpedia:1954_FIFA_World_Cup_qualification_(AFC_–_Group_13)>	-9.187994956970215
INEX_LD-2012333	<dbpedia:Romuald-Charlemagne_Laurier>	2.1023383140563965
INEX_LD-2012333	<dbpedia:Laurier_Avenue>	-0.035665616393089294
INEX_LD-2012333	<dbpedia:Sir_Wilfrid_Laurier_Collegiate_Institute>	-0.16004380583763123
INEX_LD-2012333	<dbpedia:Wilfrid_Laurier_University>	-0.20635229349136353
INEX_LD-2012333	<dbpedia:Laurier_House>	-0.24540917575359344
INEX_LD-2012333	<dbpedia:William_McMahon>	-1.8969676494598389
INEX_LD-2012333	<dbpedia:John_Turner>	-2.372621536254883
INEX_LD-2012333	<dbpedia:Premiership_of_Stephen_Harper>	-3.1087145805358887
INEX_LD-2012333	<dbpedia:Amir-Abbas_Hoveyda>	-5.701772212982178
INEX_LD-2012333	<dbpedia:Laurier_Heights,_Edmonton>	-6.760007858276367
INEX_LD-2012335	<dbpedia:Gold_Codes>	1.5685806274414062
INEX_LD-2012335	<dbpedia:Enduring_Stockpile>	-4.502050399780273
INEX_LD-2012335	<dbpedia:Taiwan_and_weapons_of_mass_destruction>	-6.375678062438965
INEX_LD-2012335	<dbpedia:Operation_Ivy>	-6.743974685668945
INEX_LD-2012335	<dbpedia:Stockpile_stewardship>	-6.996309280395508
INEX_LD-2012335	<dbpedia:Tactical_nuclear_weapon>	-7.822250843048096
INEX_LD-2012335	<dbpedia:Netherlands_and_weapons_of_mass_destruction>	-7.970757484436035
INEX_LD-2012335	<dbpedia:Nuclear_sharing>	-7.982844352722168
INEX_LD-2012335	<dbpedia:Nuclear_weapons_testing>	-8.74177360534668
INEX_LD-2012335	<dbpedia:De-alerting>	-9.970174789428711
INEX_LD-2012337	<dbpedia:1953_Waco_tornado_outbreak>	0.6167713403701782
INEX_LD-2012337	<dbpedia:Baylor_University_Medical_Center_(DART_station)>	-2.3155832290649414
INEX_LD-2012337	<dbpedia:The_Texas_Collection>	-2.7766036987304688
INEX_LD-2012337	<dbpedia:1953_Worcester_tornado>	-3.3987839221954346
INEX_LD-2012337	<dbpedia:1902_Goliad,_Texas_tornado>	-4.969720840454102
INEX_LD-2012337	<dbpedia:Samuel_D._Johnson,_Jr.>	-5.469928741455078
INEX_LD-2012337	<dbpedia:Young_Conservatives_of_Texas>	-5.814356327056885
INEX_LD-2012337	<dbpedia:Charles_Barrow>	-5.941335678100586
INEX_LD-2012337	<dbpedia:1987_Saragosa,_Texas_tornado>	-6.626833915710449
INEX_LD-2012337	<dbpedia:Helen_Baylor>	-8.130943298339844
INEX_LD-2012339	<dbpedia:Ohlange_High_School>	5.908638954162598
INEX_LD-2012339	<dbpedia:Statue_of_Nelson_Mandela,_Johannesburg>	0.9521018862724304
INEX_LD-2012339	<dbpedia:Mandela_Day>	-0.5636969804763794
INEX_LD-2012339	<dbpedia:Mandela_(1987_film)>	-0.7055560350418091
INEX_LD-2012339	<dbpedia:Mandela_House>	-1.0531805753707886
INEX_LD-2012339	<dbpedia:Nelson_Mandela_70th_Birthday_Tribute>	-1.975260615348816
INEX_LD-2012339	<dbpedia:Palm_World_Voices:_Mandela>	-2.0287723541259766
INEX_LD-2012339	<dbpedia:Nelson_Mandela_Metropolitan_Art_Museum>	-2.252681255340576
INEX_LD-2012339	<dbpedia:Nelson_Mandela_Challenge>	-2.2614879608154297
INEX_LD-2012339	<dbpedia:Nelson_Mandela_90th_Birthday_Tribute>	-2.623422384262085
INEX_LD-2012341	<dbpedia:Houston_International_Airport>	-1.2638455629348755
INEX_LD-2012341	<dbpedia:Houston_Municipal_Airport>	-1.3610039949417114
INEX_LD-2012341	<dbpedia:Houston_County_Airport_(Texas)>	-1.9983818531036377
INEX_LD-2012341	<dbpedia:Houston_County_Airport_(Tennessee)>	-2.466356039047241
INEX_LD-2012341	<dbpedia:1997_Houston_Astros_season>	-5.123080253601074
INEX_LD-2012341	<dbpedia:Temple_Lea_Houston>	-6.910390377044678
INEX_LD-2012341	<dbpedia:1997_WNBA_Playoffs>	-6.945868968963623
INEX_LD-2012341	<dbpedia:USS_Sam_Houston_(SSBN-609)>	-8.250556945800781
INEX_LD-2012341	<dbpedia:Kris_Banks>	-8.974862098693848
INEX_LD-2012341	<dbpedia:Joshua_Starnes>	-9.365072250366211
INEX_LD-2012345	<dbpedia:Charles_Brehm>	0.7941343784332275
INEX_LD-2012345	<dbpedia:Lee_Bowers>	0.42419955134391785
INEX_LD-2012345	<dbpedia:Phillip_Willis>	-0.9367755651473999
INEX_LD-2012345	<dbpedia:John_F._Kennedy_assassination_Dictabelt_recording>	-1.5735307931900024
INEX_LD-2012345	<dbpedia:Earle_Cabell>	-3.32820987701416
INEX_LD-2012345	<dbpedia:Michael_Paine>	-3.631803035736084
INEX_LD-2012345	<dbpedia:Attempted_assassination_of_Bernardo_Leighton>	-4.714529037475586
INEX_LD-2012345	<dbpedia:Assassination_of_John_F._Kennedy_in_popular_culture>	-6.661360263824463
INEX_LD-2012345	<dbpedia:Dale_K._Myers>	-8.659796714782715
INEX_LD-2012345	<dbpedia:Casualty_notification>	-10.289491653442383
INEX_LD-2012349	<dbpedia:Alexander_Nevsky_Cathedral,_Belgrade>	4.788540840148926
INEX_LD-2012349	<dbpedia:Alexander_Nevsky_Cathedral,_Novosibirsk>	4.5950927734375
INEX_LD-2012349	<dbpedia:Alexander_Nevsky_Cathedral,_Yalta>	4.3419880867004395
INEX_LD-2012349	<dbpedia:Alexander_Nevsky_Cathedral,_Izhevsk>	4.252324104309082
INEX_LD-2012349	<dbpedia:Alexander_Nevsky_Cathedral,_Tallinn>	3.4494802951812744
INEX_LD-2012349	<dbpedia:Alexander_Nevsky_Cathedral,_Moscow>	2.2402079105377197
INEX_LD-2012349	<dbpedia:Alexander_Nevsky_Cathedral,_Howell>	2.0328478813171387
INEX_LD-2012349	<dbpedia:Alexander_Nevsky_Cathedral,_Łódź>	1.5230566263198853
INEX_LD-2012349	<dbpedia:Cathedral_of_Saint_Vissarion_of_Smolyan>	1.314453363418579
INEX_LD-2012349	<dbpedia:Grand_Hotel_Sofia>	-0.25866812467575073
INEX_LD-2012353	<dbpedia:Languages_of_Germany>	8.754280090332031
INEX_LD-2012353	<dbpedia:Amtsbezirk>	7.707691669464111
INEX_LD-2012353	<dbpedia:German_language_in_Namibia>	4.676143646240234
INEX_LD-2012353	<dbpedia:German_studies>	1.6723744869232178
INEX_LD-2012353	<dbpedia:Der_Ostasiatische_Lloyd>	0.07380200922489166
INEX_LD-2012353	<dbpedia:German_toponymy>	-1.0405645370483398
INEX_LD-2012353	<dbpedia:Oxford_Intensive_School_of_English>	-1.3083844184875488
INEX_LD-2012353	<dbpedia:Language_Council>	-8.107929229736328
INEX_LD-2012353	<dbpedia:List_of_Portuguese-language_authors>	-8.785829544067383
INEX_LD-2012353	<dbpedia:Mutamadiyah>	-8.872328758239746
INEX_LD-2012354	<dbpedia:Ida_Presti>	7.1751203536987305
INEX_LD-2012354	<dbpedia:Kim_Thayil>	6.809430122375488
INEX_LD-2012354	<dbpedia:Glen_Buxton>	6.770254611968994
INEX_LD-2012354	<dbpedia:Bernard_Butler>	6.640767574310303
INEX_LD-2012354	<dbpedia:Joe_Pass>	5.926997184753418
INEX_LD-2012354	<dbpedia:Fredrik_Thordendal>	4.947431564331055
INEX_LD-2012354	<dbpedia:Re-Inventions:_Best_of_the_Vanguard_Years>	3.5881505012512207
INEX_LD-2012354	<dbpedia:Aerial_Boundaries>	3.462413787841797
INEX_LD-2012354	<dbpedia:Vanguard_Visionaries_(Sandy_Bull_album)>	3.3029685020446777
INEX_LD-2012354	<dbpedia:Marco_Masini>	2.5670738220214844
INEX_LD-2012355	<dbpedia:Owen_Williams_(footballer)>	1.5524858236312866
INEX_LD-2012355	<dbpedia:Odafa_Onyeka_Okolie>	1.2671188116073608
INEX_LD-2012355	<dbpedia:Attila_Kuttor>	0.39331698417663574
INEX_LD-2012355	<dbpedia:Rohit_Chand>	0.018123164772987366
INEX_LD-2012355	<dbpedia:Paulo_Rink>	-2.141555070877075
INEX_LD-2012355	<dbpedia:William_Heffelfinger>	-4.298661708831787
INEX_LD-2012355	<dbpedia:Military_Pay>	-6.02685546875
INEX_LD-2012355	<dbpedia:Ezra_Kendall>	-6.7218403816223145
INEX_LD-2012355	<dbpedia:List_of_most_expensive_books>	-10.255684852600098
INEX_LD-2012355	<dbpedia:List_of_most_expensive_sculptures>	-10.403955459594727
INEX_LD-2012357	<dbpedia:Altynai_Asylmuratova>	3.5198264122009277
INEX_LD-2012357	<dbpedia:Svetlana_Zakharova_(dancer)>	3.3153085708618164
INEX_LD-2012357	<dbpedia:Yekaterina_Shipulina>	2.4318418502807617
INEX_LD-2012357	<dbpedia:Alessandra_Ferri>	2.217250347137451
INEX_LD-2012357	<dbpedia:Natalia_Bessmertnova>	2.1029093265533447
INEX_LD-2012357	<dbpedia:Nina_Kaptsova>	1.8345493078231812
INEX_LD-2012357	<dbpedia:Mia_Slavenska>	0.39627987146377563
INEX_LD-2012357	<dbpedia:Gilda_Gelati>	-0.0030027832835912704
INEX_LD-2012357	<dbpedia:Valda_Valkyrien>	-2.6631388664245605
INEX_LD-2012357	<dbpedia:List_of_prima_ballerinas>	-2.988440990447998
INEX_LD-2012359	<dbpedia:Bob_Ricker>	4.556779384613037
INEX_LD-2012359	<dbpedia:Bob_Hall_(American_political_journalist)>	-4.243971347808838
INEX_LD-2012359	<dbpedia:Bob_Agee>	-7.481698036193848
INEX_LD-2012359	<dbpedia:Dorothy_Ehrlich>	-8.331446647644043
INEX_LD-2012359	<dbpedia:Land_Tawney>	-8.709126472473145
INEX_LD-2012359	<dbpedia:Danny_Evron>	-9.318719863891602
INEX_LD-2012359	<dbpedia:Filiz_Odabas-Geldiay>	-9.404244422912598
INEX_LD-2012359	<dbpedia:John_Currie_(athletic_director)>	-9.484676361083984
INEX_LD-2012359	<dbpedia:United_Nations_Office_of_Administration_of_Justice_(OAJ)>	-9.954771041870117
INEX_LD-2012359	<dbpedia:Malik_Muhammad_Asif>	-10.834612846374512
INEX_LD-2012361	<dbpedia:Roshan_Pilapitiya>	7.874259948730469
INEX_LD-2012361	<dbpedia:James_Millar_(Australian_actor)>	5.339727878570557
INEX_LD-2012361	<dbpedia:Nathaniel_Dean>	3.2390339374542236
INEX_LD-2012361	<dbpedia:Karnail_Singh_Paras>	2.6939971446990967
INEX_LD-2012361	<dbpedia:Juan_Escobedo>	2.5193583965301514
INEX_LD-2012361	<dbpedia:Anmol_Malik>	1.8748304843902588
INEX_LD-2012361	<dbpedia:Levi_Kreis>	1.0467684268951416
INEX_LD-2012361	<dbpedia:Bruce_Greer>	-0.49920910596847534
INEX_LD-2012361	<dbpedia:Dos_Historias>	-4.2850117683410645
INEX_LD-2012361	<dbpedia:Bill_Wynne>	-5.556701183319092
INEX_LD-2012365	<dbpedia:Margaret_MacVicar>	2.3535220623016357
INEX_LD-2012365	<dbpedia:Silvio_Micali>	-3.1325907707214355
INEX_LD-2012365	<dbpedia:Jit_Bose>	-4.118802070617676
INEX_LD-2012365	<dbpedia:Peter_Ružička>	-4.3943867683410645
INEX_LD-2012365	<dbpedia:János_Pach>	-4.526303768157959
INEX_LD-2012365	<dbpedia:Toniann_Pitassi>	-4.814950466156006
INEX_LD-2012365	<dbpedia:David_Hedgley>	-4.922386169433594
INEX_LD-2012365	<dbpedia:Ian_Cullimore>	-5.522453308105469
INEX_LD-2012365	<dbpedia:Matthew_Cook>	-6.748272895812988
INEX_LD-2012365	<dbpedia:Takao_Nishizeki>	-7.041797637939453
INEX_LD-2012367	<dbpedia:Telescope>	8.45665168762207
INEX_LD-2012367	<dbpedia:Newtonian_telescope>	7.733914852142334
INEX_LD-2012367	<dbpedia:Ritchey–Chrétien_telescope>	6.244279861450195
INEX_LD-2012367	<dbpedia:Graphic_telescope>	5.807743549346924
INEX_LD-2012367	<dbpedia:Reflecting_telescope>	5.481304168701172
INEX_LD-2012367	<dbpedia:Wootton,_Kent>	5.231327533721924
INEX_LD-2012367	<dbpedia:Celatone>	1.6011337041854858
INEX_LD-2012367	<dbpedia:Hexapod-Telescope>	-0.4511506259441376
INEX_LD-2012367	<dbpedia:Schmidt–Newton_telescope>	-0.590279221534729
INEX_LD-2012367	<dbpedia:Achromatic_telescope>	-2.296726703643799
INEX_LD-2012369	<dbpedia:List_of_airports_in_Virginia>	-3.128810167312622
INEX_LD-2012369	<dbpedia:Civic-military_dictatorship_of_Uruguay>	-3.934833526611328
INEX_LD-2012369	<dbpedia:Uruguayan_general_election,_1984>	-8.606090545654297
INEX_LD-2012369	<dbpedia:List_of_airports_in_Canada>	-9.81068229675293
INEX_LD-2012369	<dbpedia:List_of_airports_in_China_(disambiguation)>	-10.496061325073242
INEX_LD-2012369	<dbpedia:Stray_animals_at_Indian_airports>	-10.682053565979004
INEX_LD-2012369	<dbpedia:List_of_airports_in_the_Caribbean>	-10.753461837768555
INEX_LD-2012369	<dbpedia:List_of_airports_in_Michigan's_Upper_Peninsula>	-10.761685371398926
INEX_LD-2012369	<dbpedia:List_of_airports_in_Congo>	-10.770816802978516
INEX_LD-2012369	<dbpedia:List_of_airports_in_Georgia>	-11.02676773071289
INEX_LD-2012371	<dbpedia:Huế_Railway_Station>	4.395782470703125
INEX_LD-2012371	<dbpedia:Białystok_railway_station>	1.3647780418395996
INEX_LD-2012371	<dbpedia:Hazrat_Nizamuddin_railway_station>	-0.3000103235244751
INEX_LD-2012371	<dbpedia:Kharkiv_Railway_station>	-0.5586603879928589
INEX_LD-2012371	<dbpedia:Tel_Aviv_HaShalom_Railway_Station>	-1.3552193641662598
INEX_LD-2012371	<dbpedia:Thomas_Arboe>	-1.9428305625915527
INEX_LD-2012371	<dbpedia:List_of_closed_railway_stations_in_the_West_Midlands>	-3.591357707977295
INEX_LD-2012371	<dbpedia:List_of_railway_stations_in_North_Rhine-Westphalia>	-4.0791473388671875
INEX_LD-2012371	<dbpedia:UK_railway_stations>	-6.1262288093566895
INEX_LD-2012371	<dbpedia:List_of_cities_with_the_most_skyscrapers>	-9.418115615844727
INEX_LD-2012372	<dbpedia:Diaoyu_Fortress>	1.7571399211883545
INEX_LD-2012372	<dbpedia:Battle_of_Doberdò>	0.8388535976409912
INEX_LD-2012372	<dbpedia:Line_of_Fire_(2002_TV_series)>	-0.5247305631637573
INEX_LD-2012372	<dbpedia:James_Sewall_Reed>	-1.6328470706939697
INEX_LD-2012372	<dbpedia:U.S._Route_140>	-3.1490495204925537
INEX_LD-2012372	<dbpedia:Ecuadorian_Civil_War>	-4.139190673828125
INEX_LD-2012372	<dbpedia:Nandanar_(author)>	-5.725318431854248
INEX_LD-2012372	<dbpedia:Fazliddin_Gaibnazarov>	-8.619552612304688
INEX_LD-2012372	<dbpedia:List_of_historical_period_drama_films>	-9.964417457580566
INEX_LD-2012372	<dbpedia:Historical_period_drama_films_set_in_Asia>	-10.145387649536133
INEX_LD-2012373	<dbpedia:List_of_North_American_hummingbirds>	4.5075249671936035
INEX_LD-2012373	<dbpedia:Alsophila_(moth)>	-0.9399926662445068
INEX_LD-2012373	<dbpedia:South_Island_giant_moa>	-1.6739205121994019
INEX_LD-2012373	<dbpedia:Tropical_Birdland,_Leicestershire>	-2.5713419914245605
INEX_LD-2012373	<dbpedia:Bat-fowling>	-3.3980772495269775
INEX_LD-2012373	<dbpedia:Fly_honeysuckle>	-8.276573181152344
INEX_LD-2012373	<dbpedia:Muddler_Minnow>	-9.26626968383789
INEX_LD-2012373	<dbpedia:Scientific_Anglers>	-9.728510856628418
INEX_LD-2012373	<dbpedia:Fly_captain>	-10.17329216003418
INEX_LD-2012373	<dbpedia:Structural_abuse>	-10.605561256408691
INEX_LD-2012377	<dbpedia:The_Will_of_Peter_the_Great>	-0.0612419955432415
INEX_LD-2012377	<dbpedia:World_War_I_reenactment>	-2.492630958557129
INEX_LD-2012377	<dbpedia:Lists_of_World_War_I_topics>	-2.6532344818115234
INEX_LD-2012377	<dbpedia:Indian_Army_during_World_War_I_order_of_battle>	-5.204230308532715
INEX_LD-2012377	<dbpedia:Russia_in_World_War_one>	-6.341841697692871
INEX_LD-2012377	<dbpedia:The_Great_Murder>	-6.341841697692871
INEX_LD-2012377	<dbpedia:The_Role_of_Geography_in_World_War_I>	-6.341841697692871
INEX_LD-2012377	<dbpedia:Role_of_Geography_in_World_War_I>	-6.341841697692871
INEX_LD-2012377	<dbpedia:Polish_I_Corps>	-6.6018385887146
INEX_LD-2012377	<dbpedia:Polish_1st_Corps_in_the_East>	-7.282872200012207
INEX_LD-2012381	<dbpedia:Vijaya_Bapineedu>	7.7265625
INEX_LD-2012381	<dbpedia:Yejamana>	5.383696556091309
INEX_LD-2012381	<dbpedia:CBI_(film_series)>	5.134085655212402
INEX_LD-2012381	<dbpedia:Kaneez_(1965_film)>	5.078457355499268
INEX_LD-2012381	<dbpedia:Kaakki_Sattai>	4.567449569702148
INEX_LD-2012381	<dbpedia:Mostafa_Zamani>	-2.466489553451538
INEX_LD-2012381	<dbpedia:Seyyed_Hossein_Jafari>	-2.5758845806121826
INEX_LD-2012381	<dbpedia:Yaara_Dildara>	-5.347726345062256
INEX_LD-2012381	<dbpedia:Welcome_to_the_Quiet_Room>	-5.987956523895264
INEX_LD-2012381	<dbpedia:Kasam_(1993_film)>	-7.345576763153076
INEX_LD-2012383	<dbpedia:Li_Huatian>	0.654830276966095
INEX_LD-2012383	<dbpedia:List_of_New_Zealand_scientists>	-2.646998882293701
INEX_LD-2012383	<dbpedia:Timothy_C._Lethbridge>	-3.3783111572265625
INEX_LD-2012383	<dbpedia:Computer_scientist>	-4.144035339355469
INEX_LD-2012383	<dbpedia:Sarah_Gordon>	-4.324533939361572
INEX_LD-2012383	<dbpedia:Academic_genealogy_of_computer_scientists>	-5.25749397277832
INEX_LD-2012383	<dbpedia:List_of_Russian_IT_developers>	-6.036976337432861
INEX_LD-2012383	<dbpedia:Cepstral_(company)>	-7.850985050201416
INEX_LD-2012383	<dbpedia:List_of_soil_scientists>	-9.30984115600586
INEX_LD-2012383	<dbpedia:Google_CodeF>	-10.143884658813477
INEX_LD-2012385	<dbpedia:World_Esperantist_Vegetarian_Association>	-4.430315971374512
INEX_LD-2012385	<dbpedia:List_of_centenarians_(politicians_and_government_servants)>	-5.469256401062012
INEX_LD-2012385	<dbpedia:Guy_Bedos>	-6.0567626953125
INEX_LD-2012385	<dbpedia:Vegetarian_Creek>	-6.8407135009765625
INEX_LD-2012385	<dbpedia:List_of_Italian_Christian_Democracy_politicians>	-6.999861717224121
INEX_LD-2012385	<dbpedia:List_of_Jews_in_politics>	-7.826537132263184
INEX_LD-2012385	<dbpedia:List_of_Italian_politicians>	-8.661905288696289
INEX_LD-2012385	<dbpedia:List_of_Conservative_Party_politicians>	-9.199002265930176
INEX_LD-2012385	<dbpedia:Franz-Neumann-Platz_(Berlin_U-Bahn)>	-10.198310852050781
INEX_LD-2012385	<dbpedia:List_of_American_federal_politicians_convicted_of_crimes>	-10.928140640258789
INEX_LD-2012387	<dbpedia:Çetin_Dam>	4.132290363311768
INEX_LD-2012387	<dbpedia:Boondooma_Dam>	3.7024435997009277
INEX_LD-2012387	<dbpedia:Três_Irmãos_Dam>	3.1077771186828613
INEX_LD-2012387	<dbpedia:Hasdeo_Bango_Dam>	2.9227890968322754
INEX_LD-2012387	<dbpedia:Longkaikou_Dam>	1.4707962274551392
INEX_LD-2012387	<dbpedia:Kadra_Dam>	0.8631653785705566
INEX_LD-2012387	<dbpedia:Sondur_Dam>	0.6354604959487915
INEX_LD-2012387	<dbpedia:Kamthikhairy_Dam>	0.589519739151001
INEX_LD-2012387	<dbpedia:Gumti_River_(Tripura)>	0.37123528122901917
INEX_LD-2012387	<dbpedia:Salma_Dam>	0.11739318817853928
INEX_LD-2012389	<dbpedia:Prickly_shark>	-2.7179434299468994
INEX_LD-2012389	<dbpedia:Wobbegong>	-2.7546517848968506
INEX_LD-2012389	<dbpedia:Orectolobus>	-3.1276636123657227
INEX_LD-2012389	<dbpedia:Admiralty_Gulf>	-4.270233154296875
INEX_LD-2012389	<dbpedia:Gulf_of_the_Farallones>	-7.678332328796387
INEX_LD-2012389	<dbpedia:Gujjula_Ravindra_Reddy>	-8.515938758850098
INEX_LD-2012389	<dbpedia:Indian_Ocean_Research_Group>	-8.812780380249023
INEX_LD-2012389	<dbpedia:Gringo_Trail>	-8.90870475769043
INEX_LD-2012389	<dbpedia:Gulf_of_Santa_Catalina>	-9.059654235839844
INEX_LD-2012389	<dbpedia:2010_North_Indian_Ocean_cyclone_season>	-9.880691528320312
INEX_LD-2012390	<dbpedia:Kirt_Ojala>	1.1590402126312256
INEX_LD-2012390	<dbpedia:Avelino_Asprilla>	-1.3652384281158447
INEX_LD-2012390	<dbpedia:Don_Bacon>	-1.600733757019043
INEX_LD-2012390	<dbpedia:Donna_Mills_(baseball)>	-2.277947425842285
INEX_LD-2012390	<dbpedia:Manuel_Ramírez_(baseball)>	-2.8640995025634766
INEX_LD-2012390	<dbpedia:Arquimedes_Nieto>	-3.131826400756836
INEX_LD-2012390	<dbpedia:Philip_Dale>	-3.776742458343506
INEX_LD-2012390	<dbpedia:Pablo_Ortega>	-3.9400458335876465
INEX_LD-2012390	<dbpedia:Jonatan_Isenia>	-4.465830326080322
INEX_LD-2012390	<dbpedia:Frank_Cacciatore>	-8.331557273864746
INEX_XER-106	<dbpedia:Sir_Thomas_Kyriell>	6.276810169219971
INEX_XER-106	<dbpedia:Andrew_Trollope>	5.385316848754883
INEX_XER-106	<dbpedia:John_Beaumont,_4th_Baron_Beaumont>	2.6631288528442383
INEX_XER-106	<dbpedia:Timeline_of_the_Hundred_Years'_War>	2.125582695007324
INEX_XER-106	<dbpedia:Bladestorm:_The_Hundred_Years'_War>	1.8150666952133179
INEX_XER-106	<dbpedia:Armagnac_(party)>	1.6984741687774658
INEX_XER-106	<dbpedia:Pierre_d'Orgemont>	1.104454755783081
INEX_XER-106	<dbpedia:Battle_of_Formigny>	-0.3763863444328308
INEX_XER-106	<dbpedia:Battle_of_Arnemuiden>	-0.9805176258087158
INEX_XER-106	<dbpedia:1339_in_Italy>	-3.5872039794921875
INEX_XER-108	<dbpedia:List_of_U.S._states'_largest_cities_by_population>	1.5509369373321533
INEX_XER-108	<dbpedia:Embassy_of_the_United_States,_Tel_Aviv>	-0.5448602437973022
INEX_XER-108	<dbpedia:Embassy_of_the_United_States,_Beijing>	-0.6058807373046875
INEX_XER-108	<dbpedia:Embassy_of_the_United_States,_Ottawa>	-1.3409438133239746
INEX_XER-108	<dbpedia:Embassy_of_the_United_States,_Tehran>	-1.964975118637085
INEX_XER-108	<dbpedia:United_States–European_Union_relations>	-4.452103137969971
INEX_XER-108	<dbpedia:Representative_of_the_United_States_to_the_European_Office_of_the_United_Nations>	-4.559174060821533
INEX_XER-108	<dbpedia:United_States_Ambassador_to_Japan>	-4.594379425048828
INEX_XER-108	<dbpedia:United_States_Special_Envoy_to_the_Organisation_of_Islamic_Cooperation>	-7.268884658813477
INEX_XER-108	<dbpedia:List_of_Bowling_Green_State_University_alumni>	-10.2535400390625
INEX_XER-109	<dbpedia:Japan_National_Route_7>	-0.42026519775390625
INEX_XER-109	<dbpedia:Geography_of_Stockholm>	-2.4160399436950684
INEX_XER-109	<dbpedia:Capricorn_and_Bunker_Group>	-2.613844394683838
INEX_XER-109	<dbpedia:List_of_capitals_of_Myanmar>	-2.868414878845215
INEX_XER-109	<dbpedia:List_of_capitals_in_Malaysia>	-4.114719867706299
INEX_XER-109	<dbpedia:List_of_purpose-built_capitals_of_country_subdivisions>	-5.3929901123046875
INEX_XER-109	<dbpedia:List_of_capitals_in_Thailand>	-5.677179336547852
INEX_XER-109	<dbpedia:List_of_capital_cities_in_the_history_of_Vojvodina>	-6.080358982086182
INEX_XER-109	<dbpedia:List_of_Antarctic_and_subantarctic_islands>	-6.752651214599609
INEX_XER-109	<dbpedia:Indo-Corinthian_capital>	-6.908056259155273
INEX_XER-110	<dbpedia:List_of_Polish-language_poets>	7.3454132080078125
INEX_XER-110	<dbpedia:Polish_poetry>	5.941887378692627
INEX_XER-110	<dbpedia:António_Correia_de_Oliveira>	5.67744255065918
INEX_XER-110	<dbpedia:The_Haw_Lantern>	3.6270060539245605
INEX_XER-110	<dbpedia:Growth_of_the_Soil>	0.25907543301582336
INEX_XER-110	<dbpedia:The_Fish_Can_Sing>	-0.2492937594652176
INEX_XER-110	<dbpedia:Jean-Christophe>	-0.40248215198516846
INEX_XER-110	<dbpedia:Disgrace>	-1.0124167203903198
INEX_XER-110	<dbpedia:List_of_Nordic_Council's_Literature_Prize_winners_and_nominees>	-1.1635688543319702
INEX_XER-110	<dbpedia:Humboldt's_Gift>	-1.6361453533172607
INEX_XER-113	<dbpedia:2005_Monaco_Grand_Prix>	9.51933765411377
INEX_XER-113	<dbpedia:2000_Monaco_Grand_Prix>	9.447683334350586
INEX_XER-113	<dbpedia:1976_Monaco_Grand_Prix>	9.413177490234375
INEX_XER-113	<dbpedia:2010_Monaco_Grand_Prix>	8.749320983886719
INEX_XER-113	<dbpedia:2012_Monaco_Grand_Prix>	7.843987941741943
INEX_XER-113	<dbpedia:1962_Monaco_Grand_Prix>	6.092707633972168
INEX_XER-113	<dbpedia:1960_Monaco_Grand_Prix>	6.0199174880981445
INEX_XER-113	<dbpedia:1993_Monaco_Grand_Prix>	5.79010009765625
INEX_XER-113	<dbpedia:1989_Monaco_Grand_Prix>	5.668423652648926
INEX_XER-113	<dbpedia:Monaco_Grand_Prix_(video_game)>	5.108345985412598
INEX_XER-114	<dbpedia:2009_Formula_BMW_Europe_season>	7.446763038635254
INEX_XER-114	<dbpedia:2009_Porsche_Supercup_season>	6.434816837310791
INEX_XER-114	<dbpedia:2008_Porsche_Supercup_season>	5.937684059143066
INEX_XER-114	<dbpedia:2007_Porsche_Supercup_season>	5.934814453125
INEX_XER-114	<dbpedia:2002_Porsche_Supercup_season>	5.928831577301025
INEX_XER-114	<dbpedia:2003_Porsche_Supercup_season>	5.892733573913574
INEX_XER-114	<dbpedia:Italian_Formula_Renault_Championship>	5.656795501708984
INEX_XER-114	<dbpedia:Cornwall_MRC_Formula_1_Race>	4.568903923034668
INEX_XER-114	<dbpedia:Bernhard_Auinger>	1.3932006359100342
INEX_XER-114	<dbpedia:SCCA_Formula_Super_Vee>	0.6757711172103882
INEX_XER-115	<dbpedia:List_of_Formula_One_World_Constructors'_Champions>	8.836764335632324
INEX_XER-115	<dbpedia:2010_Formula_One_season>	7.328865051269531
INEX_XER-115	<dbpedia:1992_Formula_One_season>	6.958381652832031
INEX_XER-115	<dbpedia:Onyx_Grand_Prix>	6.559234619140625
INEX_XER-115	<dbpedia:Mercedes_MGP_W02>	6.516063213348389
INEX_XER-115	<dbpedia:2001_Formula_One_season>	6.4816999435424805
INEX_XER-115	<dbpedia:2017_Formula_One_season>	6.441095352172852
INEX_XER-115	<dbpedia:List_of_Formula_One_World_Constructors'_Championship_runners-up>	5.866633415222168
INEX_XER-115	<dbpedia:List_of_Formula_One_World_Championship_points_scoring_systems>	5.070853233337402
INEX_XER-115	<dbpedia:Brabham>	4.3343825340271
INEX_XER-116	<dbpedia:ENI_award>	7.173761367797852
INEX_XER-116	<dbpedia:Davide_Monteleone>	1.0585722923278809
INEX_XER-116	<dbpedia:Telegatto>	0.6248716711997986
INEX_XER-116	<dbpedia:Italian_Online_Movie_Awards_2004>	-2.0269665718078613
INEX_XER-116	<dbpedia:Italian_Online_Movie_Awards_2005>	-2.516953468322754
INEX_XER-116	<dbpedia:Clemens_Kuby>	-6.028570175170898
INEX_XER-116	<dbpedia:List_of_Nordic_Council's_Literature_Prize_winners_and_nominees>	-7.273647308349609
INEX_XER-116	<dbpedia:Best_Swedish_Crime_Novel_Award>	-8.990241050720215
INEX_XER-116	<dbpedia:Prix_Godecharle>	-9.087699890136719
INEX_XER-116	<dbpedia:O'Duffy_Cup>	-10.586136817932129
INEX_XER-117	<dbpedia:Murphy_Dunne>	7.941485404968262
INEX_XER-117	<dbpedia:Red,_White_&_Blues>	1.5674707889556885
INEX_XER-117	<dbpedia:Blues_Brothers_and_Friends:_Live_from_Chicago's_House_of_Blues>	1.5473309755325317
INEX_XER-117	<dbpedia:Best_of_The_Blues_Brothers>	1.394606590270996
INEX_XER-117	<dbpedia:Charles_Levin_(actor)>	-0.6846577525138855
INEX_XER-117	<dbpedia:The_Blues_Brothers_Band_Live_in_Montreux>	-0.9383617639541626
INEX_XER-117	<dbpedia:P.F._Pithawala>	-3.666809320449829
INEX_XER-117	<dbpedia:Randy_Mixer>	-4.343657970428467
INEX_XER-117	<dbpedia:Jason_Ross_(actor)>	-5.656921863555908
INEX_XER-117	<dbpedia:Los_Trotamúsicos>	-6.431301116943359
INEX_XER-118	<dbpedia:Hotchkiss_Anjou>	-0.7222915291786194
INEX_XER-118	<dbpedia:Citroën_concept_cars>	-1.1691763401031494
INEX_XER-118	<dbpedia:Minialuxe>	-1.3666795492172241
INEX_XER-118	<dbpedia:Peugeot_208>	-2.3992934226989746
INEX_XER-118	<dbpedia:Renault_Laguna>	-3.759479522705078
INEX_XER-118	<dbpedia:Renault_Eolab>	-4.17867374420166
INEX_XER-118	<dbpedia:James_Bond_Car_Collection>	-4.906299591064453
INEX_XER-118	<dbpedia:List_of_car_models_commercialized_in_Argentina>	-9.978765487670898
INEX_XER-118	<dbpedia:Egy-Tech_Engineering>	-10.414023399353027
INEX_XER-118	<dbpedia:Pragoti>	-10.445024490356445
INEX_XER-119	<dbpedia:Cantons_of_Switzerland>	6.2402663230896
INEX_XER-119	<dbpedia:Herzbaracke>	4.053681373596191
INEX_XER-119	<dbpedia:Fédération_des_Entreprises_Romandes_Genève>	2.7950613498687744
INEX_XER-119	<dbpedia:Büsingen_am_Hochrhein>	1.1485507488250732
INEX_XER-119	<dbpedia:Subdivisions_of_Switzerland>	0.9116091132164001
INEX_XER-119	<dbpedia:Jona_(river)>	-1.5060464143753052
INEX_XER-119	<dbpedia:Buechberg>	-2.8804450035095215
INEX_XER-119	<dbpedia:Melchior_Lussy>	-3.1689882278442383
INEX_XER-119	<dbpedia:Schiberg>	-3.3612117767333984
INEX_XER-119	<dbpedia:Swiss_University_Conference>	-3.5152339935302734
INEX_XER-121	<dbpedia:Capital_Press_Club>	-3.898918867111206
INEX_XER-121	<dbpedia:Hungarian_Sportspeople_of_the_Year>	-5.326478958129883
INEX_XER-121	<dbpedia:List_of_presidents_of_the_Constitutional_Court_of_Turkey>	-5.874843597412109
INEX_XER-121	<dbpedia:List_of_Northwestern_University_presidents>	-6.626237869262695
INEX_XER-121	<dbpedia:List_of_heads_of_state_of_Panama>	-7.493999481201172
INEX_XER-121	<dbpedia:Pam_Marshall>	-8.24040412902832
INEX_XER-121	<dbpedia:Board_of_Fortifications>	-8.942798614501953
INEX_XER-121	<dbpedia:List_of_Cambridge_Union_Society_presidents>	-8.971559524536133
INEX_XER-121	<dbpedia:List_of_University_of_New_Mexico_presidents>	-9.93978500366211
INEX_XER-121	<dbpedia:List_of_presidents_of_Virginia_Commonwealth_University>	-10.684459686279297
INEX_XER-122	<dbpedia:Michael_Semanick>	0.6748290061950684
INEX_XER-122	<dbpedia:American_Film_Institute_Awards_2004>	0.21588830649852753
INEX_XER-122	<dbpedia:American_Film_Institute_Awards_2003>	0.13653995096683502
INEX_XER-122	<dbpedia:American_Film_Institute_Awards_2002>	0.06285631656646729
INEX_XER-122	<dbpedia:American_Film_Institute_Awards_2000>	-0.03299439698457718
INEX_XER-122	<dbpedia:List_of_African_film_awards>	-0.14744380116462708
INEX_XER-122	<dbpedia:List_of_Polish_Academy_Award_winners_and_nominees>	-0.2358400821685791
INEX_XER-122	<dbpedia:American_Film_Institute_Awards_2006>	-2.086089849472046
INEX_XER-122	<dbpedia:Mildred_Okwo>	-2.208129644393921
INEX_XER-122	<dbpedia:2014_Nollywood_Movies_Awards>	-4.736547946929932
INEX_XER-123	<dbpedia:1974_FIFA_World_Cup_Final>	6.962339878082275
INEX_XER-123	<dbpedia:1986_FIFA_World_Cup_qualification_(UEFA–OFC_play-off)>	4.241999626159668
INEX_XER-123	<dbpedia:2002_FIFA_World_Cup_qualification_(CONMEBOL–OFC_play-off)>	4.020198822021484
INEX_XER-123	<dbpedia:1994_FIFA_World_Cup_qualification_(CONCACAF–OFC_play-off)>	3.6730382442474365
INEX_XER-123	<dbpedia:Israeli_25th_Anniversary_Cup>	3.4804468154907227
INEX_XER-123	<dbpedia:Björn_Nordqvist>	1.78708815574646
INEX_XER-123	<dbpedia:France_women's_national_under-17_football_team>	-1.3182779550552368
INEX_XER-123	<dbpedia:Futsal_Confederations_Cup>	-2.1351048946380615
INEX_XER-123	<dbpedia:Drew_Neilson>	-4.130498886108398
INEX_XER-123	<dbpedia:Iceland_women's_national_football_team>	-6.293120861053467
INEX_XER-124	<dbpedia:Man_Booker_Prize>	8.106672286987305
INEX_XER-124	<dbpedia:Heat_and_Dust>	8.10477066040039
INEX_XER-124	<dbpedia:The_Sea,_the_Sea>	7.672311782836914
INEX_XER-124	<dbpedia:Flaubert's_Parrot>	7.276942253112793
INEX_XER-124	<dbpedia:Keri_Hulme>	7.0595011711120605
INEX_XER-124	<dbpedia:Lost_Man_Booker_Prize>	7.023239612579346
INEX_XER-124	<dbpedia:Peter_Carey_(novelist)>	6.627620220184326
INEX_XER-124	<dbpedia:The_Big_Chapel>	6.450129508972168
INEX_XER-124	<dbpedia:A_Month_in_the_Country_(novel)>	6.1488447189331055
INEX_XER-124	<dbpedia:James_Kelman>	5.965601444244385
INEX_XER-127	<dbpedia:Carola_Veit>	5.463876247406006
INEX_XER-127	<dbpedia:Mola_Adebisi>	-1.6870896816253662
INEX_XER-127	<dbpedia:List_of_female_lieutenant_governors_in_the_United_States>	-2.494635581970215
INEX_XER-127	<dbpedia:Wolfgang_Burandt>	-6.978176593780518
INEX_XER-127	<dbpedia:List_of_Italian_politicians>	-7.069077491760254
INEX_XER-127	<dbpedia:Familie_Dr._Kleist>	-7.75193452835083
INEX_XER-127	<dbpedia:Peter_Roehr>	-8.429117202758789
INEX_XER-127	<dbpedia:Kasper_Kisum>	-9.50692081451416
INEX_XER-127	<dbpedia:Apollo_3_(band)>	-9.615255355834961
INEX_XER-127	<dbpedia:Valea_Agrișului_River>	-10.971604347229004
